# RD|Action Code|State Code|County Code|Site ID|Parameter|POC|Sample Duration|Unit|Method|Date|Start Time|Sample Value|Null Data Code|Sampling Frequency|Monitor Protocol (MP) ID|Qualifier - 1|Qualifier - 2|Qualifier - 3|Qualifier - 4|Qualifier - 5|Qualifier - 6|Qualifier - 7|Qualifier - 8|Qualifier - 9|Qualifier - 10|Alternate Method Detectable Limit|Uncertainty
# RC|Action Code|State Code|County Code|Site ID|Parameter|POC|Unit|Method|Year|Period|Number of Samples|Composite Type|Sample Value|Monitor Protocol (MP) ID|Qualifier - 1|Qualifier - 2|Qualifier - 3|Qualifier - 4|Qualifier - 5|Qualifier - 6|Qualifier - 7|Qualifier - 8|Qualifier - 9|Qualifier - 10|Alternate Method Detectable Limit|Uncertainty
RD|I|40|001|9009|88103|1|7|105|800|20200101|00:00|0.00056||||||||||||||.00022|.0002
RD|I|40|001|9009|88103|1|7|105|800|20200104|00:00|0.00004||||||||||||||.00022|.00013
RD|I|40|001|9009|88103|1|7|105|800|20200107|00:00|0.00000||||||||||||||.00022|.00014
RD|I|40|001|9009|88103|1|7|105|800|20200110|00:00|0.00000||||||||||||||.00022|.00013
RD|I|40|001|9009|88103|1|7|105|800|20200113|00:00|0.00018||||||||||||||.00022|.00014
RD|I|40|001|9009|88103|1|7|105|800|20200116|00:00|0.00000||||||||||||||.00022|.00013
RD|I|40|001|9009|88103|1|7|105|800|20200119|00:00|0.00000||||||||||||||.00022|.00013
RD|I|40|001|9009|88103|1|7|105|800|20200122|00:00|0.00000||||||||||||||.00022|.00014
RD|I|40|001|9009|88103|1|7|105|800|20200125|00:00|0.00000||||||||||||||.00022|.00013
RD|I|40|001|9009|88103|1|7|105|800|20200128|00:00|0.00000||||||||||||||.00023|.00014
RD|I|40|001|9009|88103|1|7|105|800|20200131|00:00|0.00000||||||||||||||.00022|.00013
RD|I|40|001|9009|88103|1|7|105|800|20200203|00:00|0.00000||||||||||||||.00024|.00014
RD|I|40|001|9009|88103|1|7|105|800|20200206|00:00|0.00000||||||||||||||.00024|.00014
RD|I|40|001|9009|88103|1|7|105|800|20200209|00:00|0.00000||||||||||||||.00022|.00014
RD|I|40|001|9009|88103|1|7|105|800|20200212|00:00|0.00000||||||||||||||.00022|.00013
RD|I|40|001|9009|88103|1|7|105|800|20200215|00:00|0.00014||||||||||||||.00022|.00014
RD|I|40|001|9009|88103|1|7|105|800|20200218|00:00|0.00000||||||||||||||.00022|.00013
RD|I|40|001|9009|88103|1|7|105|800|20200221|00:00|0.00035||||||||||||||.00022|.00016
RD|I|40|001|9009|88103|1|7|105|800|20200224|00:00|0.00000||||||||||||||.00022|.00013
RD|I|40|001|9009|88103|1|7|105|800|20200227|00:00|0.00027||||||||||||||.00022|.00015
RD|I|40|001|9009|88103|1|7|105|800|20200301|00:00|0.00014||||||||||||||.00022|.00014
RD|I|40|001|9009|88103|1|7|105|800|20200304|00:00|0.00030||||||||||||||.00022|.00015
RD|I|40|001|9009|88103|1|7|105|800|20200307|00:00|0.00006||||||||||||||.00023|.00014
RD|I|40|001|9009|88103|1|7|105|800|20200310|00:00|0.00000||||||||||||||.00022|.00013
RD|I|40|001|9009|88103|1|7|105|800|20200313|00:00|0.00000||||||||||||||.00022|.00013
RD|I|40|001|9009|88103|1|7|105|800|20200316|00:00|0.00000||||||||||||||.00022|.00013
RD|I|40|001|9009|88103|1|7|105|800|20200319|00:00|0.00000||||||||||||||.00022|.00013
RD|I|40|001|9009|88103|1|7|105|800|20200322|00:00|0.00000||||||||||||||.00022|.00013
RD|I|40|001|9009|88103|1|7|105|800|20200325|00:00|0.00005||||||||||||||.00022|.00013
RD|I|40|001|9009|88103|1|7|105|800|20200328|00:00|0.00000||||||||||||||.00022|.00013
RD|I|40|001|9009|88103|1|7|105|800|20200331|00:00|0.00000||||||||||||||.00022|.00014
RD|I|40|001|9009|88103|1|7|105|800|20200403|00:00|0.00000||||||||||||||.00022|.00013
RD|I|40|001|9009|88103|1|7|105|800|20200406|00:00|0.00024||||||||||||||.00022|.00014
RD|I|40|001|9009|88103|1|7|105|800|20200409|00:00||AF||||||||||||||
RD|I|40|001|9009|88103|1|7|105|800|20200412|00:00||AF||||||||||||||
RD|I|40|001|9009|88103|1|7|105|800|20200415|00:00||AF||||||||||||||
RD|I|40|001|9009|88103|1|7|105|800|20200418|00:00||AF||||||||||||||
RD|I|40|001|9009|88103|1|7|105|800|20200421|00:00||AF||||||||||||||
RD|I|40|001|9009|88103|1|7|105|800|20200424|00:00||AF||||||||||||||
RD|I|40|001|9009|88103|1|7|105|800|20200427|00:00||AF||||||||||||||
RD|I|40|001|9009|88103|1|7|105|800|20200430|00:00||AF||||||||||||||
RD|I|40|001|9009|88103|1|7|105|800|20200503|00:00||AF||||||||||||||
RD|I|40|001|9009|88103|1|7|105|800|20200506|00:00||AF||||||||||||||
RD|I|40|001|9009|88103|1|7|105|800|20200509|00:00||AF||||||||||||||
RD|I|40|001|9009|88103|1|7|105|800|20200512|00:00||AF||||||||||||||
RD|I|40|001|9009|88103|1|7|105|800|20200515|00:00||AF||||||||||||||
RD|I|40|001|9009|88103|1|7|105|800|20200518|00:00||AF||||||||||||||
RD|I|40|001|9009|88103|1|7|105|800|20200521|00:00||AF||||||||||||||
RD|I|40|001|9009|88103|1|7|105|800|20200524|00:00||AF||||||||||||||
RD|I|40|001|9009|88103|1|7|105|800|20200527|00:00||AF||||||||||||||
RD|I|40|001|9009|88103|1|7|105|800|20200530|00:00||AF||||||||||||||
RD|I|40|001|9009|88103|1|7|105|800|20200602|00:00||AF||||||||||||||
RD|I|40|001|9009|88103|1|7|105|800|20200605|00:00|0.00000||||||||||||||.00021|.00013
RD|I|40|001|9009|88103|1|7|105|800|20200608|00:00|0.00017||||||||||||||.00021|.00014
RD|I|40|001|9009|88103|1|7|105|800|20200611|00:00|0.00000||||||||||||||.00021|.00013
RD|I|40|001|9009|88103|1|7|105|800|20200614|00:00|0.00000||||||||||||||.00021|.00013
RD|I|40|001|9009|88103|1|7|105|800|20200617|00:00|0.00051||||||||||||||.00021|.00018
RD|I|40|001|9009|88103|1|7|105|800|20200620|00:00|0.00030||||||||||||||.00022|.00015
RD|I|40|001|9009|88103|1|7|105|800|20200623|00:00|0.00013||||||||||||||.00021|.00013
RD|I|40|001|9009|88103|1|7|105|800|20200626|00:00|0.00028||||||||||||||.00021|.00015
RD|I|40|001|9009|88103|1|7|105|800|20200629|00:00|0.00012||||||||||||||.00021|.00013
RD|I|40|001|9009|88103|1|7|105|800|20200702|00:00|0.00007||||||||||||||.00022|.00013
RD|I|40|001|9009|88103|1|7|105|800|20200705|00:00|0.00004||||||||||||||.00021|.00013
RD|I|40|001|9009|88103|1|7|105|800|20200708|00:00|0.00000||||||||||||||.00021|.00013
RD|I|40|001|9009|88103|1|7|105|800|20200711|00:00|0.00000||||Y||||||||||.00024|.00015
RD|I|40|001|9009|88103|1|7|105|800|20200714|00:00|0.00000||||||||||||||.00022|.00013
RD|I|40|001|9009|88103|1|7|105|800|20200717|00:00|0.00011||||Y||||||||||.00027|.00016
RD|I|40|001|9009|88103|1|7|105|800|20200720|00:00|0.00000||||||||||||||.00023|.00014
RD|I|40|001|9009|88103|1|7|105|800|20200723|00:00|0.00000||||||||||||||.00023|.00014
RD|I|40|001|9009|88103|1|7|105|800|20200726|00:00|0.00000||||||||||||||.00023|.00014
RD|I|40|001|9009|88103|1|7|105|800|20200729|00:00|0.00010||||||||||||||.00023|.00014
RD|I|40|001|9009|88103|1|7|105|800|20200801|00:00|0.00035||||||||||||||.00023|.00016
RD|I|40|001|9009|88103|1|7|105|800|20200804|00:00|0.00033||||||||||||||.00023|.00016
RD|I|40|001|9009|88103|1|7|105|800|20200807|00:00|0.00013||||||||||||||.00023|.00014
RD|I|40|001|9009|88103|1|7|105|800|20200810|00:00|0.00000||||||||||||||.00023|.00014
RD|I|40|001|9009|88103|1|7|105|800|20200813|00:00|0.00000||||||||||||||.00023|.00014
RD|I|40|001|9009|88103|1|7|105|800|20200816|00:00|0.00026||||||||||||||.00023|.00015
RD|I|40|001|9009|88103|1|7|105|800|20200819|00:00|0.00025||||||||||||||.00023|.00015
RD|I|40|001|9009|88103|1|7|105|800|20200822|00:00|0.00013||||||||||||||.00023|.00014
RD|I|40|001|9009|88103|1|7|105|800|20200825|00:00|0.00049||||||||||||||.00023|.00019
RD|I|40|001|9009|88103|1|7|105|800|20200828|00:00|0.00017||||||||||||||.00023|.00014
RD|I|40|001|9009|88103|1|7|105|800|20200831|00:00|0.00000||||||||||||||.00023|.00014
RD|I|40|001|9009|88103|1|7|105|800|20200903|00:00|0.00000||||||||||||||.00023|.00014
RD|I|40|001|9009|88103|1|7|105|800|20200906|00:00|0.00018||||||||||||||.00023|.00015
RD|I|40|001|9009|88103|1|7|105|800|20200909|00:00|0.00018||||||||||||||.00023|.00015
RD|I|40|001|9009|88103|1|7|105|800|20200912|00:00|0.00023||||||||||||||.00023|.00015
RD|I|40|001|9009|88103|1|7|105|800|20200915|00:00|0.00000||||||||||||||.00023|.00014
RD|I|40|001|9009|88103|1|7|105|800|20200918|00:00|0.00000||||||||||||||.00023|.00014
RD|I|40|001|9009|88103|1|7|105|800|20200921|00:00|0.00005||||||||||||||.00023|.00014
RD|I|40|001|9009|88103|1|7|105|800|20200924|00:00|0.00000||||||||||||||.00023|.00014
RD|I|40|001|9009|88103|1|7|105|800|20200927|00:00|0.00002||||||||||||||.00023|.00014
RD|I|40|001|9009|88103|1|7|105|800|20200930|00:00|0.00000||||||||||||||.00023|.00014
RD|I|40|001|9009|88103|1|7|105|800|20201003|00:00|0.00015||||||||||||||.00023|.00014
RD|I|40|001|9009|88103|1|7|105|800|20201006|00:00|0.00049||||||||||||||.00023|.00019
RD|I|40|001|9009|88103|1|7|105|800|20201009|00:00|0.00036||||||||||||||.00023|.00017
RD|I|40|001|9009|88103|1|7|105|800|20201012|00:00|0.00000||||||||||||||.00023|.00014
RD|I|40|001|9009|88103|1|7|105|800|20201015|00:00|0.00003||||||||||||||.00023|.00014
RD|I|40|001|9009|88103|1|7|105|800|20201018|00:00|0.00032||||||||||||||.00023|.00016
RD|I|40|001|9009|88103|1|7|105|800|20201021|00:00|0.00000||||||||||||||.00023|.00014
RD|I|40|001|9009|88103|1|7|105|800|20201024|00:00|0.00002||||||||||||||.00023|.00014
RD|I|40|001|9009|88103|1|7|105|800|20201027|00:00|0.00000||||||||||||||.00024|.00014
RD|I|40|001|9009|88103|1|7|105|800|20201030|00:00|0.00000||||||||||||||.00023|.00014
RD|I|40|001|9009|88103|1|7|105|800|20201102|00:00|0.00000||||||||||||||.00023|.00014
RD|I|40|001|9009|88103|1|7|105|800|20201105|00:00|0.00036||||||||||||||.00023|.00017
RD|I|40|001|9009|88103|1|7|105|800|20201108|00:00|0.00026||||||||||||||.00023|.00015
RD|I|40|001|9009|88103|1|7|105|800|20201111|00:00|0.00000||||||||||||||.00023|.00014
RD|I|40|001|9009|88103|1|7|105|800|20201114|00:00|0.00047||||||||||||||.00023|.00018
RD|I|40|001|9009|88103|1|7|105|800|20201117|00:00|0.00040||||||||||||||.00023|.00017
RD|I|40|001|9009|88103|1|7|105|800|20201120|00:00|0.00014||||||||||||||.00023|.00014
RD|I|40|001|9009|88103|1|7|105|800|20201123|00:00|0.00000||||||||||||||.00023|.00014
RD|I|40|001|9009|88103|1|7|105|800|20201126|00:00|0.00040||||||||||||||.00023|.00017
RD|I|40|001|9009|88103|1|7|105|800|20201129|00:00|0.00033||||||||||||||.00023|.00016
RD|I|40|001|9009|88103|1|7|105|800|20201202|00:00|0.00005||||||||||||||.00023|.00014
RD|I|40|001|9009|88103|1|7|105|800|20201205|00:00|0.00026||||||||||||||.00023|.00016
RD|I|40|001|9009|88103|1|7|105|800|20201208|00:00|0.00020||||||||||||||.00023|.00015
RD|I|40|001|9009|88103|1|7|105|800|20201211|00:00|0.00012||||||||||||||.00023|.00014
RD|I|40|001|9009|88103|1|7|105|800|20201214|00:00|0.00000||||||||||||||.00023|.00014
RD|I|40|001|9009|88103|1|7|105|800|20201217|00:00|0.00000||||||||||||||.00023|.00014
RD|I|40|001|9009|88103|1|7|105|800|20201220|00:00|0.00000||||||||||||||.00023|.00014
RD|I|40|001|9009|88103|1|7|105|800|20201223|00:00|0.00007||||||||||||||.00023|.00014
RD|I|40|001|9009|88103|1|7|105|800|20201226|00:00|0.00049||||||||||||||.00024|.00019
RD|I|40|001|9009|88103|1|7|105|800|20201229|00:00|0.00036||||||||||||||.00024|.00017
RD|I|40|001|9009|88112|1|7|105|800|20200101|00:00|0.00011||||||||||||||.00011|.00007
RD|I|40|001|9009|88112|1|7|105|800|20200104|00:00|0.00004||||||||||||||.00011|.00007
RD|I|40|001|9009|88112|1|7|105|800|20200107|00:00|0.00007||||||||||||||.00011|.00007
RD|I|40|001|9009|88112|1|7|105|800|20200110|00:00|0.00003||||||||||||||.00011|.00007
RD|I|40|001|9009|88112|1|7|105|800|20200113|00:00|0.00001||||||||||||||.00011|.00007
RD|I|40|001|9009|88112|1|7|105|800|20200116|00:00|-0.00001||||||||||||||.00011|.00007
RD|I|40|001|9009|88112|1|7|105|800|20200119|00:00|0.00008||||||||||||||.00011|.00007
RD|I|40|001|9009|88112|1|7|105|800|20200122|00:00|0.00010||||||||||||||.00011|.00007
RD|I|40|001|9009|88112|1|7|105|800|20200125|00:00|0.00017||||||||||||||.00011|.00007
RD|I|40|001|9009|88112|1|7|105|800|20200128|00:00|0.00009||||||||||||||.00011|.00007
RD|I|40|001|9009|88112|1|7|105|800|20200131|00:00|0.00019||||||||||||||.00011|.00007
RD|I|40|001|9009|88112|1|7|105|800|20200203|00:00|0.00013||||||||||||||.00012|.00007
RD|I|40|001|9009|88112|1|7|105|800|20200206|00:00|0.00011||||||||||||||.00012|.00007
RD|I|40|001|9009|88112|1|7|105|800|20200209|00:00|0.00004||||||||||||||.00011|.00007
RD|I|40|001|9009|88112|1|7|105|800|20200212|00:00|-0.00007||||||||||||||.00011|.00007
RD|I|40|001|9009|88112|1|7|105|800|20200215|00:00|0.00002||||||||||||||.00011|.00007
RD|I|40|001|9009|88112|1|7|105|800|20200218|00:00|0.00008||||||||||||||.00011|.00007
RD|I|40|001|9009|88112|1|7|105|800|20200221|00:00|0.00006||||||||||||||.00011|.00007
RD|I|40|001|9009|88112|1|7|105|800|20200224|00:00|0.00010||||||||||||||.00011|.00007
RD|I|40|001|9009|88112|1|7|105|800|20200227|00:00|0.00004||||||||||||||.00011|.00007
RD|I|40|001|9009|88112|1|7|105|800|20200301|00:00|0.00008||||||||||||||.00011|.00007
RD|I|40|001|9009|88112|1|7|105|800|20200304|00:00|0.00022||||||||||||||.00011|.00008
RD|I|40|001|9009|88112|1|7|105|800|20200307|00:00|0.00010||||||||||||||.00012|.00007
RD|I|40|001|9009|88112|1|7|105|800|20200310|00:00|0.00011||||||||||||||.00011|.00007
RD|I|40|001|9009|88112|1|7|105|800|20200313|00:00|0.00000||||||||||||||.00011|.00007
RD|I|40|001|9009|88112|1|7|105|800|20200316|00:00|0.00006||||||||||||||.00011|.00007
RD|I|40|001|9009|88112|1|7|105|800|20200319|00:00|-0.00001||||||||||||||.00011|.00007
RD|I|40|001|9009|88112|1|7|105|800|20200322|00:00|0.00001||||||||||||||.00011|.00007
RD|I|40|001|9009|88112|1|7|105|800|20200325|00:00|0.00016||||||||||||||.00011|.00007
RD|I|40|001|9009|88112|1|7|105|800|20200328|00:00|0.00017||||||||||||||.00011|.00007
RD|I|40|001|9009|88112|1|7|105|800|20200331|00:00|0.00002||||||||||||||.00011|.00007
RD|I|40|001|9009|88112|1|7|105|800|20200403|00:00|0.00014||||||||||||||.00011|.00007
RD|I|40|001|9009|88112|1|7|105|800|20200406|00:00|0.00014||||||||||||||.00011|.00007
RD|I|40|001|9009|88112|1|7|105|800|20200409|00:00||AF||||||||||||||
RD|I|40|001|9009|88112|1|7|105|800|20200412|00:00||AF||||||||||||||
RD|I|40|001|9009|88112|1|7|105|800|20200415|00:00||AF||||||||||||||
RD|I|40|001|9009|88112|1|7|105|800|20200418|00:00||AF||||||||||||||
RD|I|40|001|9009|88112|1|7|105|800|20200421|00:00||AF||||||||||||||
RD|I|40|001|9009|88112|1|7|105|800|20200424|00:00||AF||||||||||||||
RD|I|40|001|9009|88112|1|7|105|800|20200427|00:00||AF||||||||||||||
RD|I|40|001|9009|88112|1|7|105|800|20200430|00:00||AF||||||||||||||
RD|I|40|001|9009|88112|1|7|105|800|20200503|00:00||AF||||||||||||||
RD|I|40|001|9009|88112|1|7|105|800|20200506|00:00||AF||||||||||||||
RD|I|40|001|9009|88112|1|7|105|800|20200509|00:00||AF||||||||||||||
RD|I|40|001|9009|88112|1|7|105|800|20200512|00:00||AF||||||||||||||
RD|I|40|001|9009|88112|1|7|105|800|20200515|00:00||AF||||||||||||||
RD|I|40|001|9009|88112|1|7|105|800|20200518|00:00||AF||||||||||||||
RD|I|40|001|9009|88112|1|7|105|800|20200521|00:00||AF||||||||||||||
RD|I|40|001|9009|88112|1|7|105|800|20200524|00:00||AF||||||||||||||
RD|I|40|001|9009|88112|1|7|105|800|20200527|00:00||AF||||||||||||||
RD|I|40|001|9009|88112|1|7|105|800|20200530|00:00||AF||||||||||||||
RD|I|40|001|9009|88112|1|7|105|800|20200602|00:00||AF||||||||||||||
RD|I|40|001|9009|88112|1|7|105|800|20200605|00:00|0.00003||||||||||||||.00011|.00006
RD|I|40|001|9009|88112|1|7|105|800|20200608|00:00|0.00008||||||||||||||.00011|.00007
RD|I|40|001|9009|88112|1|7|105|800|20200611|00:00|0.00009||||||||||||||.00011|.00007
RD|I|40|001|9009|88112|1|7|105|800|20200614|00:00|0.00002||||||||||||||.00011|.00006
RD|I|40|001|9009|88112|1|7|105|800|20200617|00:00|0.00027||||||||||||||.00011|.00008
RD|I|40|001|9009|88112|1|7|105|800|20200620|00:00|0.00008||||||||||||||.00011|.00007
RD|I|40|001|9009|88112|1|7|105|800|20200623|00:00|0.00011||||||||||||||.00011|.00007
RD|I|40|001|9009|88112|1|7|105|800|20200626|00:00|0.00086||||||||||||||.00011|.00015
RD|I|40|001|9009|88112|1|7|105|800|20200629|00:00|0.00045||||||||||||||.00011|.0001
RD|I|40|001|9009|88112|1|7|105|800|20200702|00:00|0.00074||||||||||||||.00011|.00014
RD|I|40|001|9009|88112|1|7|105|800|20200705|00:00|0.00090||||||||||||||.00011|.00016
RD|I|40|001|9009|88112|1|7|105|800|20200708|00:00|0.00034||||||||||||||.00011|.00008
RD|I|40|001|9009|88112|1|7|105|800|20200711|00:00|0.00021||||Y||||||||||.00012|.00008
RD|I|40|001|9009|88112|1|7|105|800|20200714|00:00|0.00036||||||||||||||.00011|.00009
RD|I|40|001|9009|88112|1|7|105|800|20200717|00:00|0.00143||||Y||||||||||.00013|.00024
RD|I|40|001|9009|88112|1|7|105|800|20200720|00:00|0.00011||||||||||||||.00011|.00007
RD|I|40|001|9009|88112|1|7|105|800|20200723|00:00|0.00015||||||||||||||.00011|.00007
RD|I|40|001|9009|88112|1|7|105|800|20200726|00:00|0.00005||||||||||||||.00011|.00007
RD|I|40|001|9009|88112|1|7|105|800|20200729|00:00|0.00018||||||||||||||.00011|.00008
RD|I|40|001|9009|88112|1|7|105|800|20200801|00:00|0.00001||||||||||||||.00011|.00007
RD|I|40|001|9009|88112|1|7|105|800|20200804|00:00|0.00009||||||||||||||.00012|.00007
RD|I|40|001|9009|88112|1|7|105|800|20200807|00:00|0.00003||||||||||||||.00011|.00007
RD|I|40|001|9009|88112|1|7|105|800|20200810|00:00|0.00091||||||||||||||.00011|.00016
RD|I|40|001|9009|88112|1|7|105|800|20200813|00:00|0.00003||||||||||||||.00011|.00007
RD|I|40|001|9009|88112|1|7|105|800|20200816|00:00|0.00011||||||||||||||.00011|.00007
RD|I|40|001|9009|88112|1|7|105|800|20200819|00:00|0.00012||||||||||||||.00037|.00022
RD|I|40|001|9009|88112|1|7|105|800|20200822|00:00|0.00004||||||||||||||.00037|.00022
RD|I|40|001|9009|88112|1|7|105|800|20200825|00:00|0.00019||||||||||||||.00037|.00023
RD|I|40|001|9009|88112|1|7|105|800|20200828|00:00|0.00044||||||||||||||.00037|.00023
RD|I|40|001|9009|88112|1|7|105|800|20200831|00:00|0.00004||||||||||||||.00037|.00022
RD|I|40|001|9009|88112|1|7|105|800|20200903|00:00|-0.00002||||||||||||||.00015|.00009
RD|I|40|001|9009|88112|1|7|105|800|20200906|00:00|0.00011||||||||||||||.00015|.00009
RD|I|40|001|9009|88112|1|7|105|800|20200909|00:00|0.00012||||||||||||||.00015|.00009
RD|I|40|001|9009|88112|1|7|105|800|20200912|00:00|0.00009||||||||||||||.00015|.00009
RD|I|40|001|9009|88112|1|7|105|800|20200915|00:00|0.00015||||||||||||||.00015|.00009
RD|I|40|001|9009|88112|1|7|105|800|20200918|00:00|0.00007||||||||||||||.00015|.00009
RD|I|40|001|9009|88112|1|7|105|800|20200921|00:00|0.00014||||||||||||||.00015|.00009
RD|I|40|001|9009|88112|1|7|105|800|20200924|00:00|-0.00005||||||||||||||.00015|.00009
RD|I|40|001|9009|88112|1|7|105|800|20200927|00:00|0.00011||||||||||||||.00015|.00009
RD|I|40|001|9009|88112|1|7|105|800|20200930|00:00|0.00019||||||||||||||.00015|.00009
RD|I|40|001|9009|88112|1|7|105|800|20201003|00:00|0.00010||||||||||||||.00017|.0001
RD|I|40|001|9009|88112|1|7|105|800|20201006|00:00|0.00014||||||||||||||.00017|.0001
RD|I|40|001|9009|88112|1|7|105|800|20201009|00:00|0.00016||||||||||||||.00017|.0001
RD|I|40|001|9009|88112|1|7|105|800|20201012|00:00|0.00017||||||||||||||.00017|.00011
RD|I|40|001|9009|88112|1|7|105|800|20201015|00:00|0.00021||||||||||||||.00017|.00011
RD|I|40|001|9009|88112|1|7|105|800|20201018|00:00|0.00013||||||||||||||.00017|.0001
RD|I|40|001|9009|88112|1|7|105|800|20201021|00:00|0.00025||||||||||||||.00017|.00011
RD|I|40|001|9009|88112|1|7|105|800|20201024|00:00|-0.00002||||||||||||||.00017|.0001
RD|I|40|001|9009|88112|1|7|105|800|20201027|00:00|0.00004||||||||||||||.00017|.0001
RD|I|40|001|9009|88112|1|7|105|800|20201030|00:00|0.00024||||||||||||||.00017|.00011
RD|I|40|001|9009|88112|1|7|105|800|20201102|00:00|0.00002||||||||||||||.00023|.00014
RD|I|40|001|9009|88112|1|7|105|800|20201105|00:00|0.00019||||||||||||||.00023|.00014
RD|I|40|001|9009|88112|1|7|105|800|20201108|00:00|0.00010||||||||||||||.00023|.00014
RD|I|40|001|9009|88112|1|7|105|800|20201111|00:00|-0.00002||||||||||||||.00017|.0001
RD|I|40|001|9009|88112|1|7|105|800|20201114|00:00|0.00013||||||||||||||.00017|.0001
RD|I|40|001|9009|88112|1|7|105|800|20201117|00:00|0.00077||||||||||||||.00017|.00016
RD|I|40|001|9009|88112|1|7|105|800|20201120|00:00|0.00006||||||||||||||.00017|.0001
RD|I|40|001|9009|88112|1|7|105|800|20201123|00:00|0.00004||||||||||||||.00017|.0001
RD|I|40|001|9009|88112|1|7|105|800|20201126|00:00|-0.00001||||||||||||||.00017|.0001
RD|I|40|001|9009|88112|1|7|105|800|20201129|00:00|-0.00016||||||||||||||.00017|.00011
RD|I|40|001|9009|88112|1|7|105|800|20201202|00:00|0.00017||||||||||||||.00017|.00011
RD|I|40|001|9009|88112|1|7|105|800|20201205|00:00|0.00021||||||||||||||.00017|.00011
RD|I|40|001|9009|88112|1|7|105|800|20201208|00:00|0.00034||||||||||||||.00017|.00012
RD|I|40|001|9009|88112|1|7|105|800|20201211|00:00|0.00039||||||||||||||.00017|.00012
RD|I|40|001|9009|88112|1|7|105|800|20201214|00:00|0.00085||||||||||||||.00017|.00017
RD|I|40|001|9009|88112|1|7|105|800|20201217|00:00|0.00004||||||||||||||.00017|.0001
RD|I|40|001|9009|88112|1|7|105|800|20201220|00:00|0.00006||||||||||||||.00017|.0001
RD|I|40|001|9009|88112|1|7|105|800|20201223|00:00|-0.00002||||||||||||||.00015|.00009
RD|I|40|001|9009|88112|1|7|105|800|20201226|00:00|0.00020||||||||||||||.00015|.0001
RD|I|40|001|9009|88112|1|7|105|800|20201229|00:00|0.00013||||||||||||||.00016|.0001
RD|I|40|001|9009|88128|1|7|105|800|20200101|00:00|0.00122||||||||||||||.0004|.00039
RD|I|40|001|9009|88128|1|7|105|800|20200104|00:00|0.00043||||||||||||||.00039|.00026
RD|I|40|001|9009|88128|1|7|105|800|20200107|00:00|0.00027||||||||||||||.0004|.00025
RD|I|40|001|9009|88128|1|7|105|800|20200110|00:00|0.00000||||||||||||||.00039|.00024
RD|I|40|001|9009|88128|1|7|105|800|20200113|00:00|0.00068||||||||||||||.00039|.00029
RD|I|40|001|9009|88128|1|7|105|800|20200116|00:00|0.00089||||||||||||||.00039|.00033
RD|I|40|001|9009|88128|1|7|105|800|20200119|00:00|0.00046||||||||||||||.00039|.00026
RD|I|40|001|9009|88128|1|7|105|800|20200122|00:00|0.00120||||||||||||||.0004|.00039
RD|I|40|001|9009|88128|1|7|105|800|20200125|00:00|0.00036||||||||||||||.00039|.00026
RD|I|40|001|9009|88128|1|7|105|800|20200128|00:00|0.00151||||||||||||||.0004|.00045
RD|I|40|001|9009|88128|1|7|105|800|20200131|00:00|0.00166||||||||||||||.0004|.00048
RD|I|40|001|9009|88128|1|7|105|800|20200203|00:00|0.00069||||||||||||||.00044|.00032
RD|I|40|001|9009|88128|1|7|105|800|20200206|00:00|0.00083||||||||||||||.00045|.00034
RD|I|40|001|9009|88128|1|7|105|800|20200209|00:00|0.00134||||||||||||||.00042|.00042
RD|I|40|001|9009|88128|1|7|105|800|20200212|00:00|0.00042||||||||||||||.00042|.00027
RD|I|40|001|9009|88128|1|7|105|800|20200215|00:00|0.00099||||||||||||||.00041|.00035
RD|I|40|001|9009|88128|1|7|105|800|20200218|00:00|0.00054||||||||||||||.00042|.00029
RD|I|40|001|9009|88128|1|7|105|800|20200221|00:00|0.00141||||||||||||||.00042|.00043
RD|I|40|001|9009|88128|1|7|105|800|20200224|00:00|0.00025||||||||||||||.00041|.00026
RD|I|40|001|9009|88128|1|7|105|800|20200227|00:00|0.00058||||||||||||||.00042|.00029
RD|I|40|001|9009|88128|1|7|105|800|20200301|00:00|0.00079||||||||||||||.00039|.00031
RD|I|40|001|9009|88128|1|7|105|800|20200304|00:00|0.00060||||||||||||||.00039|.00028
RD|I|40|001|9009|88128|1|7|105|800|20200307|00:00|0.00168||||||||||||||.00041|.00049
RD|I|40|001|9009|88128|1|7|105|800|20200310|00:00|0.00047||||||||||||||.00038|.00026
RD|I|40|001|9009|88128|1|7|105|800|20200313|00:00|0.00072||||||||||||||.00039|.0003
RD|I|40|001|9009|88128|1|7|105|800|20200316|00:00|0.00019||||||||||||||.00038|.00024
RD|I|40|001|9009|88128|1|7|105|800|20200319|00:00|0.00030||||||||||||||.00038|.00024
RD|I|40|001|9009|88128|1|7|105|800|20200322|00:00|0.00014||||||||||||||.00038|.00024
RD|I|40|001|9009|88128|1|7|105|800|20200325|00:00|0.00059||||||||||||||.00038|.00028
RD|I|40|001|9009|88128|1|7|105|800|20200328|00:00|0.00030||||||||||||||.00038|.00024
RD|I|40|001|9009|88128|1|7|105|800|20200331|00:00|0.00103||||||||||||||.00039|.00035
RD|I|40|001|9009|88128|1|7|105|800|20200403|00:00|0.00095||||||||||||||.00033|.00031
RD|I|40|001|9009|88128|1|7|105|800|20200406|00:00|0.00157||||||||||||||.00032|.00044
RD|I|40|001|9009|88128|1|7|105|800|20200409|00:00||AF||||||||||||||
RD|I|40|001|9009|88128|1|7|105|800|20200412|00:00||AF||||||||||||||
RD|I|40|001|9009|88128|1|7|105|800|20200415|00:00||AF||||||||||||||
RD|I|40|001|9009|88128|1|7|105|800|20200418|00:00||AF||||||||||||||
RD|I|40|001|9009|88128|1|7|105|800|20200421|00:00||AF||||||||||||||
RD|I|40|001|9009|88128|1|7|105|800|20200424|00:00||AF||||||||||||||
RD|I|40|001|9009|88128|1|7|105|800|20200427|00:00||AF||||||||||||||
RD|I|40|001|9009|88128|1|7|105|800|20200430|00:00||AF||||||||||||||
RD|I|40|001|9009|88128|1|7|105|800|20200503|00:00||AF||||||||||||||
RD|I|40|001|9009|88128|1|7|105|800|20200506|00:00||AF||||||||||||||
RD|I|40|001|9009|88128|1|7|105|800|20200509|00:00||AF||||||||||||||
RD|I|40|001|9009|88128|1|7|105|800|20200512|00:00||AF||||||||||||||
RD|I|40|001|9009|88128|1|7|105|800|20200515|00:00||AF||||||||||||||
RD|I|40|001|9009|88128|1|7|105|800|20200518|00:00||AF||||||||||||||
RD|I|40|001|9009|88128|1|7|105|800|20200521|00:00||AF||||||||||||||
RD|I|40|001|9009|88128|1|7|105|800|20200524|00:00||AF||||||||||||||
RD|I|40|001|9009|88128|1|7|105|800|20200527|00:00||AF||||||||||||||
RD|I|40|001|9009|88128|1|7|105|800|20200530|00:00||AF||||||||||||||
RD|I|40|001|9009|88128|1|7|105|800|20200602|00:00||AF||||||||||||||
RD|I|40|001|9009|88128|1|7|105|800|20200605|00:00|0.00080||||||||||||||.00034|.00029
RD|I|40|001|9009|88128|1|7|105|800|20200608|00:00|0.00098||||||||||||||.00034|.00032
RD|I|40|001|9009|88128|1|7|105|800|20200611|00:00|0.00051||||||||||||||.00034|.00024
RD|I|40|001|9009|88128|1|7|105|800|20200614|00:00|0.00024||||||||||||||.00034|.00022
RD|I|40|001|9009|88128|1|7|105|800|20200617|00:00|0.00156||||||||||||||.00034|.00044
RD|I|40|001|9009|88128|1|7|105|800|20200620|00:00|0.00048||||||||||||||.00035|.00024
RD|I|40|001|9009|88128|1|7|105|800|20200623|00:00|0.00083||||||||||||||.00035|.0003
RD|I|40|001|9009|88128|1|7|105|800|20200626|00:00|0.00013||||||||||||||.00034|.00021
RD|I|40|001|9009|88128|1|7|105|800|20200629|00:00|0.00044||||||||||||||.00034|.00024
RD|I|40|001|9009|88128|1|7|105|800|20200702|00:00|0.00080||||||||||||||.0005|.00036
RD|I|40|001|9009|88128|1|7|105|800|20200705|00:00|0.00058||||||||||||||.00049|.00033
RD|I|40|001|9009|88128|1|7|105|800|20200708|00:00|0.00187||||||||||||||.00049|.00056
RD|I|40|001|9009|88128|1|7|105|800|20200711|00:00|0.00094||||Y||||||||||.00056|.00042
RD|I|40|001|9009|88128|1|7|105|800|20200714|00:00|0.00066||||||||||||||.0005|.00035
RD|I|40|001|9009|88128|1|7|105|800|20200717|00:00|0.00162||||Y||||||||||.00061|.00055
RD|I|40|001|9009|88128|1|7|105|800|20200720|00:00|0.00070||||||||||||||.00052|.00036
RD|I|40|001|9009|88128|1|7|105|800|20200723|00:00|0.00051||||||||||||||.00052|.00034
RD|I|40|001|9009|88128|1|7|105|800|20200726|00:00|0.00080||||||||||||||.00052|.00037
RD|I|40|001|9009|88128|1|7|105|800|20200729|00:00|0.00046||||||||||||||.00053|.00034
RD|I|40|001|9009|88128|1|7|105|800|20200801|00:00|0.00160||||||||||||||.00049|.0005
RD|I|40|001|9009|88128|1|7|105|800|20200804|00:00|0.00180||||||||||||||.0005|.00054
RD|I|40|001|9009|88128|1|7|105|800|20200807|00:00|0.00072||||||||||||||.00049|.00035
RD|I|40|001|9009|88128|1|7|105|800|20200810|00:00|0.00122||||||||||||||.00049|.00043
RD|I|40|001|9009|88128|1|7|105|800|20200813|00:00|-0.00033||||||||||||||.00049|.00031
RD|I|40|001|9009|88128|1|7|105|800|20200816|00:00|0.00026||||||||||||||.00048|.0003
RD|I|40|001|9009|88128|1|7|105|800|20200819|00:00|0.00036||||||||||||||.00052|.00033
RD|I|40|001|9009|88128|1|7|105|800|20200822|00:00|0.00083||||||||||||||.00052|.00038
RD|I|40|001|9009|88128|1|7|105|800|20200825|00:00|0.00100||||||||||||||.00053|.00041
RD|I|40|001|9009|88128|1|7|105|800|20200828|00:00|0.00036||||||||||||||.00052|.00033
RD|I|40|001|9009|88128|1|7|105|800|20200831|00:00|0.00015||||||||||||||.00052|.00032
RD|I|40|001|9009|88128|1|7|105|800|20200903|00:00|0.00050||||||||||||||.00071|.00045
RD|I|40|001|9009|88128|1|7|105|800|20200906|00:00|0.00208||||||||||||||.00071|.00068
RD|I|40|001|9009|88128|1|7|105|800|20200909|00:00|0.00117||||||||||||||.00071|.00052
RD|I|40|001|9009|88128|1|7|105|800|20200912|00:00|0.00107||||||||||||||.00071|.00051
RD|I|40|001|9009|88128|1|7|105|800|20200915|00:00|0.00105||||||||||||||.00072|.00051
RD|I|40|001|9009|88128|1|7|105|800|20200918|00:00|0.00178||||||||||||||.00072|.00062
RD|I|40|001|9009|88128|1|7|105|800|20200921|00:00|0.00154||||||||||||||.00071|.00058
RD|I|40|001|9009|88128|1|7|105|800|20200924|00:00|0.00023||||||||||||||.00071|.00044
RD|I|40|001|9009|88128|1|7|105|800|20200927|00:00|0.00136||||||||||||||.00072|.00055
RD|I|40|001|9009|88128|1|7|105|800|20200930|00:00|0.00092||||||||||||||.00072|.00049
RD|I|40|001|9009|88128|1|7|105|800|20201003|00:00|0.00129||||||||||||||.00062|.0005
RD|I|40|001|9009|88128|1|7|105|800|20201006|00:00|0.00135||||||||||||||.00062|.00051
RD|I|40|001|9009|88128|1|7|105|800|20201009|00:00|0.00270||||||||||||||.00062|.00077
RD|I|40|001|9009|88128|1|7|105|800|20201012|00:00|-0.00007||||||||||||||.00062|.00038
RD|I|40|001|9009|88128|1|7|105|800|20201015|00:00|0.00043||||||||||||||.00062|.00039
RD|I|40|001|9009|88128|1|7|105|800|20201018|00:00|0.00124||||||||||||||.00062|.00049
RD|I|40|001|9009|88128|1|7|105|800|20201021|00:00|0.00100||||||||||||||.00061|.00045
RD|I|40|001|9009|88128|1|7|105|800|20201024|00:00|0.00064||||||||||||||.00062|.00041
RD|I|40|001|9009|88128|1|7|105|800|20201027|00:00|0.00043||||||||||||||.00063|.0004
RD|I|40|001|9009|88128|1|7|105|800|20201030|00:00|0.00029||||||||||||||.00062|.00039
RD|I|40|001|9009|88128|1|7|105|800|20201102|00:00|0.00093||||||||||||||.00044|.00036
RD|I|40|001|9009|88128|1|7|105|800|20201105|00:00|0.00160||||||||||||||.00044|.00048
RD|I|40|001|9009|88128|1|7|105|800|20201108|00:00|0.00019||||||||||||||.00044|.00027
RD|I|40|001|9009|88128|1|7|105|800|20201111|00:00|0.00107||||||||||||||.00047|.00039
RD|I|40|001|9009|88128|1|7|105|800|20201114|00:00|0.00158||||||||||||||.00047|.00049
RD|I|40|001|9009|88128|1|7|105|800|20201117|00:00|0.00087||||||||||||||.00047|.00036
RD|I|40|001|9009|88128|1|7|105|800|20201120|00:00|0.00095||||||||||||||.00047|.00037
RD|I|40|001|9009|88128|1|7|105|800|20201123|00:00|0.00080||||||||||||||.00047|.00035
RD|I|40|001|9009|88128|1|7|105|800|20201126|00:00|0.00139||||||||||||||.00047|.00045
RD|I|40|001|9009|88128|1|7|105|800|20201129|00:00|0.00115||||||||||||||.00047|.00041
RD|I|40|001|9009|88128|1|7|105|800|20201202|00:00|0.00089||||||||||||||.00047|.00036
RD|I|40|001|9009|88128|1|7|105|800|20201205|00:00|0.00125||||||||||||||.00048|.00043
RD|I|40|001|9009|88128|1|7|105|800|20201208|00:00|0.00069||||||||||||||.00048|.00034
RD|I|40|001|9009|88128|1|7|105|800|20201211|00:00|0.00149||||||||||||||.00047|.00047
RD|I|40|001|9009|88128|1|7|105|800|20201214|00:00|0.00166||||||||||||||.00047|.00051
RD|I|40|001|9009|88128|1|7|105|800|20201217|00:00|0.00109||||||||||||||.00048|.0004
RD|I|40|001|9009|88128|1|7|105|800|20201220|00:00|0.00101||||||||||||||.00048|.00039
RD|I|40|001|9009|88128|1|7|105|800|20201223|00:00|0.00015||||||||||||||.00039|.00024
RD|I|40|001|9009|88128|1|7|105|800|20201226|00:00|0.00058||||||||||||||.0004|.00028
RD|I|40|001|9009|88128|1|7|105|800|20201229|00:00|0.00200||||||||||||||.0004|.00056
RD|I|40|001|9009|88132|1|7|105|800|20200101|00:00|0.00088||||||||||||||.00022|.00018
RD|I|40|001|9009|88132|1|7|105|800|20200104|00:00|0.00026||||||||||||||.00022|.00014
RD|I|40|001|9009|88132|1|7|105|800|20200107|00:00|0.00057||||||||||||||.00022|.00015
RD|I|40|001|9009|88132|1|7|105|800|20200110|00:00|0.00040||||||||||||||.00022|.00014
RD|I|40|001|9009|88132|1|7|105|800|20200113|00:00|0.00027||||||||||||||.00022|.00014
RD|I|40|001|9009|88132|1|7|105|800|20200116|00:00|0.00045||||||||||||||.00022|.00015
RD|I|40|001|9009|88132|1|7|105|800|20200119|00:00|0.00013||||||||||||||.00022|.00013
RD|I|40|001|9009|88132|1|7|105|800|20200122|00:00|0.00065||||||||||||||.00022|.00016
RD|I|40|001|9009|88132|1|7|105|800|20200125|00:00|0.00031||||||||||||||.00022|.00014
RD|I|40|001|9009|88132|1|7|105|800|20200128|00:00|0.00046||||||||||||||.00023|.00015
RD|I|40|001|9009|88132|1|7|105|800|20200131|00:00|0.00049||||||||||||||.00022|.00015
RD|I|40|001|9009|88132|1|7|105|800|20200203|00:00|0.00280||||||||||||||.00024|.00039
RD|I|40|001|9009|88132|1|7|105|800|20200206|00:00|0.00025||||||||||||||.00024|.00015
RD|I|40|001|9009|88132|1|7|105|800|20200209|00:00|0.00051||||||||||||||.00022|.00015
RD|I|40|001|9009|88132|1|7|105|800|20200212|00:00|-0.00005||||||||||||||.00022|.00013
RD|I|40|001|9009|88132|1|7|105|800|20200215|00:00|0.00070||||||||||||||.00022|.00016
RD|I|40|001|9009|88132|1|7|105|800|20200218|00:00|0.00047||||||||||||||.00022|.00015
RD|I|40|001|9009|88132|1|7|105|800|20200221|00:00|0.00066||||||||||||||.00022|.00016
RD|I|40|001|9009|88132|1|7|105|800|20200224|00:00|0.00037||||||||||||||.00022|.00014
RD|I|40|001|9009|88132|1|7|105|800|20200227|00:00|0.00054||||||||||||||.00022|.00015
RD|I|40|001|9009|88132|1|7|105|800|20200301|00:00|0.00257||||||||||||||.00024|.00036
RD|I|40|001|9009|88132|1|7|105|800|20200304|00:00|0.00067||||||||||||||.00024|.00017
RD|I|40|001|9009|88132|1|7|105|800|20200307|00:00|0.00154||||||||||||||.00024|.00025
RD|I|40|001|9009|88132|1|7|105|800|20200310|00:00|0.00011||||||||||||||.00023|.00014
RD|I|40|001|9009|88132|1|7|105|800|20200313|00:00|0.00043||||||||||||||.00023|.00015
RD|I|40|001|9009|88132|1|7|105|800|20200316|00:00|-0.00001||||||||||||||.00023|.00014
RD|I|40|001|9009|88132|1|7|105|800|20200319|00:00|0.00040||||||||||||||.00023|.00015
RD|I|40|001|9009|88132|1|7|105|800|20200322|00:00|0.00012||||||||||||||.00023|.00014
RD|I|40|001|9009|88132|1|7|105|800|20200325|00:00|0.00022||||||||||||||.00023|.00014
RD|I|40|001|9009|88132|1|7|105|800|20200328|00:00|0.00127||||||||||||||.00023|.00022
RD|I|40|001|9009|88132|1|7|105|800|20200331|00:00|0.00055||||||||||||||.00024|.00016
RD|I|40|001|9009|88132|1|7|105|800|20200403|00:00|0.00062||||||||||||||.00022|.00016
RD|I|40|001|9009|88132|1|7|105|800|20200406|00:00|0.00071||||||||||||||.00022|.00016
RD|I|40|001|9009|88132|1|7|105|800|20200409|00:00||AF||||||||||||||
RD|I|40|001|9009|88132|1|7|105|800|20200412|00:00||AF||||||||||||||
RD|I|40|001|9009|88132|1|7|105|800|20200415|00:00||AF||||||||||||||
RD|I|40|001|9009|88132|1|7|105|800|20200418|00:00||AF||||||||||||||
RD|I|40|001|9009|88132|1|7|105|800|20200421|00:00||AF||||||||||||||
RD|I|40|001|9009|88132|1|7|105|800|20200424|00:00||AF||||||||||||||
RD|I|40|001|9009|88132|1|7|105|800|20200427|00:00||AF||||||||||||||
RD|I|40|001|9009|88132|1|7|105|800|20200430|00:00||AF||||||||||||||
RD|I|40|001|9009|88132|1|7|105|800|20200503|00:00||AF||||||||||||||
RD|I|40|001|9009|88132|1|7|105|800|20200506|00:00||AF||||||||||||||
RD|I|40|001|9009|88132|1|7|105|800|20200509|00:00||AF||||||||||||||
RD|I|40|001|9009|88132|1|7|105|800|20200512|00:00||AF||||||||||||||
RD|I|40|001|9009|88132|1|7|105|800|20200515|00:00||AF||||||||||||||
RD|I|40|001|9009|88132|1|7|105|800|20200518|00:00||AF||||||||||||||
RD|I|40|001|9009|88132|1|7|105|800|20200521|00:00||AF||||||||||||||
RD|I|40|001|9009|88132|1|7|105|800|20200524|00:00||AF||||||||||||||
RD|I|40|001|9009|88132|1|7|105|800|20200527|00:00||AF||||||||||||||
RD|I|40|001|9009|88132|1|7|105|800|20200530|00:00||AF||||||||||||||
RD|I|40|001|9009|88132|1|7|105|800|20200602|00:00||AF||||||||||||||
RD|I|40|001|9009|88132|1|7|105|800|20200605|00:00|0.00075||||||||||||||.00022|.00016
RD|I|40|001|9009|88132|1|7|105|800|20200608|00:00|0.00100||||||||||||||.00022|.00019
RD|I|40|001|9009|88132|1|7|105|800|20200611|00:00|0.00092||||||||||||||.00022|.00018
RD|I|40|001|9009|88132|1|7|105|800|20200614|00:00|0.00137||||||||||||||.00022|.00022
RD|I|40|001|9009|88132|1|7|105|800|20200617|00:00|0.00200||||||||||||||.00022|.00029
RD|I|40|001|9009|88132|1|7|105|800|20200620|00:00|0.00084||||||||||||||.00022|.00017
RD|I|40|001|9009|88132|1|7|105|800|20200623|00:00|0.00072||||||||||||||.00022|.00016
RD|I|40|001|9009|88132|1|7|105|800|20200626|00:00|0.00799||||||||||||||.00022|.00105
RD|I|40|001|9009|88132|1|7|105|800|20200629|00:00|0.00579||||||||||||||.00022|.00076
RD|I|40|001|9009|88132|1|7|105|800|20200702|00:00|0.00830||||||||||||||.00022|.00109
RD|I|40|001|9009|88132|1|7|105|800|20200705|00:00|0.00305||||||||||||||.00021|.00042
RD|I|40|001|9009|88132|1|7|105|800|20200708|00:00|0.00224||||||||||||||.00021|.00032
RD|I|40|001|9009|88132|1|7|105|800|20200711|00:00|0.00243||||Y||||||||||.00024|.00035
RD|I|40|001|9009|88132|1|7|105|800|20200714|00:00|0.00332||||||||||||||.00022|.00045
RD|I|40|001|9009|88132|1|7|105|800|20200717|00:00|0.01170||||Y||||||||||.00027|.00153
RD|I|40|001|9009|88132|1|7|105|800|20200720|00:00|0.00243||||||||||||||.00023|.00034
RD|I|40|001|9009|88132|1|7|105|800|20200723|00:00|0.00110||||||||||||||.00023|.0002
RD|I|40|001|9009|88132|1|7|105|800|20200726|00:00|0.00060||||||||||||||.00023|.00016
RD|I|40|001|9009|88132|1|7|105|800|20200729|00:00|0.00050||||||||||||||.00023|.00015
RD|I|40|001|9009|88132|1|7|105|800|20200801|00:00|0.00045||||||||||||||.00023|.00015
RD|I|40|001|9009|88132|1|7|105|800|20200804|00:00|0.00086||||||||||||||.00023|.00018
RD|I|40|001|9009|88132|1|7|105|800|20200807|00:00|0.00031||||||||||||||.00023|.00014
RD|I|40|001|9009|88132|1|7|105|800|20200810|00:00|0.00822||||||||||||||.00023|.00108
RD|I|40|001|9009|88132|1|7|105|800|20200813|00:00|0.00081||||||||||||||.00023|.00017
RD|I|40|001|9009|88132|1|7|105|800|20200816|00:00|0.00112||||||||||||||.00023|.0002
RD|I|40|001|9009|88132|1|7|105|800|20200819|00:00|0.00160||||||||||||||.00023|.00025
RD|I|40|001|9009|88132|1|7|105|800|20200822|00:00|0.00153||||||||||||||.00023|.00024
RD|I|40|001|9009|88132|1|7|105|800|20200825|00:00|0.00188||||||||||||||.00023|.00028
RD|I|40|001|9009|88132|1|7|105|800|20200828|00:00|0.00333||||||||||||||.00023|.00045
RD|I|40|001|9009|88132|1|7|105|800|20200831|00:00|0.00051||||||||||||||.00023|.00015
RD|I|40|001|9009|88132|1|7|105|800|20200903|00:00|0.00061||||||||||||||.00023|.00016
RD|I|40|001|9009|88132|1|7|105|800|20200906|00:00|0.00149||||||||||||||.00023|.00024
RD|I|40|001|9009|88132|1|7|105|800|20200909|00:00|0.00170||||||||||||||.00023|.00026
RD|I|40|001|9009|88132|1|7|105|800|20200912|00:00|0.00009||||||||||||||.00024|.00014
RD|I|40|001|9009|88132|1|7|105|800|20200915|00:00|0.00115||||||||||||||.00024|.00021
RD|I|40|001|9009|88132|1|7|105|800|20200918|00:00|0.00196||||||||||||||.00024|.00029
RD|I|40|001|9009|88132|1|7|105|800|20200921|00:00|0.00164||||||||||||||.00024|.00026
RD|I|40|001|9009|88132|1|7|105|800|20200924|00:00|0.00008||||||||||||||.00024|.00014
RD|I|40|001|9009|88132|1|7|105|800|20200927|00:00|0.00167||||||||||||||.00024|.00026
RD|I|40|001|9009|88132|1|7|105|800|20200930|00:00|0.00115||||||||||||||.00024|.00021
RD|I|40|001|9009|88132|1|7|105|800|20201003|00:00|0.00153||||||||||||||.00026|.00025
RD|I|40|001|9009|88132|1|7|105|800|20201006|00:00|0.00231||||||||||||||.00026|.00034
RD|I|40|001|9009|88132|1|7|105|800|20201009|00:00|0.00163||||||||||||||.00025|.00026
RD|I|40|001|9009|88132|1|7|105|800|20201012|00:00|0.00267||||||||||||||.00026|.00038
RD|I|40|001|9009|88132|1|7|105|800|20201015|00:00|0.00258||||||||||||||.00025|.00037
RD|I|40|001|9009|88132|1|7|105|800|20201018|00:00|0.00147||||||||||||||.00026|.00025
RD|I|40|001|9009|88132|1|7|105|800|20201021|00:00|0.00111||||||||||||||.00025|.00021
RD|I|40|001|9009|88132|1|7|105|800|20201024|00:00|0.00050||||||||||||||.00026|.00017
RD|I|40|001|9009|88132|1|7|105|800|20201027|00:00|0.00016||||||||||||||.00026|.00016
RD|I|40|001|9009|88132|1|7|105|800|20201030|00:00|0.00040||||||||||||||.00026|.00016
RD|I|40|001|9009|88132|1|7|105|800|20201102|00:00|0.00060||||||||||||||.00028|.00019
RD|I|40|001|9009|88132|1|7|105|800|20201105|00:00|0.00145||||||||||||||.00028|.00025
RD|I|40|001|9009|88132|1|7|105|800|20201108|00:00|0.00073||||||||||||||.00028|.00019
RD|I|40|001|9009|88132|1|7|105|800|20201111|00:00|0.00096||||||||||||||.00025|.0002
RD|I|40|001|9009|88132|1|7|105|800|20201114|00:00|0.00140||||||||||||||.00025|.00024
RD|I|40|001|9009|88132|1|7|105|800|20201117|00:00|0.00162||||||||||||||.00025|.00026
RD|I|40|001|9009|88132|1|7|105|800|20201120|00:00|0.00087||||||||||||||.00025|.00019
RD|I|40|001|9009|88132|1|7|105|800|20201123|00:00|0.00022||||||||||||||.00025|.00016
RD|I|40|001|9009|88132|1|7|105|800|20201126|00:00|0.00075||||||||||||||.00025|.00018
RD|I|40|001|9009|88132|1|7|105|800|20201129|00:00|0.00066||||||||||||||.00025|.00018
RD|I|40|001|9009|88132|1|7|105|800|20201202|00:00|0.00066||||||||||||||.00025|.00018
RD|I|40|001|9009|88132|1|7|105|800|20201205|00:00|0.00113||||||||||||||.00025|.00021
RD|I|40|001|9009|88132|1|7|105|800|20201208|00:00|0.00136||||||||||||||.00026|.00024
RD|I|40|001|9009|88132|1|7|105|800|20201211|00:00|0.00276||||||||||||||.00025|.00039
RD|I|40|001|9009|88132|1|7|105|800|20201214|00:00|0.00083||||||||||||||.00025|.00019
RD|I|40|001|9009|88132|1|7|105|800|20201217|00:00|0.00060||||||||||||||.00025|.00017
RD|I|40|001|9009|88132|1|7|105|800|20201220|00:00|0.00088||||||||||||||.00026|.00019
RD|I|40|001|9009|88132|1|7|105|800|20201223|00:00|0.00102||||||||||||||.00023|.00019
RD|I|40|001|9009|88132|1|7|105|800|20201226|00:00|0.00125||||||||||||||.00024|.00022
RD|I|40|001|9009|88132|1|7|105|800|20201229|00:00|0.00037||||||||||||||.00024|.00015
RD|I|40|001|9009|88136|1|7|105|800|20200101|00:00|0.00002||||||||||||||.00011|.00007
RD|I|40|001|9009|88136|1|7|105|800|20200104|00:00|0.00004||||||||||||||.00011|.00007
RD|I|40|001|9009|88136|1|7|105|800|20200107|00:00|0.00015||||||||||||||.00011|.00007
RD|I|40|001|9009|88136|1|7|105|800|20200110|00:00|0.00006||||||||||||||.00011|.00007
RD|I|40|001|9009|88136|1|7|105|800|20200113|00:00|0.00005||||||||||||||.00011|.00007
RD|I|40|001|9009|88136|1|7|105|800|20200116|00:00|0.00000||||||||||||||.00011|.00007
RD|I|40|001|9009|88136|1|7|105|800|20200119|00:00|0.00000||||||||||||||.00011|.00007
RD|I|40|001|9009|88136|1|7|105|800|20200122|00:00|0.00004||||||||||||||.00011|.00007
RD|I|40|001|9009|88136|1|7|105|800|20200125|00:00|0.00008||||||||||||||.00011|.00007
RD|I|40|001|9009|88136|1|7|105|800|20200128|00:00|0.00015||||||||||||||.00011|.00007
RD|I|40|001|9009|88136|1|7|105|800|20200131|00:00|0.00003||||||||||||||.00011|.00007
RD|I|40|001|9009|88136|1|7|105|800|20200203|00:00|0.00005||||||||||||||.00012|.00007
RD|I|40|001|9009|88136|1|7|105|800|20200206|00:00|0.00004||||||||||||||.00012|.00007
RD|I|40|001|9009|88136|1|7|105|800|20200209|00:00|0.00007||||||||||||||.00011|.00007
RD|I|40|001|9009|88136|1|7|105|800|20200212|00:00|-0.00001||||||||||||||.00011|.00007
RD|I|40|001|9009|88136|1|7|105|800|20200215|00:00|0.00006||||||||||||||.00011|.00007
RD|I|40|001|9009|88136|1|7|105|800|20200218|00:00|-0.00001||||||||||||||.00011|.00007
RD|I|40|001|9009|88136|1|7|105|800|20200221|00:00|0.00008||||||||||||||.00011|.00007
RD|I|40|001|9009|88136|1|7|105|800|20200224|00:00|-0.00001||||||||||||||.00011|.00007
RD|I|40|001|9009|88136|1|7|105|800|20200227|00:00|0.00006||||||||||||||.00011|.00007
RD|I|40|001|9009|88136|1|7|105|800|20200301|00:00|0.00008||||||||||||||.00011|.00007
RD|I|40|001|9009|88136|1|7|105|800|20200304|00:00|-0.00001||||||||||||||.00011|.00007
RD|I|40|001|9009|88136|1|7|105|800|20200307|00:00|0.00015||||||||||||||.00012|.00007
RD|I|40|001|9009|88136|1|7|105|800|20200310|00:00|0.00009||||||||||||||.00011|.00007
RD|I|40|001|9009|88136|1|7|105|800|20200313|00:00|0.00004||||||||||||||.00011|.00007
RD|I|40|001|9009|88136|1|7|105|800|20200316|00:00|0.00003||||||||||||||.00011|.00007
RD|I|40|001|9009|88136|1|7|105|800|20200319|00:00|0.00011||||||||||||||.00011|.00007
RD|I|40|001|9009|88136|1|7|105|800|20200322|00:00|0.00006||||||||||||||.00011|.00007
RD|I|40|001|9009|88136|1|7|105|800|20200325|00:00|0.00005||||||||||||||.00011|.00007
RD|I|40|001|9009|88136|1|7|105|800|20200328|00:00|0.00000||||||||||||||.00011|.00007
RD|I|40|001|9009|88136|1|7|105|800|20200331|00:00|0.00008||||||||||||||.00011|.00007
RD|I|40|001|9009|88136|1|7|105|800|20200403|00:00|0.00006||||||||||||||.00011|.00007
RD|I|40|001|9009|88136|1|7|105|800|20200406|00:00|0.00007||||||||||||||.00011|.00007
RD|I|40|001|9009|88136|1|7|105|800|20200409|00:00||AF||||||||||||||
RD|I|40|001|9009|88136|1|7|105|800|20200412|00:00||AF||||||||||||||
RD|I|40|001|9009|88136|1|7|105|800|20200415|00:00||AF||||||||||||||
RD|I|40|001|9009|88136|1|7|105|800|20200418|00:00||AF||||||||||||||
RD|I|40|001|9009|88136|1|7|105|800|20200421|00:00||AF||||||||||||||
RD|I|40|001|9009|88136|1|7|105|800|20200424|00:00||AF||||||||||||||
RD|I|40|001|9009|88136|1|7|105|800|20200427|00:00||AF||||||||||||||
RD|I|40|001|9009|88136|1|7|105|800|20200430|00:00||AF||||||||||||||
RD|I|40|001|9009|88136|1|7|105|800|20200503|00:00||AF||||||||||||||
RD|I|40|001|9009|88136|1|7|105|800|20200506|00:00||AF||||||||||||||
RD|I|40|001|9009|88136|1|7|105|800|20200509|00:00||AF||||||||||||||
RD|I|40|001|9009|88136|1|7|105|800|20200512|00:00||AF||||||||||||||
RD|I|40|001|9009|88136|1|7|105|800|20200515|00:00||AF||||||||||||||
RD|I|40|001|9009|88136|1|7|105|800|20200518|00:00||AF||||||||||||||
RD|I|40|001|9009|88136|1|7|105|800|20200521|00:00||AF||||||||||||||
RD|I|40|001|9009|88136|1|7|105|800|20200524|00:00||AF||||||||||||||
RD|I|40|001|9009|88136|1|7|105|800|20200527|00:00||AF||||||||||||||
RD|I|40|001|9009|88136|1|7|105|800|20200530|00:00||AF||||||||||||||
RD|I|40|001|9009|88136|1|7|105|800|20200602|00:00||AF||||||||||||||
RD|I|40|001|9009|88136|1|7|105|800|20200605|00:00|0.00007||||||||||||||.00011|.00007
RD|I|40|001|9009|88136|1|7|105|800|20200608|00:00|0.00010||||||||||||||.00011|.00007
RD|I|40|001|9009|88136|1|7|105|800|20200611|00:00|0.00005||||||||||||||.00011|.00007
RD|I|40|001|9009|88136|1|7|105|800|20200614|00:00|0.00004||||||||||||||.00011|.00007
RD|I|40|001|9009|88136|1|7|105|800|20200617|00:00|0.00013||||||||||||||.00011|.00007
RD|I|40|001|9009|88136|1|7|105|800|20200620|00:00|0.00005||||||||||||||.00011|.00007
RD|I|40|001|9009|88136|1|7|105|800|20200623|00:00|-0.00001||||||||||||||.00011|.00007
RD|I|40|001|9009|88136|1|7|105|800|20200626|00:00|0.00025||||||||||||||.00011|.00008
RD|I|40|001|9009|88136|1|7|105|800|20200629|00:00|0.00046||||||||||||||.00011|.00011
RD|I|40|001|9009|88136|1|7|105|800|20200702|00:00|0.00029||||||||||||||.00011|.00008
RD|I|40|001|9009|88136|1|7|105|800|20200705|00:00|0.00010||||||||||||||.00011|.00007
RD|I|40|001|9009|88136|1|7|105|800|20200708|00:00|0.00019||||||||||||||.00011|.00007
RD|I|40|001|9009|88136|1|7|105|800|20200711|00:00|0.00022||||Y||||||||||.00012|.00008
RD|I|40|001|9009|88136|1|7|105|800|20200714|00:00|0.00023||||||||||||||.00011|.00008
RD|I|40|001|9009|88136|1|7|105|800|20200717|00:00|0.00062||||Y||||||||||.00013|.00014
RD|I|40|001|9009|88136|1|7|105|800|20200720|00:00|0.00012||||||||||||||.00011|.00007
RD|I|40|001|9009|88136|1|7|105|800|20200723|00:00|0.00000||||||||||||||.00011|.00007
RD|I|40|001|9009|88136|1|7|105|800|20200726|00:00|0.00009||||||||||||||.00011|.00007
RD|I|40|001|9009|88136|1|7|105|800|20200729|00:00|0.00011||||||||||||||.00011|.00007
RD|I|40|001|9009|88136|1|7|105|800|20200801|00:00|-0.00001||||||||||||||.00011|.00007
RD|I|40|001|9009|88136|1|7|105|800|20200804|00:00|0.00003||||||||||||||.00012|.00007
RD|I|40|001|9009|88136|1|7|105|800|20200807|00:00|0.00003||||||||||||||.00011|.00007
RD|I|40|001|9009|88136|1|7|105|800|20200810|00:00|0.00043||||||||||||||.00011|.0001
RD|I|40|001|9009|88136|1|7|105|800|20200813|00:00|0.00005||||||||||||||.00011|.00007
RD|I|40|001|9009|88136|1|7|105|800|20200816|00:00|-0.00006||||||||||||||.00011|.00007
RD|I|40|001|9009|88136|1|7|105|800|20200819|00:00|0.00003||||||||||||||.00018|.00011
RD|I|40|001|9009|88136|1|7|105|800|20200822|00:00|0.00017||||||||||||||.00018|.00011
RD|I|40|001|9009|88136|1|7|105|800|20200825|00:00|0.00010||||||||||||||.00018|.00011
RD|I|40|001|9009|88136|1|7|105|800|20200828|00:00|0.00019||||||||||||||.00018|.00011
RD|I|40|001|9009|88136|1|7|105|800|20200831|00:00|0.00005||||||||||||||.00018|.00011
RD|I|40|001|9009|88136|1|7|105|800|20200903|00:00|-0.00004||||||||||||||.00011|.00007
RD|I|40|001|9009|88136|1|7|105|800|20200906|00:00|0.00002||||||||||||||.00011|.00007
RD|I|40|001|9009|88136|1|7|105|800|20200909|00:00|0.00011||||||||||||||.00011|.00007
RD|I|40|001|9009|88136|1|7|105|800|20200912|00:00|-0.00006||||||||||||||.00011|.00007
RD|I|40|001|9009|88136|1|7|105|800|20200915|00:00|0.00012||||||||||||||.00012|.00007
RD|I|40|001|9009|88136|1|7|105|800|20200918|00:00|0.00008||||||||||||||.00012|.00007
RD|I|40|001|9009|88136|1|7|105|800|20200921|00:00|0.00012||||||||||||||.00011|.00007
RD|I|40|001|9009|88136|1|7|105|800|20200924|00:00|-0.00007||||||||||||||.00011|.00007
RD|I|40|001|9009|88136|1|7|105|800|20200927|00:00|0.00006||||||||||||||.00012|.00007
RD|I|40|001|9009|88136|1|7|105|800|20200930|00:00|0.00003||||||||||||||.00012|.00007
RD|I|40|001|9009|88136|1|7|105|800|20201003|00:00|-0.00002||||||||||||||.00012|.00007
RD|I|40|001|9009|88136|1|7|105|800|20201006|00:00|0.00010||||||||||||||.00012|.00007
RD|I|40|001|9009|88136|1|7|105|800|20201009|00:00|-0.00003||||||||||||||.00011|.00007
RD|I|40|001|9009|88136|1|7|105|800|20201012|00:00|0.00001||||||||||||||.00012|.00007
RD|I|40|001|9009|88136|1|7|105|800|20201015|00:00|-0.00004||||||||||||||.00012|.00007
RD|I|40|001|9009|88136|1|7|105|800|20201018|00:00|0.00019||||||||||||||.00012|.00008
RD|I|40|001|9009|88136|1|7|105|800|20201021|00:00|0.00002||||||||||||||.00011|.00007
RD|I|40|001|9009|88136|1|7|105|800|20201024|00:00|-0.00002||||||||||||||.00012|.00007
RD|I|40|001|9009|88136|1|7|105|800|20201027|00:00|-0.00008||||||||||||||.00012|.00007
RD|I|40|001|9009|88136|1|7|105|800|20201030|00:00|0.00021||||||||||||||.00012|.00008
RD|I|40|001|9009|88136|1|7|105|800|20201102|00:00|-0.00005||||||||||||||.00012|.00007
RD|I|40|001|9009|88136|1|7|105|800|20201105|00:00|0.00011||||||||||||||.00011|.00007
RD|I|40|001|9009|88136|1|7|105|800|20201108|00:00|-0.00001||||||||||||||.00012|.00007
RD|I|40|001|9009|88136|1|7|105|800|20201111|00:00|0.00001||||||||||||||.00012|.00007
RD|I|40|001|9009|88136|1|7|105|800|20201114|00:00|0.00007||||||||||||||.00012|.00007
RD|I|40|001|9009|88136|1|7|105|800|20201117|00:00|0.00037||||||||||||||.00012|.0001
RD|I|40|001|9009|88136|1|7|105|800|20201120|00:00|0.00007||||||||||||||.00011|.00007
RD|I|40|001|9009|88136|1|7|105|800|20201123|00:00|-0.00005||||||||||||||.00012|.00007
RD|I|40|001|9009|88136|1|7|105|800|20201126|00:00|0.00004||||||||||||||.00012|.00007
RD|I|40|001|9009|88136|1|7|105|800|20201129|00:00|-0.00007||||||||||||||.00012|.00007
RD|I|40|001|9009|88136|1|7|105|800|20201202|00:00|-0.00004||||||||||||||.00012|.00007
RD|I|40|001|9009|88136|1|7|105|800|20201205|00:00|0.00005||||||||||||||.00012|.00007
RD|I|40|001|9009|88136|1|7|105|800|20201208|00:00|0.00021||||||||||||||.00012|.00008
RD|I|40|001|9009|88136|1|7|105|800|20201211|00:00|0.00011||||||||||||||.00012|.00007
RD|I|40|001|9009|88136|1|7|105|800|20201214|00:00|0.00031||||||||||||||.00012|.00009
RD|I|40|001|9009|88136|1|7|105|800|20201217|00:00|0.00003||||||||||||||.00012|.00007
RD|I|40|001|9009|88136|1|7|105|800|20201220|00:00|0.00011||||||||||||||.00012|.00007
RD|I|40|001|9009|88136|1|7|105|800|20201223|00:00|0.00008||||||||||||||.00012|.00007
RD|I|40|001|9009|88136|1|7|105|800|20201226|00:00|0.00009||||||||||||||.00012|.00007
RD|I|40|001|9009|88136|1|7|105|800|20201229|00:00|0.00009||||||||||||||.00012|.00007
RD|I|40|031|9000|88103|1|7|105|800|20200101|00:00|0.00000||||||||||||||.00022|.00013
RD|I|40|031|9000|88103|1|7|105|800|20200104|00:00|0.00000||||||||||||||.00022|.00013
RD|I|40|031|9000|88103|1|7|105|800|20200107|00:00|0.00000||||||||||||||.00022|.00013
RD|I|40|031|9000|88103|1|7|105|800|20200110|00:00|0.00002||||||||||||||.00022|.00013
RD|I|40|031|9000|88103|1|7|105|800|20200113|00:00|0.00014||||||||||||||.00022|.00014
RD|I|40|031|9000|88103|1|7|105|800|20200116|00:00|0.00000||||||||||||||.00022|.00014
RD|I|40|031|9000|88103|1|7|105|800|20200119|00:00|0.00000||||||||||||||.00022|.00013
RD|I|40|031|9000|88103|1|7|105|800|20200122|00:00|0.00027||||||||||||||.00022|.00015
RD|I|40|031|9000|88103|1|7|105|800|20200125|00:00|0.00000||||||||||||||.00022|.00013
RD|I|40|031|9000|88103|1|7|105|800|20200128|00:00|0.00021||||||||||||||.00022|.00015
RD|I|40|031|9000|88103|1|7|105|800|20200131|00:00|0.00000||||||||||||||.00022|.00013
RD|I|40|031|9000|88103|1|7|105|800|20200203|00:00|0.00000||||||||||||||.00022|.00013
RD|I|40|031|9000|88103|1|7|105|800|20200206|00:00|0.00000||||||||||||||.00022|.00014
RD|I|40|031|9000|88103|1|7|105|800|20200209|00:00|0.00000||||||||||||||.00022|.00013
RD|I|40|031|9000|88103|1|7|105|800|20200212|00:00|0.00000||||||||||||||.00023|.00014
RD|I|40|031|9000|88103|1|7|105|800|20200215|00:00|0.00000||||||||||||||.00022|.00013
RD|I|40|031|9000|88103|1|7|105|800|20200218|00:00|0.00000||||||||||||||.00022|.00013
RD|I|40|031|9000|88103|1|7|105|800|20200221|00:00|0.00000||||||||||||||.00022|.00013
RD|I|40|031|9000|88103|1|7|105|800|20200224|00:00|0.00000||||||||||||||.00022|.00013
RD|I|40|031|9000|88103|1|7|105|800|20200227|00:00|0.00000||||||||||||||.00022|.00013
RD|I|40|031|9000|88103|1|7|105|800|20200301|00:00|0.00000||||||||||||||.00022|.00013
RD|I|40|031|9000|88103|1|7|105|800|20200304|00:00||AF||||||||||||||
RD|I|40|031|9000|88103|1|7|105|800|20200307|00:00|0.00010||||||||||||||.00022|.00014
RD|I|40|031|9000|88103|1|7|105|800|20200310|00:00|0.00000||||||||||||||.00022|.00013
RD|I|40|031|9000|88103|1|7|105|800|20200313|00:00|0.00000||||||||||||||.00022|.00013
RD|I|40|031|9000|88103|1|7|105|800|20200316|00:00|0.00000||||||||||||||.00022|.00013
RD|I|40|031|9000|88103|1|7|105|800|20200319|00:00|0.00000||||||||||||||.00022|.00013
RD|I|40|031|9000|88103|1|7|105|800|20200322|00:00|0.00000||||||||||||||.00022|.00013
RD|I|40|031|9000|88103|1|7|105|800|20200325|00:00||AF||||||||||||||
RD|I|40|031|9000|88103|1|7|105|800|20200328|00:00||AF||||||||||||||
RD|I|40|031|9000|88103|1|7|105|800|20200331|00:00||AF||||||||||||||
RD|I|40|031|9000|88103|1|7|105|800|20200403|00:00|0.00000||||||||||||||.00022|.00013
RD|I|40|031|9000|88103|1|7|105|800|20200406|00:00|0.00000||||||||||||||.00022|.00013
RD|I|40|031|9000|88103|1|7|105|800|20200409|00:00|0.00000||||||||||||||.00023|.00014
RD|I|40|031|9000|88103|1|7|105|800|20200412|00:00|0.00000||||||||||||||.00022|.00013
RD|I|40|031|9000|88103|1|7|105|800|20200415|00:00||AF||||||||||||||
RD|I|40|031|9000|88103|1|7|105|800|20200418|00:00||AF||||||||||||||
RD|I|40|031|9000|88103|1|7|105|800|20200421|00:00|0.00020||||||||||||||.00022|.00014
RD|I|40|031|9000|88103|1|7|105|800|20200424|00:00|0.00000||||||||||||||.00022|.00013
RD|I|40|031|9000|88103|1|7|105|800|20200427|00:00|0.00012||||||||||||||.00022|.00014
RD|I|40|031|9000|88103|1|7|105|800|20200430|00:00|0.00000||||||||||||||.00022|.00013
RD|I|40|031|9000|88103|1|7|105|800|20200503|00:00|0.00025||||||||||||||.00022|.00015
RD|I|40|031|9000|88103|1|7|105|800|20200506|00:00|0.00000||||||||||||||.00022|.00013
RD|I|40|031|9000|88103|1|7|105|800|20200509|00:00|0.00021||||||||||||||.00022|.00014
RD|I|40|031|9000|88103|1|7|105|800|20200512|00:00|0.00002||||||||||||||.00022|.00013
RD|I|40|031|9000|88103|1|7|105|800|20200515|00:00|0.00000||||||||||||||.00022|.00013
RD|I|40|031|9000|88103|1|7|105|800|20200518|00:00|0.00000||||||||||||||.00022|.00013
RD|I|40|031|9000|88103|1|7|105|800|20200521|00:00|0.00012||||||||||||||.00022|.00014
RD|I|40|031|9000|88103|1|7|105|800|20200524|00:00|0.00000||||||||||||||.00022|.00013
RD|I|40|031|9000|88103|1|7|105|800|20200527|00:00|0.00000||||||||||||||.00022|.00013
RD|I|40|031|9000|88103|1|7|105|800|20200530|00:00|0.00002||||||||||||||.00022|.00013
RD|I|40|031|9000|88103|1|7|105|800|20200602|00:00|0.00009||||||||||||||.00022|.00013
RD|I|40|031|9000|88103|1|7|105|800|20200605|00:00|0.00001||||||||||||||.00022|.00013
RD|I|40|031|9000|88103|1|7|105|800|20200608|00:00|0.00000||||||||||||||.00022|.00013
RD|I|40|031|9000|88103|1|7|105|800|20200611|00:00|0.00000||||||||||||||.00022|.00013
RD|I|40|031|9000|88103|1|7|105|800|20200614|00:00|0.00000||||||||||||||.00022|.00013
RD|I|40|031|9000|88103|1|7|105|800|20200617|00:00|0.00000||||||||||||||.00022|.00013
RD|I|40|031|9000|88103|1|7|105|800|20200620|00:00|0.00000||||||||||||||.00022|.00013
RD|I|40|031|9000|88103|1|7|105|800|20200623|00:00||AN||||||||||||||
RD|I|40|031|9000|88103|1|7|105|800|20200626|00:00|0.00000||||||||||||||.00022|.00013
RD|I|40|031|9000|88103|1|7|105|800|20200629|00:00|0.00000||||||||||||||.00022|.00013
RD|I|40|031|9000|88103|1|7|105|800|20200702|00:00||AF||||||||||||||
RD|I|40|031|9000|88103|1|7|105|800|20200705|00:00||AF||||||||||||||
RD|I|40|031|9000|88103|1|7|105|800|20200708|00:00||AF||||||||||||||
RD|I|40|031|9000|88103|1|7|105|800|20200711|00:00||AF||||||||||||||
RD|I|40|031|9000|88103|1|7|105|800|20200714|00:00||AF||||||||||||||
RD|I|40|031|9000|88103|1|7|105|800|20200717|00:00|0.00027||||||||||||||.00022|.00015
RD|I|40|031|9000|88103|1|7|105|800|20200720|00:00|0.00021||||||||||||||.00022|.00014
RD|I|40|031|9000|88103|1|7|105|800|20200723|00:00||AJ||||||||||||||
RD|I|40|031|9000|88103|1|7|105|800|20200726|00:00|0.00000||||||||||||||.00022|.00014
RD|I|40|031|9000|88103|1|7|105|800|20200729|00:00||AF||||||||||||||
RD|I|40|031|9000|88103|1|7|105|800|20200801|00:00|0.00000||||||||||||||.00022|.00014
RD|I|40|031|9000|88103|1|7|105|800|20200804|00:00|0.00000||||||||||||||.00023|.00014
RD|I|40|031|9000|88103|1|7|105|800|20200807|00:00|0.00000||||||||||||||.00023|.00014
RD|I|40|031|9000|88103|1|7|105|800|20200810|00:00|0.00000||||||||||||||.00023|.00014
RD|I|40|031|9000|88103|1|7|105|800|20200813|00:00|0.00013||||||||||||||.00023|.00014
RD|I|40|031|9000|88103|1|7|105|800|20200816|00:00||AV||||||||||||||
RD|I|40|031|9000|88103|1|7|105|800|20200819|00:00|0.00000||||||||||||||.00023|.00014
RD|I|40|031|9000|88103|1|7|105|800|20200822|00:00|0.00000||||||||||||||.00022|.00014
RD|I|40|031|9000|88103|1|7|105|800|20200825|00:00|0.00000||||||||||||||.00023|.00014
RD|I|40|031|9000|88103|1|7|105|800|20200828|00:00|0.00000||||||||||||||.00022|.00014
RD|I|40|031|9000|88103|1|7|105|800|20200831|00:00||AN||||||||||||||
RD|I|40|031|9000|88103|1|7|105|800|20200903|00:00|0.00000||||||||||||||.00022|.00014
RD|I|40|031|9000|88103|1|7|105|800|20200906|00:00|0.00000||||||||||||||.00022|.00014
RD|I|40|031|9000|88103|1|7|105|800|20200909|00:00|0.00000||||||||||||||.00023|.00014
RD|I|40|031|9000|88103|1|7|105|800|20200912|00:00|0.00000||||||||||||||.00023|.00014
RD|I|40|031|9000|88103|1|7|105|800|20200915|00:00|0.00054||||||||||||||.00023|.00019
RD|I|40|031|9000|88103|1|7|105|800|20200918|00:00|0.00002||||||||||||||.00023|.00014
RD|I|40|031|9000|88103|1|7|105|800|20200921|00:00|0.00039||||||||||||||.00023|.00017
RD|I|40|031|9000|88103|1|7|105|800|20200924|00:00|0.00000||||||||||||||.00023|.00014
RD|I|40|031|9000|88103|1|7|105|800|20200927|00:00|0.00000||||||||||||||.00023|.00014
RD|I|40|031|9000|88103|1|7|105|800|20200930|00:00|0.00000||||||||||||||.00022|.00014
RD|I|40|031|9000|88103|1|7|105|800|20201003|00:00|0.00011||||||||||||||.00023|.00014
RD|I|40|031|9000|88103|1|7|105|800|20201006|00:00|0.00037||||||||||||||.00023|.00017
RD|I|40|031|9000|88103|1|7|105|800|20201009|00:00|0.00018||||||||||||||.00023|.00015
RD|I|40|031|9000|88103|1|7|105|800|20201012|00:00|0.00000||||||||||||||.00023|.00014
RD|I|40|031|9000|88103|1|7|105|800|20201015|00:00|0.00000||||||||||||||.00023|.00014
RD|I|40|031|9000|88103|1|7|105|800|20201018|00:00|0.00005||||||||||||||.00023|.00014
RD|I|40|031|9000|88103|1|7|105|800|20201021|00:00|0.00000||||||||||||||.00023|.00014
RD|I|40|031|9000|88103|1|7|105|800|20201024|00:00|0.00000||||||||||||||.00023|.00014
RD|I|40|031|9000|88103|1|7|105|800|20201027|00:00||AV||||||||||||||
RD|I|40|031|9000|88103|1|7|105|800|20201030|00:00|0.00000||||||||||||||.00023|.00014
RD|I|40|031|9000|88103|1|7|105|800|20201102|00:00|0.00030||||||||||||||.00023|.00016
RD|I|40|031|9000|88103|1|7|105|800|20201105|00:00|0.00002||||||||||||||.00023|.00014
RD|I|40|031|9000|88103|1|7|105|800|20201108|00:00|0.00040||||||||||||||.00023|.00017
RD|I|40|031|9000|88103|1|7|105|800|20201111|00:00|0.00002||||||||||||||.00023|.00014
RD|I|40|031|9000|88103|1|7|105|800|20201114|00:00|0.00000||||||||||||||.00023|.00014
RD|I|40|031|9000|88103|1|7|105|800|20201117|00:00|0.00011||||||||||||||.00023|.00014
RD|I|40|031|9000|88103|1|7|105|800|20201120|00:00||AF||||||||||||||
RD|I|40|031|9000|88103|1|7|105|800|20201123|00:00|0.00000||||||||||||||.00023|.00014
RD|I|40|031|9000|88103|1|7|105|800|20201126|00:00||AF||||||||||||||
RD|I|40|031|9000|88103|1|7|105|800|20201129|00:00||AF||||||||||||||
RD|I|40|031|9000|88103|1|7|105|800|20201202|00:00|0.00000||||||||||||||.00023|.00014
RD|I|40|031|9000|88103|1|7|105|800|20201205|00:00|0.00000||||||||||||||.00023|.00014
RD|I|40|031|9000|88103|1|7|105|800|20201208|00:00|0.00000||||||||||||||.00023|.00014
RD|I|40|031|9000|88103|1|7|105|800|20201211|00:00|0.00000||||||||||||||.00023|.00014
RD|I|40|031|9000|88103|1|7|105|800|20201214|00:00|0.00000||||||||||||||.00023|.00014
RD|I|40|031|9000|88103|1|7|105|800|20201217|00:00|0.00008||||||||||||||.00023|.00014
RD|I|40|031|9000|88103|1|7|105|800|20201220|00:00|0.00000||||||||||||||.00023|.00014
RD|I|40|031|9000|88103|1|7|105|800|20201223|00:00||AF||||||||||||||
RD|I|40|031|9000|88103|1|7|105|800|20201226|00:00||AF||||||||||||||
RD|I|40|031|9000|88103|1|7|105|800|20201229|00:00||AF||||||||||||||
RD|I|40|031|9000|88112|1|7|105|800|20200101|00:00|-0.00005||||||||||||||.00011|.00007
RD|I|40|031|9000|88112|1|7|105|800|20200104|00:00|-0.00006||||||||||||||.00011|.00007
RD|I|40|031|9000|88112|1|7|105|800|20200107|00:00|0.00000||||||||||||||.00011|.00007
RD|I|40|031|9000|88112|1|7|105|800|20200110|00:00|0.00005||||||||||||||.00011|.00007
RD|I|40|031|9000|88112|1|7|105|800|20200113|00:00|0.00004||||||||||||||.00011|.00007
RD|I|40|031|9000|88112|1|7|105|800|20200116|00:00|0.00006||||||||||||||.00011|.00007
RD|I|40|031|9000|88112|1|7|105|800|20200119|00:00|-0.00005||||||||||||||.00011|.00007
RD|I|40|031|9000|88112|1|7|105|800|20200122|00:00|0.00008||||||||||||||.00011|.00007
RD|I|40|031|9000|88112|1|7|105|800|20200125|00:00|0.00001||||||||||||||.00011|.00007
RD|I|40|031|9000|88112|1|7|105|800|20200128|00:00|0.00002||||||||||||||.00011|.00007
RD|I|40|031|9000|88112|1|7|105|800|20200131|00:00|0.00008||||||||||||||.00011|.00007
RD|I|40|031|9000|88112|1|7|105|800|20200203|00:00|0.00007||||||||||||||.00011|.00007
RD|I|40|031|9000|88112|1|7|105|800|20200206|00:00|-0.00003||||||||||||||.00011|.00007
RD|I|40|031|9000|88112|1|7|105|800|20200209|00:00|0.00016||||||||||||||.00011|.00007
RD|I|40|031|9000|88112|1|7|105|800|20200212|00:00|0.00007||||||||||||||.00011|.00007
RD|I|40|031|9000|88112|1|7|105|800|20200215|00:00|0.00005||||||||||||||.00011|.00007
RD|I|40|031|9000|88112|1|7|105|800|20200218|00:00|0.00004||||||||||||||.00011|.00007
RD|I|40|031|9000|88112|1|7|105|800|20200221|00:00|-0.00003||||||||||||||.00011|.00007
RD|I|40|031|9000|88112|1|7|105|800|20200224|00:00|-0.00003||||||||||||||.00011|.00007
RD|I|40|031|9000|88112|1|7|105|800|20200227|00:00|-0.00001||||||||||||||.00011|.00007
RD|I|40|031|9000|88112|1|7|105|800|20200301|00:00|-0.00002||||||||||||||.00011|.00007
RD|I|40|031|9000|88112|1|7|105|800|20200304|00:00||AF||||||||||||||
RD|I|40|031|9000|88112|1|7|105|800|20200307|00:00|0.00017||||||||||||||.00011|.00007
RD|I|40|031|9000|88112|1|7|105|800|20200310|00:00|0.00006||||||||||||||.00011|.00007
RD|I|40|031|9000|88112|1|7|105|800|20200313|00:00|0.00006||||||||||||||.00011|.00007
RD|I|40|031|9000|88112|1|7|105|800|20200316|00:00|0.00003||||||||||||||.00011|.00007
RD|I|40|031|9000|88112|1|7|105|800|20200319|00:00|0.00007||||||||||||||.00011|.00007
RD|I|40|031|9000|88112|1|7|105|800|20200322|00:00|-0.00001||||||||||||||.00011|.00007
RD|I|40|031|9000|88112|1|7|105|800|20200325|00:00||AF||||||||||||||
RD|I|40|031|9000|88112|1|7|105|800|20200328|00:00||AF||||||||||||||
RD|I|40|031|9000|88112|1|7|105|800|20200331|00:00||AF||||||||||||||
RD|I|40|031|9000|88112|1|7|105|800|20200403|00:00|0.00016||||||||||||||.00011|.00007
RD|I|40|031|9000|88112|1|7|105|800|20200406|00:00|0.00017||||||||||||||.00011|.00007
RD|I|40|031|9000|88112|1|7|105|800|20200409|00:00|0.00014||||||||||||||.00011|.00007
RD|I|40|031|9000|88112|1|7|105|800|20200412|00:00|0.00008||||||||||||||.00011|.00007
RD|I|40|031|9000|88112|1|7|105|800|20200415|00:00||AF||||||||||||||
RD|I|40|031|9000|88112|1|7|105|800|20200418|00:00||AF||||||||||||||
RD|I|40|031|9000|88112|1|7|105|800|20200421|00:00|0.00009||||||||||||||.00011|.00007
RD|I|40|031|9000|88112|1|7|105|800|20200424|00:00|0.00002||||||||||||||.00011|.00007
RD|I|40|031|9000|88112|1|7|105|800|20200427|00:00|0.00021||||||||||||||.00011|.00007
RD|I|40|031|9000|88112|1|7|105|800|20200430|00:00|0.00011||||||||||||||.00011|.00007
RD|I|40|031|9000|88112|1|7|105|800|20200503|00:00|0.00014||||||||||||||.00011|.00007
RD|I|40|031|9000|88112|1|7|105|800|20200506|00:00|0.00006||||||||||||||.00011|.00007
RD|I|40|031|9000|88112|1|7|105|800|20200509|00:00|0.00013||||||||||||||.00011|.00007
RD|I|40|031|9000|88112|1|7|105|800|20200512|00:00|0.00013||||||||||||||.00011|.00007
RD|I|40|031|9000|88112|1|7|105|800|20200515|00:00|0.00009||||||||||||||.00011|.00007
RD|I|40|031|9000|88112|1|7|105|800|20200518|00:00|0.00008||||||||||||||.00011|.00007
RD|I|40|031|9000|88112|1|7|105|800|20200521|00:00|0.00016||||||||||||||.00011|.00007
RD|I|40|031|9000|88112|1|7|105|800|20200524|00:00|0.00011||||||||||||||.00011|.00007
RD|I|40|031|9000|88112|1|7|105|800|20200527|00:00|0.00000||||||||||||||.00011|.00007
RD|I|40|031|9000|88112|1|7|105|800|20200530|00:00|0.00000||||||||||||||.00011|.00007
RD|I|40|031|9000|88112|1|7|105|800|20200602|00:00|0.00005||||||||||||||.00011|.00007
RD|I|40|031|9000|88112|1|7|105|800|20200605|00:00|0.00008||||||||||||||.00011|.00007
RD|I|40|031|9000|88112|1|7|105|800|20200608|00:00|0.00006||||||||||||||.00011|.00007
RD|I|40|031|9000|88112|1|7|105|800|20200611|00:00|0.00002||||||||||||||.00011|.00007
RD|I|40|031|9000|88112|1|7|105|800|20200614|00:00|0.00003||||||||||||||.00011|.00007
RD|I|40|031|9000|88112|1|7|105|800|20200617|00:00|0.00005||||||||||||||.00011|.00007
RD|I|40|031|9000|88112|1|7|105|800|20200620|00:00|0.00009||||||||||||||.00011|.00007
RD|I|40|031|9000|88112|1|7|105|800|20200623|00:00||AN||||||||||||||
RD|I|40|031|9000|88112|1|7|105|800|20200626|00:00|0.00068||||||||||||||.00011|.00013
RD|I|40|031|9000|88112|1|7|105|800|20200629|00:00|0.00100||||||||||||||.00011|.00017
RD|I|40|031|9000|88112|1|7|105|800|20200702|00:00||AF||||||||||||||
RD|I|40|031|9000|88112|1|7|105|800|20200705|00:00||AF||||||||||||||
RD|I|40|031|9000|88112|1|7|105|800|20200708|00:00||AF||||||||||||||
RD|I|40|031|9000|88112|1|7|105|800|20200711|00:00||AF||||||||||||||
RD|I|40|031|9000|88112|1|7|105|800|20200714|00:00||AF||||||||||||||
RD|I|40|031|9000|88112|1|7|105|800|20200717|00:00|0.00087||||||||||||||.00011|.00015
RD|I|40|031|9000|88112|1|7|105|800|20200720|00:00|0.00090||||||||||||||.00011|.00016
RD|I|40|031|9000|88112|1|7|105|800|20200723|00:00||AJ||||||||||||||
RD|I|40|031|9000|88112|1|7|105|800|20200726|00:00|0.00004||||||||||||||.00011|.00007
RD|I|40|031|9000|88112|1|7|105|800|20200729|00:00||AF||||||||||||||
RD|I|40|031|9000|88112|1|7|105|800|20200801|00:00|0.00005||||||||||||||.00011|.00007
RD|I|40|031|9000|88112|1|7|105|800|20200804|00:00|-0.00002||||||||||||||.00011|.00007
RD|I|40|031|9000|88112|1|7|105|800|20200807|00:00|0.00008||||||||||||||.00011|.00007
RD|I|40|031|9000|88112|1|7|105|800|20200810|00:00|0.00095||||||||||||||.00011|.00017
RD|I|40|031|9000|88112|1|7|105|800|20200813|00:00|0.00056||||||||||||||.00011|.00011
RD|I|40|031|9000|88112|1|7|105|800|20200816|00:00||AV||||||||||||||
RD|I|40|031|9000|88112|1|7|105|800|20200819|00:00|0.00005||||||||||||||.00036|.00022
RD|I|40|031|9000|88112|1|7|105|800|20200822|00:00|0.00029||||||||||||||.00036|.00022
RD|I|40|031|9000|88112|1|7|105|800|20200825|00:00|-0.00004||||||||||||||.00037|.00022
RD|I|40|031|9000|88112|1|7|105|800|20200828|00:00|0.00017||||||||||||||.00036|.00022
RD|I|40|031|9000|88112|1|7|105|800|20200831|00:00||AN||||||||||||||
RD|I|40|031|9000|88112|1|7|105|800|20200903|00:00|0.00005||||||||||||||.00014|.00009
RD|I|40|031|9000|88112|1|7|105|800|20200906|00:00|0.00042||||||||||||||.00014|.00011
RD|I|40|031|9000|88112|1|7|105|800|20200909|00:00|0.00018||||||||||||||.00015|.00009
RD|I|40|031|9000|88112|1|7|105|800|20200912|00:00|-0.00001||||||||||||||.00015|.00009
RD|I|40|031|9000|88112|1|7|105|800|20200915|00:00|0.00018||||||||||||||.00015|.00009
RD|I|40|031|9000|88112|1|7|105|800|20200918|00:00|0.00007||||||||||||||.00015|.00009
RD|I|40|031|9000|88112|1|7|105|800|20200921|00:00|0.00021||||||||||||||.00015|.00009
RD|I|40|031|9000|88112|1|7|105|800|20200924|00:00|0.00004||||||||||||||.00015|.00009
RD|I|40|031|9000|88112|1|7|105|800|20200927|00:00|0.00031||||||||||||||.00015|.0001
RD|I|40|031|9000|88112|1|7|105|800|20200930|00:00|0.00024||||||||||||||.00014|.0001
RD|I|40|031|9000|88112|1|7|105|800|20201003|00:00|0.00010||||||||||||||.00016|.0001
RD|I|40|031|9000|88112|1|7|105|800|20201006|00:00|0.00016||||||||||||||.00016|.0001
RD|I|40|031|9000|88112|1|7|105|800|20201009|00:00|0.00017||||||||||||||.00016|.0001
RD|I|40|031|9000|88112|1|7|105|800|20201012|00:00|0.00030||||||||||||||.00016|.00011
RD|I|40|031|9000|88112|1|7|105|800|20201015|00:00|-0.00004||||||||||||||.00016|.0001
RD|I|40|031|9000|88112|1|7|105|800|20201018|00:00|0.00007||||||||||||||.00017|.0001
RD|I|40|031|9000|88112|1|7|105|800|20201021|00:00|0.00018||||||||||||||.00016|.0001
RD|I|40|031|9000|88112|1|7|105|800|20201024|00:00|0.00013||||||||||||||.00017|.0001
RD|I|40|031|9000|88112|1|7|105|800|20201027|00:00||AV||||||||||||||
RD|I|40|031|9000|88112|1|7|105|800|20201030|00:00|0.00017||||||||||||||.00017|.0001
RD|I|40|031|9000|88112|1|7|105|800|20201102|00:00|0.00003||||||||||||||.00022|.00014
RD|I|40|031|9000|88112|1|7|105|800|20201105|00:00|0.00042||||||||||||||.00023|.00015
RD|I|40|031|9000|88112|1|7|105|800|20201108|00:00|0.00043||||||||||||||.00023|.00015
RD|I|40|031|9000|88112|1|7|105|800|20201111|00:00|0.00022||||||||||||||.00017|.00011
RD|I|40|031|9000|88112|1|7|105|800|20201114|00:00|0.00022||||||||||||||.00017|.00011
RD|I|40|031|9000|88112|1|7|105|800|20201117|00:00|0.00023||||||||||||||.00016|.00011
RD|I|40|031|9000|88112|1|7|105|800|20201120|00:00||AF||||||||||||||
RD|I|40|031|9000|88112|1|7|105|800|20201123|00:00|0.00015||||||||||||||.00017|.0001
RD|I|40|031|9000|88112|1|7|105|800|20201126|00:00||AF||||||||||||||
RD|I|40|031|9000|88112|1|7|105|800|20201129|00:00||AF||||||||||||||
RD|I|40|031|9000|88112|1|7|105|800|20201202|00:00|0.00010||||||||||||||.00017|.0001
RD|I|40|031|9000|88112|1|7|105|800|20201205|00:00|-0.00011||||||||||||||.00017|.0001
RD|I|40|031|9000|88112|1|7|105|800|20201208|00:00|0.00006||||||||||||||.00017|.0001
RD|I|40|031|9000|88112|1|7|105|800|20201211|00:00|-0.00006||||||||||||||.00017|.0001
RD|I|40|031|9000|88112|1|7|105|800|20201214|00:00|-0.00004||||||||||||||.00017|.0001
RD|I|40|031|9000|88112|1|7|105|800|20201217|00:00|-0.00006||||||||||||||.00017|.0001
RD|I|40|031|9000|88112|1|7|105|800|20201220|00:00|-0.00012||||||||||||||.00017|.0001
RD|I|40|031|9000|88112|1|7|105|800|20201223|00:00||AF||||||||||||||
RD|I|40|031|9000|88112|1|7|105|800|20201226|00:00||AF||||||||||||||
RD|I|40|031|9000|88112|1|7|105|800|20201229|00:00||AF||||||||||||||
RD|I|40|031|9000|88128|1|7|105|800|20200101|00:00|0.00064||||||||||||||.0004|.00029
RD|I|40|031|9000|88128|1|7|105|800|20200104|00:00|0.00007||||||||||||||.00039|.00024
RD|I|40|031|9000|88128|1|7|105|800|20200107|00:00|-0.00016||||||||||||||.00039|.00024
RD|I|40|031|9000|88128|1|7|105|800|20200110|00:00|0.00071||||||||||||||.00039|.0003
RD|I|40|031|9000|88128|1|7|105|800|20200113|00:00|0.00117||||||||||||||.0004|.00038
RD|I|40|031|9000|88128|1|7|105|800|20200116|00:00|0.00046||||||||||||||.0004|.00027
RD|I|40|031|9000|88128|1|7|105|800|20200119|00:00|0.00016||||||||||||||.00039|.00024
RD|I|40|031|9000|88128|1|7|105|800|20200122|00:00|0.00089||||||||||||||.0004|.00033
RD|I|40|031|9000|88128|1|7|105|800|20200125|00:00|0.00043||||||||||||||.00039|.00026
RD|I|40|031|9000|88128|1|7|105|800|20200128|00:00|0.00036||||||||||||||.0004|.00026
RD|I|40|031|9000|88128|1|7|105|800|20200131|00:00|-0.00027||||||||||||||.0004|.00025
RD|I|40|031|9000|88128|1|7|105|800|20200203|00:00|0.00028||||||||||||||.00042|.00026
RD|I|40|031|9000|88128|1|7|105|800|20200206|00:00|0.00047||||||||||||||.00042|.00028
RD|I|40|031|9000|88128|1|7|105|800|20200209|00:00|0.00068||||||||||||||.00041|.0003
RD|I|40|031|9000|88128|1|7|105|800|20200212|00:00|0.00027||||||||||||||.00042|.00027
RD|I|40|031|9000|88128|1|7|105|800|20200215|00:00|0.00008||||||||||||||.00041|.00025
RD|I|40|031|9000|88128|1|7|105|800|20200218|00:00|0.00024||||||||||||||.00041|.00026
RD|I|40|031|9000|88128|1|7|105|800|20200221|00:00|0.00024||||||||||||||.00042|.00026
RD|I|40|031|9000|88128|1|7|105|800|20200224|00:00|0.00033||||||||||||||.00041|.00026
RD|I|40|031|9000|88128|1|7|105|800|20200227|00:00|0.00008||||||||||||||.00042|.00025
RD|I|40|031|9000|88128|1|7|105|800|20200301|00:00|-0.00026||||||||||||||.00039|.00025
RD|I|40|031|9000|88128|1|7|105|800|20200304|00:00||AF||||||||||||||
RD|I|40|031|9000|88128|1|7|105|800|20200307|00:00|0.00108||||||||||||||.00039|.00036
RD|I|40|031|9000|88128|1|7|105|800|20200310|00:00|0.00071||||||||||||||.00039|.00029
RD|I|40|031|9000|88128|1|7|105|800|20200313|00:00|0.00038||||||||||||||.00039|.00026
RD|I|40|031|9000|88128|1|7|105|800|20200316|00:00|0.00006||||||||||||||.00039|.00024
RD|I|40|031|9000|88128|1|7|105|800|20200319|00:00|0.00011||||||||||||||.00039|.00024
RD|I|40|031|9000|88128|1|7|105|800|20200322|00:00|0.00028||||||||||||||.00039|.00024
RD|I|40|031|9000|88128|1|7|105|800|20200325|00:00||AF||||||||||||||
RD|I|40|031|9000|88128|1|7|105|800|20200328|00:00||AF||||||||||||||
RD|I|40|031|9000|88128|1|7|105|800|20200331|00:00||AF||||||||||||||
RD|I|40|031|9000|88128|1|7|105|800|20200403|00:00|0.00022||||||||||||||.00033|.00021
RD|I|40|031|9000|88128|1|7|105|800|20200406|00:00|0.00115||||||||||||||.00033|.00035
RD|I|40|031|9000|88128|1|7|105|800|20200409|00:00|0.00098||||||||||||||.00034|.00032
RD|I|40|031|9000|88128|1|7|105|800|20200412|00:00|0.00080||||||||||||||.00033|.00028
RD|I|40|031|9000|88128|1|7|105|800|20200415|00:00||AF||||||||||||||
RD|I|40|031|9000|88128|1|7|105|800|20200418|00:00||AF||||||||||||||
RD|I|40|031|9000|88128|1|7|105|800|20200421|00:00|0.00099||||||||||||||.00032|.00032
RD|I|40|031|9000|88128|1|7|105|800|20200424|00:00|0.00052||||||||||||||.00033|.00024
RD|I|40|031|9000|88128|1|7|105|800|20200427|00:00|0.00053||||||||||||||.00033|.00024
RD|I|40|031|9000|88128|1|7|105|800|20200430|00:00|0.00010||||||||||||||.00032|.0002
RD|I|40|031|9000|88128|1|7|105|800|20200503|00:00|0.00107||||||||||||||.0004|.00036
RD|I|40|031|9000|88128|1|7|105|800|20200506|00:00|0.00034||||||||||||||.0004|.00026
RD|I|40|031|9000|88128|1|7|105|800|20200509|00:00|0.00048||||||||||||||.0004|.00027
RD|I|40|031|9000|88128|1|7|105|800|20200512|00:00|0.00167||||||||||||||.0004|.00048
RD|I|40|031|9000|88128|1|7|105|800|20200515|00:00|0.00042||||||||||||||.0004|.00026
RD|I|40|031|9000|88128|1|7|105|800|20200518|00:00|0.00085||||||||||||||.0004|.00032
RD|I|40|031|9000|88128|1|7|105|800|20200521|00:00|0.00081||||||||||||||.0004|.00032
RD|I|40|031|9000|88128|1|7|105|800|20200524|00:00|0.00008||||||||||||||.0004|.00024
RD|I|40|031|9000|88128|1|7|105|800|20200527|00:00|-0.00012||||||||||||||.00039|.00024
RD|I|40|031|9000|88128|1|7|105|800|20200530|00:00|0.00085||||||||||||||.0004|.00032
RD|I|40|031|9000|88128|1|7|105|800|20200602|00:00|0.00086||||||||||||||.00035|.0003
RD|I|40|031|9000|88128|1|7|105|800|20200605|00:00|0.00050||||||||||||||.00035|.00025
RD|I|40|031|9000|88128|1|7|105|800|20200608|00:00|0.00035||||||||||||||.00035|.00023
RD|I|40|031|9000|88128|1|7|105|800|20200611|00:00|0.00047||||||||||||||.00035|.00024
RD|I|40|031|9000|88128|1|7|105|800|20200614|00:00|0.00050||||||||||||||.00035|.00025
RD|I|40|031|9000|88128|1|7|105|800|20200617|00:00|0.00071||||||||||||||.00035|.00028
RD|I|40|031|9000|88128|1|7|105|800|20200620|00:00|0.00051||||||||||||||.00035|.00025
RD|I|40|031|9000|88128|1|7|105|800|20200623|00:00||AN||||||||||||||
RD|I|40|031|9000|88128|1|7|105|800|20200626|00:00|-0.00009||||||||||||||.00035|.00021
RD|I|40|031|9000|88128|1|7|105|800|20200629|00:00|0.00092||||||||||||||.00035|.00031
RD|I|40|031|9000|88128|1|7|105|800|20200702|00:00||AF||||||||||||||
RD|I|40|031|9000|88128|1|7|105|800|20200705|00:00||AF||||||||||||||
RD|I|40|031|9000|88128|1|7|105|800|20200708|00:00||AF||||||||||||||
RD|I|40|031|9000|88128|1|7|105|800|20200711|00:00||AF||||||||||||||
RD|I|40|031|9000|88128|1|7|105|800|20200714|00:00||AF||||||||||||||
RD|I|40|031|9000|88128|1|7|105|800|20200717|00:00|0.00095||||||||||||||.0005|.00039
RD|I|40|031|9000|88128|1|7|105|800|20200720|00:00|0.00101||||||||||||||.00051|.0004
RD|I|40|031|9000|88128|1|7|105|800|20200723|00:00||AJ||||||||||||||
RD|I|40|031|9000|88128|1|7|105|800|20200726|00:00|0.00021||||||||||||||.00052|.00032
RD|I|40|031|9000|88128|1|7|105|800|20200729|00:00||AF||||||||||||||
RD|I|40|031|9000|88128|1|7|105|800|20200801|00:00|0.00045||||||||||||||.00048|.00031
RD|I|40|031|9000|88128|1|7|105|800|20200804|00:00|0.00062||||||||||||||.00049|.00033
RD|I|40|031|9000|88128|1|7|105|800|20200807|00:00|0.00048||||||||||||||.00049|.00032
RD|I|40|031|9000|88128|1|7|105|800|20200810|00:00|0.00052||||||||||||||.00049|.00033
RD|I|40|031|9000|88128|1|7|105|800|20200813|00:00|0.00038||||||||||||||.00049|.00031
RD|I|40|031|9000|88128|1|7|105|800|20200816|00:00||AV||||||||||||||
RD|I|40|031|9000|88128|1|7|105|800|20200819|00:00|0.00095||||||||||||||.00052|.00039
RD|I|40|031|9000|88128|1|7|105|800|20200822|00:00|0.00025||||||||||||||.00051|.00032
RD|I|40|031|9000|88128|1|7|105|800|20200825|00:00|0.00110||||||||||||||.00052|.00042
RD|I|40|031|9000|88128|1|7|105|800|20200828|00:00|0.00055||||||||||||||.00051|.00034
RD|I|40|031|9000|88128|1|7|105|800|20200831|00:00||AN||||||||||||||
RD|I|40|031|9000|88128|1|7|105|800|20200903|00:00|0.00015||||||||||||||.0007|.00043
RD|I|40|031|9000|88128|1|7|105|800|20200906|00:00|0.00018||||||||||||||.0007|.00043
RD|I|40|031|9000|88128|1|7|105|800|20200909|00:00|-0.00007||||||||||||||.00071|.00043
RD|I|40|031|9000|88128|1|7|105|800|20200912|00:00|0.00064||||||||||||||.00071|.00046
RD|I|40|031|9000|88128|1|7|105|800|20200915|00:00|0.00165||||||||||||||.0007|.00059
RD|I|40|031|9000|88128|1|7|105|800|20200918|00:00|0.00144||||||||||||||.0007|.00056
RD|I|40|031|9000|88128|1|7|105|800|20200921|00:00|0.00134||||||||||||||.00071|.00054
RD|I|40|031|9000|88128|1|7|105|800|20200924|00:00|0.00008||||||||||||||.00071|.00043
RD|I|40|031|9000|88128|1|7|105|800|20200927|00:00|0.00061||||||||||||||.00071|.00046
RD|I|40|031|9000|88128|1|7|105|800|20200930|00:00|0.00069||||||||||||||.0007|.00046
RD|I|40|031|9000|88128|1|7|105|800|20201003|00:00|0.00052||||||||||||||.00061|.00039
RD|I|40|031|9000|88128|1|7|105|800|20201006|00:00|0.00082||||||||||||||.00061|.00042
RD|I|40|031|9000|88128|1|7|105|800|20201009|00:00|0.00065||||||||||||||.00061|.00041
RD|I|40|031|9000|88128|1|7|105|800|20201012|00:00|-0.00011||||||||||||||.00061|.00037
RD|I|40|031|9000|88128|1|7|105|800|20201015|00:00|0.00047||||||||||||||.00061|.00039
RD|I|40|031|9000|88128|1|7|105|800|20201018|00:00|0.00001||||||||||||||.00062|.00037
RD|I|40|031|9000|88128|1|7|105|800|20201021|00:00|0.00049||||||||||||||.00061|.00039
RD|I|40|031|9000|88128|1|7|105|800|20201024|00:00|0.00036||||||||||||||.00062|.00039
RD|I|40|031|9000|88128|1|7|105|800|20201027|00:00||AV||||||||||||||
RD|I|40|031|9000|88128|1|7|105|800|20201030|00:00|0.00013||||||||||||||.00061|.00037
RD|I|40|031|9000|88128|1|7|105|800|20201102|00:00|0.00037||||||||||||||.00043|.00028
RD|I|40|031|9000|88128|1|7|105|800|20201105|00:00|0.00073||||||||||||||.00044|.00032
RD|I|40|031|9000|88128|1|7|105|800|20201108|00:00|0.00120||||||||||||||.00044|.0004
RD|I|40|031|9000|88128|1|7|105|800|20201111|00:00|0.00001||||||||||||||.00047|.00029
RD|I|40|031|9000|88128|1|7|105|800|20201114|00:00|0.00050||||||||||||||.00047|.00031
RD|I|40|031|9000|88128|1|7|105|800|20201117|00:00|0.00145||||||||||||||.00046|.00046
RD|I|40|031|9000|88128|1|7|105|800|20201120|00:00||AF||||||||||||||
RD|I|40|031|9000|88128|1|7|105|800|20201123|00:00|0.00073||||||||||||||.00047|.00034
RD|I|40|031|9000|88128|1|7|105|800|20201126|00:00||AF||||||||||||||
RD|I|40|031|9000|88128|1|7|105|800|20201129|00:00||AF||||||||||||||
RD|I|40|031|9000|88128|1|7|105|800|20201202|00:00|0.00124||||||||||||||.00047|.00042
RD|I|40|031|9000|88128|1|7|105|800|20201205|00:00|0.00047||||||||||||||.00047|.00031
RD|I|40|031|9000|88128|1|7|105|800|20201208|00:00|0.00032||||||||||||||.00046|.00029
RD|I|40|031|9000|88128|1|7|105|800|20201211|00:00|0.00087||||||||||||||.00047|.00036
RD|I|40|031|9000|88128|1|7|105|800|20201214|00:00|0.00044||||||||||||||.00047|.00031
RD|I|40|031|9000|88128|1|7|105|800|20201217|00:00|0.00036||||||||||||||.00047|.0003
RD|I|40|031|9000|88128|1|7|105|800|20201220|00:00|0.00043||||||||||||||.00047|.0003
RD|I|40|031|9000|88128|1|7|105|800|20201223|00:00||AF||||||||||||||
RD|I|40|031|9000|88128|1|7|105|800|20201226|00:00||AF||||||||||||||
RD|I|40|031|9000|88128|1|7|105|800|20201229|00:00||AF||||||||||||||
RD|I|40|031|9000|88132|1|7|105|800|20200101|00:00|0.00005||||||||||||||.00022|.00013
RD|I|40|031|9000|88132|1|7|105|800|20200104|00:00|0.00007||||||||||||||.00022|.00013
RD|I|40|031|9000|88132|1|7|105|800|20200107|00:00|0.00129||||||||||||||.00022|.00021
RD|I|40|031|9000|88132|1|7|105|800|20200110|00:00|0.00153||||||||||||||.00022|.00024
RD|I|40|031|9000|88132|1|7|105|800|20200113|00:00|0.00053||||||||||||||.00022|.00015
RD|I|40|031|9000|88132|1|7|105|800|20200116|00:00|0.00058||||||||||||||.00022|.00015
RD|I|40|031|9000|88132|1|7|105|800|20200119|00:00|-0.00002||||||||||||||.00022|.00013
RD|I|40|031|9000|88132|1|7|105|800|20200122|00:00|0.00029||||||||||||||.00022|.00014
RD|I|40|031|9000|88132|1|7|105|800|20200125|00:00|0.00056||||||||||||||.00022|.00015
RD|I|40|031|9000|88132|1|7|105|800|20200128|00:00|0.00015||||||||||||||.00022|.00014
RD|I|40|031|9000|88132|1|7|105|800|20200131|00:00|0.00028||||||||||||||.00022|.00014
RD|I|40|031|9000|88132|1|7|105|800|20200203|00:00|0.00073||||||||||||||.00022|.00016
RD|I|40|031|9000|88132|1|7|105|800|20200206|00:00|0.00026||||||||||||||.00022|.00014
RD|I|40|031|9000|88132|1|7|105|800|20200209|00:00|0.00128||||||||||||||.00022|.00021
RD|I|40|031|9000|88132|1|7|105|800|20200212|00:00|0.00050||||||||||||||.00023|.00015
RD|I|40|031|9000|88132|1|7|105|800|20200215|00:00|0.00063||||||||||||||.00022|.00016
RD|I|40|031|9000|88132|1|7|105|800|20200218|00:00|0.00047||||||||||||||.00022|.00015
RD|I|40|031|9000|88132|1|7|105|800|20200221|00:00|0.00009||||||||||||||.00022|.00013
RD|I|40|031|9000|88132|1|7|105|800|20200224|00:00|-0.00005||||||||||||||.00022|.00013
RD|I|40|031|9000|88132|1|7|105|800|20200227|00:00|0.00038||||||||||||||.00022|.00014
RD|I|40|031|9000|88132|1|7|105|800|20200301|00:00|0.00216||||||||||||||.00024|.00031
RD|I|40|031|9000|88132|1|7|105|800|20200304|00:00||AF||||||||||||||
RD|I|40|031|9000|88132|1|7|105|800|20200307|00:00|0.00057||||||||||||||.00024|.00016
RD|I|40|031|9000|88132|1|7|105|800|20200310|00:00|0.00172||||||||||||||.00023|.00027
RD|I|40|031|9000|88132|1|7|105|800|20200313|00:00|0.00086||||||||||||||.00024|.00018
RD|I|40|031|9000|88132|1|7|105|800|20200316|00:00|0.00015||||||||||||||.00023|.00014
RD|I|40|031|9000|88132|1|7|105|800|20200319|00:00|0.00090||||||||||||||.00023|.00018
RD|I|40|031|9000|88132|1|7|105|800|20200322|00:00|-0.00006||||||||||||||.00023|.00014
RD|I|40|031|9000|88132|1|7|105|800|20200325|00:00||AF||||||||||||||
RD|I|40|031|9000|88132|1|7|105|800|20200328|00:00||AF||||||||||||||
RD|I|40|031|9000|88132|1|7|105|800|20200331|00:00||AF||||||||||||||
RD|I|40|031|9000|88132|1|7|105|800|20200403|00:00|0.00054||||||||||||||.00022|.00015
RD|I|40|031|9000|88132|1|7|105|800|20200406|00:00|0.00061||||||||||||||.00022|.00016
RD|I|40|031|9000|88132|1|7|105|800|20200409|00:00|0.00196||||||||||||||.00023|.00029
RD|I|40|031|9000|88132|1|7|105|800|20200412|00:00|0.00116||||||||||||||.00022|.0002
RD|I|40|031|9000|88132|1|7|105|800|20200415|00:00||AF||||||||||||||
RD|I|40|031|9000|88132|1|7|105|800|20200418|00:00||AF||||||||||||||
RD|I|40|031|9000|88132|1|7|105|800|20200421|00:00|0.00088||||||||||||||.00022|.00017
RD|I|40|031|9000|88132|1|7|105|800|20200424|00:00|0.00083||||||||||||||.00022|.00017
RD|I|40|031|9000|88132|1|7|105|800|20200427|00:00|0.00146||||||||||||||.00022|.00023
RD|I|40|031|9000|88132|1|7|105|800|20200430|00:00|0.00090||||||||||||||.00022|.00018
RD|I|40|031|9000|88132|1|7|105|800|20200503|00:00|0.00314||||||||||||||.00022|.00043
RD|I|40|031|9000|88132|1|7|105|800|20200506|00:00|0.00107||||||||||||||.00022|.00019
RD|I|40|031|9000|88132|1|7|105|800|20200509|00:00|0.00038||||||||||||||.00022|.00014
RD|I|40|031|9000|88132|1|7|105|800|20200512|00:00|0.00078||||||||||||||.00022|.00017
RD|I|40|031|9000|88132|1|7|105|800|20200515|00:00|0.00123||||||||||||||.00022|.00021
RD|I|40|031|9000|88132|1|7|105|800|20200518|00:00|0.00048||||||||||||||.00022|.00015
RD|I|40|031|9000|88132|1|7|105|800|20200521|00:00|0.00145||||||||||||||.00022|.00023
RD|I|40|031|9000|88132|1|7|105|800|20200524|00:00|0.00053||||||||||||||.00022|.00015
RD|I|40|031|9000|88132|1|7|105|800|20200527|00:00|0.00017||||||||||||||.00022|.00013
RD|I|40|031|9000|88132|1|7|105|800|20200530|00:00|0.00097||||||||||||||.00022|.00018
RD|I|40|031|9000|88132|1|7|105|800|20200602|00:00|0.00095||||||||||||||.00022|.00018
RD|I|40|031|9000|88132|1|7|105|800|20200605|00:00|0.00074||||||||||||||.00022|.00016
RD|I|40|031|9000|88132|1|7|105|800|20200608|00:00|0.00083||||||||||||||.00022|.00017
RD|I|40|031|9000|88132|1|7|105|800|20200611|00:00|0.00095||||||||||||||.00022|.00018
RD|I|40|031|9000|88132|1|7|105|800|20200614|00:00|0.00115||||||||||||||.00022|.0002
RD|I|40|031|9000|88132|1|7|105|800|20200617|00:00|0.00094||||||||||||||.00022|.00018
RD|I|40|031|9000|88132|1|7|105|800|20200620|00:00|0.00032||||||||||||||.00022|.00014
RD|I|40|031|9000|88132|1|7|105|800|20200623|00:00||AN||||||||||||||
RD|I|40|031|9000|88132|1|7|105|800|20200626|00:00|0.00540||||||||||||||.00022|.00071
RD|I|40|031|9000|88132|1|7|105|800|20200629|00:00|0.01102||||||||||||||.00022|.00144
RD|I|40|031|9000|88132|1|7|105|800|20200702|00:00||AF||||||||||||||
RD|I|40|031|9000|88132|1|7|105|800|20200705|00:00||AF||||||||||||||
RD|I|40|031|9000|88132|1|7|105|800|20200708|00:00||AF||||||||||||||
RD|I|40|031|9000|88132|1|7|105|800|20200711|00:00||AF||||||||||||||
RD|I|40|031|9000|88132|1|7|105|800|20200714|00:00||AF||||||||||||||
RD|I|40|031|9000|88132|1|7|105|800|20200717|00:00|0.01016||||||||||||||.00022|.00133
RD|I|40|031|9000|88132|1|7|105|800|20200720|00:00|0.00800||||||||||||||.00022|.00105
RD|I|40|031|9000|88132|1|7|105|800|20200723|00:00||AJ||||||||||||||
RD|I|40|031|9000|88132|1|7|105|800|20200726|00:00|0.00049||||||||||||||.00022|.00015
RD|I|40|031|9000|88132|1|7|105|800|20200729|00:00||AF||||||||||||||
RD|I|40|031|9000|88132|1|7|105|800|20200801|00:00|0.00119||||||||||||||.00022|.00021
RD|I|40|031|9000|88132|1|7|105|800|20200804|00:00|0.00081||||||||||||||.00023|.00017
RD|I|40|031|9000|88132|1|7|105|800|20200807|00:00|0.00112||||||||||||||.00023|.0002
RD|I|40|031|9000|88132|1|7|105|800|20200810|00:00|0.00835||||||||||||||.00023|.00109
RD|I|40|031|9000|88132|1|7|105|800|20200813|00:00|0.00519||||||||||||||.00023|.00069
RD|I|40|031|9000|88132|1|7|105|800|20200816|00:00||AV||||||||||||||
RD|I|40|031|9000|88132|1|7|105|800|20200819|00:00|0.00157||||||||||||||.00023|.00025
RD|I|40|031|9000|88132|1|7|105|800|20200822|00:00|0.00106||||||||||||||.00022|.00019
RD|I|40|031|9000|88132|1|7|105|800|20200825|00:00|0.00066||||||||||||||.00023|.00016
RD|I|40|031|9000|88132|1|7|105|800|20200828|00:00|0.00133||||||||||||||.00022|.00022
RD|I|40|031|9000|88132|1|7|105|800|20200831|00:00||AN||||||||||||||
RD|I|40|031|9000|88132|1|7|105|800|20200903|00:00|0.00066||||||||||||||.00023|.00016
RD|I|40|031|9000|88132|1|7|105|800|20200906|00:00|0.00227||||||||||||||.00023|.00033
RD|I|40|031|9000|88132|1|7|105|800|20200909|00:00|0.00001||||||||||||||.00023|.00014
RD|I|40|031|9000|88132|1|7|105|800|20200912|00:00|0.00016||||||||||||||.00023|.00014
RD|I|40|031|9000|88132|1|7|105|800|20200915|00:00|0.00082||||||||||||||.00023|.00018
RD|I|40|031|9000|88132|1|7|105|800|20200918|00:00|0.00223||||||||||||||.00023|.00032
RD|I|40|031|9000|88132|1|7|105|800|20200921|00:00|0.00127||||||||||||||.00023|.00022
RD|I|40|031|9000|88132|1|7|105|800|20200924|00:00|0.00034||||||||||||||.00023|.00015
RD|I|40|031|9000|88132|1|7|105|800|20200927|00:00|0.00634||||||||||||||.00023|.00084
RD|I|40|031|9000|88132|1|7|105|800|20200930|00:00|0.00162||||||||||||||.00023|.00025
RD|I|40|031|9000|88132|1|7|105|800|20201003|00:00|0.00211||||||||||||||.00025|.00031
RD|I|40|031|9000|88132|1|7|105|800|20201006|00:00|0.00179||||||||||||||.00025|.00028
RD|I|40|031|9000|88132|1|7|105|800|20201009|00:00|0.00095||||||||||||||.00025|.0002
RD|I|40|031|9000|88132|1|7|105|800|20201012|00:00|0.00601||||||||||||||.00025|.0008
RD|I|40|031|9000|88132|1|7|105|800|20201015|00:00|0.00360||||||||||||||.00025|.00049
RD|I|40|031|9000|88132|1|7|105|800|20201018|00:00|0.00106||||||||||||||.00025|.00021
RD|I|40|031|9000|88132|1|7|105|800|20201021|00:00|0.00066||||||||||||||.00025|.00017
RD|I|40|031|9000|88132|1|7|105|800|20201024|00:00|0.00035||||||||||||||.00025|.00016
RD|I|40|031|9000|88132|1|7|105|800|20201027|00:00||AV||||||||||||||
RD|I|40|031|9000|88132|1|7|105|800|20201030|00:00|0.00024||||||||||||||.00025|.00016
RD|I|40|031|9000|88132|1|7|105|800|20201102|00:00|0.00069||||||||||||||.00027|.00019
RD|I|40|031|9000|88132|1|7|105|800|20201105|00:00|0.00100||||||||||||||.00027|.00021
RD|I|40|031|9000|88132|1|7|105|800|20201108|00:00|0.00066||||||||||||||.00027|.00019
RD|I|40|031|9000|88132|1|7|105|800|20201111|00:00|0.00116||||||||||||||.00025|.00022
RD|I|40|031|9000|88132|1|7|105|800|20201114|00:00|0.00395||||||||||||||.00025|.00053
RD|I|40|031|9000|88132|1|7|105|800|20201117|00:00|0.00170||||||||||||||.00025|.00027
RD|I|40|031|9000|88132|1|7|105|800|20201120|00:00||AF||||||||||||||
RD|I|40|031|9000|88132|1|7|105|800|20201123|00:00|0.00077||||||||||||||.00025|.00018
RD|I|40|031|9000|88132|1|7|105|800|20201126|00:00||AF||||||||||||||
RD|I|40|031|9000|88132|1|7|105|800|20201129|00:00||AF||||||||||||||
RD|I|40|031|9000|88132|1|7|105|800|20201202|00:00|0.00119||||||||||||||.00025|.00022
RD|I|40|031|9000|88132|1|7|105|800|20201205|00:00|0.00080||||||||||||||.00025|.00018
RD|I|40|031|9000|88132|1|7|105|800|20201208|00:00|0.00115||||||||||||||.00025|.00021
RD|I|40|031|9000|88132|1|7|105|800|20201211|00:00|0.00283||||||||||||||.00025|.0004
RD|I|40|031|9000|88132|1|7|105|800|20201214|00:00|0.00017||||||||||||||.00025|.00015
RD|I|40|031|9000|88132|1|7|105|800|20201217|00:00|0.00057||||||||||||||.00025|.00017
RD|I|40|031|9000|88132|1|7|105|800|20201220|00:00|0.00060||||||||||||||.00025|.00017
RD|I|40|031|9000|88132|1|7|105|800|20201223|00:00||AF||||||||||||||
RD|I|40|031|9000|88132|1|7|105|800|20201226|00:00||AF||||||||||||||
RD|I|40|031|9000|88132|1|7|105|800|20201229|00:00||AF||||||||||||||
RD|I|40|031|9000|88136|1|7|105|800|20200101|00:00|0.00004||||||||||||||.00011|.00007
RD|I|40|031|9000|88136|1|7|105|800|20200104|00:00|0.00000||||||||||||||.00011|.00007
RD|I|40|031|9000|88136|1|7|105|800|20200107|00:00|-0.00002||||||||||||||.00011|.00007
RD|I|40|031|9000|88136|1|7|105|800|20200110|00:00|0.00005||||||||||||||.00011|.00007
RD|I|40|031|9000|88136|1|7|105|800|20200113|00:00|0.00021||||||||||||||.00011|.00008
RD|I|40|031|9000|88136|1|7|105|800|20200116|00:00|0.00018||||||||||||||.00011|.00008
RD|I|40|031|9000|88136|1|7|105|800|20200119|00:00|0.00012||||||||||||||.00011|.00007
RD|I|40|031|9000|88136|1|7|105|800|20200122|00:00|0.00004||||||||||||||.00011|.00007
RD|I|40|031|9000|88136|1|7|105|800|20200125|00:00|0.00015||||||||||||||.00011|.00007
RD|I|40|031|9000|88136|1|7|105|800|20200128|00:00|0.00005||||||||||||||.00011|.00007
RD|I|40|031|9000|88136|1|7|105|800|20200131|00:00|0.00008||||||||||||||.00011|.00007
RD|I|40|031|9000|88136|1|7|105|800|20200203|00:00|0.00002||||||||||||||.00011|.00007
RD|I|40|031|9000|88136|1|7|105|800|20200206|00:00|0.00005||||||||||||||.00011|.00007
RD|I|40|031|9000|88136|1|7|105|800|20200209|00:00|0.00015||||||||||||||.00011|.00007
RD|I|40|031|9000|88136|1|7|105|800|20200212|00:00|0.00011||||||||||||||.00011|.00007
RD|I|40|031|9000|88136|1|7|105|800|20200215|00:00|0.00001||||||||||||||.00011|.00007
RD|I|40|031|9000|88136|1|7|105|800|20200218|00:00|0.00010||||||||||||||.00011|.00007
RD|I|40|031|9000|88136|1|7|105|800|20200221|00:00|0.00006||||||||||||||.00011|.00007
RD|I|40|031|9000|88136|1|7|105|800|20200224|00:00|0.00003||||||||||||||.00011|.00007
RD|I|40|031|9000|88136|1|7|105|800|20200227|00:00|0.00008||||||||||||||.00011|.00007
RD|I|40|031|9000|88136|1|7|105|800|20200301|00:00|0.00000||||||||||||||.00011|.00007
RD|I|40|031|9000|88136|1|7|105|800|20200304|00:00||AF||||||||||||||
RD|I|40|031|9000|88136|1|7|105|800|20200307|00:00|0.00002||||||||||||||.00011|.00007
RD|I|40|031|9000|88136|1|7|105|800|20200310|00:00|0.00009||||||||||||||.00011|.00007
RD|I|40|031|9000|88136|1|7|105|800|20200313|00:00|0.00005||||||||||||||.00011|.00007
RD|I|40|031|9000|88136|1|7|105|800|20200316|00:00|0.00000||||||||||||||.00011|.00007
RD|I|40|031|9000|88136|1|7|105|800|20200319|00:00|0.00003||||||||||||||.00011|.00007
RD|I|40|031|9000|88136|1|7|105|800|20200322|00:00|-0.00003||||||||||||||.00011|.00007
RD|I|40|031|9000|88136|1|7|105|800|20200325|00:00||AF||||||||||||||
RD|I|40|031|9000|88136|1|7|105|800|20200328|00:00||AF||||||||||||||
RD|I|40|031|9000|88136|1|7|105|800|20200331|00:00||AF||||||||||||||
RD|I|40|031|9000|88136|1|7|105|800|20200403|00:00|0.00011||||||||||||||.00011|.00007
RD|I|40|031|9000|88136|1|7|105|800|20200406|00:00|0.00024||||||||||||||.00011|.00008
RD|I|40|031|9000|88136|1|7|105|800|20200409|00:00|0.00010||||||||||||||.00011|.00007
RD|I|40|031|9000|88136|1|7|105|800|20200412|00:00|0.00004||||||||||||||.00011|.00007
RD|I|40|031|9000|88136|1|7|105|800|20200415|00:00||AF||||||||||||||
RD|I|40|031|9000|88136|1|7|105|800|20200418|00:00||AF||||||||||||||
RD|I|40|031|9000|88136|1|7|105|800|20200421|00:00|0.00013||||||||||||||.00011|.00007
RD|I|40|031|9000|88136|1|7|105|800|20200424|00:00|-0.00001||||||||||||||.00011|.00007
RD|I|40|031|9000|88136|1|7|105|800|20200427|00:00|0.00012||||||||||||||.00011|.00007
RD|I|40|031|9000|88136|1|7|105|800|20200430|00:00|0.00000||||||||||||||.00011|.00007
RD|I|40|031|9000|88136|1|7|105|800|20200503|00:00|0.00015||||||||||||||.00011|.00007
RD|I|40|031|9000|88136|1|7|105|800|20200506|00:00|0.00003||||||||||||||.00011|.00007
RD|I|40|031|9000|88136|1|7|105|800|20200509|00:00|-0.00004||||||||||||||.00011|.00007
RD|I|40|031|9000|88136|1|7|105|800|20200512|00:00|0.00017||||||||||||||.00011|.00007
RD|I|40|031|9000|88136|1|7|105|800|20200515|00:00|0.00004||||||||||||||.00011|.00007
RD|I|40|031|9000|88136|1|7|105|800|20200518|00:00|-0.00001||||||||||||||.00011|.00007
RD|I|40|031|9000|88136|1|7|105|800|20200521|00:00|0.00015||||||||||||||.00011|.00007
RD|I|40|031|9000|88136|1|7|105|800|20200524|00:00|0.00002||||||||||||||.00011|.00007
RD|I|40|031|9000|88136|1|7|105|800|20200527|00:00|-0.00001||||||||||||||.00011|.00007
RD|I|40|031|9000|88136|1|7|105|800|20200530|00:00|0.00010||||||||||||||.00011|.00007
RD|I|40|031|9000|88136|1|7|105|800|20200602|00:00|0.00006||||||||||||||.00011|.00007
RD|I|40|031|9000|88136|1|7|105|800|20200605|00:00|0.00007||||||||||||||.00011|.00007
RD|I|40|031|9000|88136|1|7|105|800|20200608|00:00|0.00004||||||||||||||.00011|.00007
RD|I|40|031|9000|88136|1|7|105|800|20200611|00:00|-0.00005||||||||||||||.00011|.00007
RD|I|40|031|9000|88136|1|7|105|800|20200614|00:00|0.00007||||||||||||||.00011|.00007
RD|I|40|031|9000|88136|1|7|105|800|20200617|00:00|0.00011||||||||||||||.00011|.00007
RD|I|40|031|9000|88136|1|7|105|800|20200620|00:00|0.00010||||||||||||||.00011|.00007
RD|I|40|031|9000|88136|1|7|105|800|20200623|00:00||AN||||||||||||||
RD|I|40|031|9000|88136|1|7|105|800|20200626|00:00|0.00034||||||||||||||.00011|.00009
RD|I|40|031|9000|88136|1|7|105|800|20200629|00:00|0.00063||||||||||||||.00011|.00013
RD|I|40|031|9000|88136|1|7|105|800|20200702|00:00||AF||||||||||||||
RD|I|40|031|9000|88136|1|7|105|800|20200705|00:00||AF||||||||||||||
RD|I|40|031|9000|88136|1|7|105|800|20200708|00:00||AF||||||||||||||
RD|I|40|031|9000|88136|1|7|105|800|20200711|00:00||AF||||||||||||||
RD|I|40|031|9000|88136|1|7|105|800|20200714|00:00||AF||||||||||||||
RD|I|40|031|9000|88136|1|7|105|800|20200717|00:00|0.00052||||||||||||||.00011|.00011
RD|I|40|031|9000|88136|1|7|105|800|20200720|00:00|0.00042||||||||||||||.00011|.0001
RD|I|40|031|9000|88136|1|7|105|800|20200723|00:00||AJ||||||||||||||
RD|I|40|031|9000|88136|1|7|105|800|20200726|00:00|0.00010||||||||||||||.00011|.00007
RD|I|40|031|9000|88136|1|7|105|800|20200729|00:00||AF||||||||||||||
RD|I|40|031|9000|88136|1|7|105|800|20200801|00:00|-0.00003||||||||||||||.00011|.00007
RD|I|40|031|9000|88136|1|7|105|800|20200804|00:00|-0.00002||||||||||||||.00011|.00007
RD|I|40|031|9000|88136|1|7|105|800|20200807|00:00|0.00009||||||||||||||.00011|.00007
RD|I|40|031|9000|88136|1|7|105|800|20200810|00:00|0.00036||||||||||||||.00011|.00009
RD|I|40|031|9000|88136|1|7|105|800|20200813|00:00|0.00025||||||||||||||.00011|.00008
RD|I|40|031|9000|88136|1|7|105|800|20200816|00:00||AV||||||||||||||
RD|I|40|031|9000|88136|1|7|105|800|20200819|00:00|0.00007||||||||||||||.00018|.00011
RD|I|40|031|9000|88136|1|7|105|800|20200822|00:00|0.00011||||||||||||||.00018|.00011
RD|I|40|031|9000|88136|1|7|105|800|20200825|00:00|0.00007||||||||||||||.00018|.00011
RD|I|40|031|9000|88136|1|7|105|800|20200828|00:00|0.00005||||||||||||||.00018|.00011
RD|I|40|031|9000|88136|1|7|105|800|20200831|00:00||AN||||||||||||||
RD|I|40|031|9000|88136|1|7|105|800|20200903|00:00|0.00016||||||||||||||.00011|.00007
RD|I|40|031|9000|88136|1|7|105|800|20200906|00:00|0.00022||||||||||||||.00011|.00008
RD|I|40|031|9000|88136|1|7|105|800|20200909|00:00|0.00003||||||||||||||.00011|.00007
RD|I|40|031|9000|88136|1|7|105|800|20200912|00:00|0.00003||||||||||||||.00011|.00007
RD|I|40|031|9000|88136|1|7|105|800|20200915|00:00|0.00011||||||||||||||.00011|.00007
RD|I|40|031|9000|88136|1|7|105|800|20200918|00:00|0.00003||||||||||||||.00011|.00007
RD|I|40|031|9000|88136|1|7|105|800|20200921|00:00|0.00000||||||||||||||.00011|.00007
RD|I|40|031|9000|88136|1|7|105|800|20200924|00:00|0.00005||||||||||||||.00011|.00007
RD|I|40|031|9000|88136|1|7|105|800|20200927|00:00|0.00025||||||||||||||.00011|.00008
RD|I|40|031|9000|88136|1|7|105|800|20200930|00:00|0.00008||||||||||||||.00011|.00007
RD|I|40|031|9000|88136|1|7|105|800|20201003|00:00|0.00002||||||||||||||.00011|.00007
RD|I|40|031|9000|88136|1|7|105|800|20201006|00:00|0.00007||||||||||||||.00011|.00007
RD|I|40|031|9000|88136|1|7|105|800|20201009|00:00|0.00005||||||||||||||.00011|.00007
RD|I|40|031|9000|88136|1|7|105|800|20201012|00:00|0.00012||||||||||||||.00011|.00007
RD|I|40|031|9000|88136|1|7|105|800|20201015|00:00|0.00007||||||||||||||.00011|.00007
RD|I|40|031|9000|88136|1|7|105|800|20201018|00:00|0.00004||||||||||||||.00011|.00007
RD|I|40|031|9000|88136|1|7|105|800|20201021|00:00|0.00007||||||||||||||.00011|.00007
RD|I|40|031|9000|88136|1|7|105|800|20201024|00:00|0.00004||||||||||||||.00011|.00007
RD|I|40|031|9000|88136|1|7|105|800|20201027|00:00||AV||||||||||||||
RD|I|40|031|9000|88136|1|7|105|800|20201030|00:00|0.00013||||||||||||||.00011|.00007
RD|I|40|031|9000|88136|1|7|105|800|20201102|00:00|0.00002||||||||||||||.00011|.00007
RD|I|40|031|9000|88136|1|7|105|800|20201105|00:00|0.00015||||||||||||||.00011|.00007
RD|I|40|031|9000|88136|1|7|105|800|20201108|00:00|0.00011||||||||||||||.00011|.00007
RD|I|40|031|9000|88136|1|7|105|800|20201111|00:00|0.00012||||||||||||||.00012|.00007
RD|I|40|031|9000|88136|1|7|105|800|20201114|00:00|0.00016||||||||||||||.00011|.00008
RD|I|40|031|9000|88136|1|7|105|800|20201117|00:00|0.00006||||||||||||||.00011|.00007
RD|I|40|031|9000|88136|1|7|105|800|20201120|00:00||AF||||||||||||||
RD|I|40|031|9000|88136|1|7|105|800|20201123|00:00|0.00001||||||||||||||.00012|.00007
RD|I|40|031|9000|88136|1|7|105|800|20201126|00:00||AF||||||||||||||
RD|I|40|031|9000|88136|1|7|105|800|20201129|00:00||AF||||||||||||||
RD|I|40|031|9000|88136|1|7|105|800|20201202|00:00|0.00030||||||||||||||.00012|.00009
RD|I|40|031|9000|88136|1|7|105|800|20201205|00:00|0.00007||||||||||||||.00011|.00007
RD|I|40|031|9000|88136|1|7|105|800|20201208|00:00|0.00005||||||||||||||.00011|.00007
RD|I|40|031|9000|88136|1|7|105|800|20201211|00:00|-0.00001||||||||||||||.00012|.00007
RD|I|40|031|9000|88136|1|7|105|800|20201214|00:00|0.00001||||||||||||||.00012|.00007
RD|I|40|031|9000|88136|1|7|105|800|20201217|00:00|0.00002||||||||||||||.00012|.00007
RD|I|40|031|9000|88136|1|7|105|800|20201220|00:00|0.00011||||||||||||||.00011|.00007
RD|I|40|031|9000|88136|1|7|105|800|20201223|00:00||AF||||||||||||||
RD|I|40|031|9000|88136|1|7|105|800|20201226|00:00||AF||||||||||||||
RD|I|40|031|9000|88136|1|7|105|800|20201229|00:00||AF||||||||||||||
RD|I|40|053|9000|88103|1|7|105|800|20200101|00:00|0.00000||||||||||||||.00022|.00013
RD|I|40|053|9000|88103|1|7|105|800|20200104|00:00|0.00000||||||||||||||.00022|.00013
RD|I|40|053|9000|88103|1|7|105|800|20200107|00:00|0.00000||||||||||||||.00022|.00013
RD|I|40|053|9000|88103|1|7|105|800|20200110|00:00|0.00000||||||||||||||.00022|.00013
RD|I|40|053|9000|88103|1|7|105|800|20200113|00:00|0.00013||||||||||||||.00022|.00014
RD|I|40|053|9000|88103|1|7|105|800|20200116|00:00||BJ||||||||||||||
RD|I|40|053|9000|88103|1|7|105|800|20200119|00:00||BJ||||||||||||||
RD|I|40|053|9000|88103|1|7|105|800|20200122|00:00||BJ||||||||||||||
RD|I|40|053|9000|88103|1|7|105|800|20200125|00:00||BJ||||||||||||||
RD|I|40|053|9000|88103|1|7|105|800|20200128|00:00|0.00000||||||||||||||.00022|.00014
RD|I|40|053|9000|88103|1|7|105|800|20200131|00:00|0.00000||||||||||||||.00022|.00013
RD|I|40|053|9000|88103|1|7|105|800|20200203|00:00|0.00003||||||||||||||.00022|.00013
RD|I|40|053|9000|88103|1|7|105|800|20200206|00:00|0.00000||||||||||||||.00022|.00013
RD|I|40|053|9000|88103|1|7|105|800|20200209|00:00|0.00017||||||||||||||.00022|.00014
RD|I|40|053|9000|88103|1|7|105|800|20200212|00:00|0.00002||||||||||||||.00022|.00013
RD|I|40|053|9000|88103|1|7|105|800|20200215|00:00|0.00000||||||||||||||.00022|.00013
RD|I|40|053|9000|88103|1|7|105|800|20200218|00:00|0.00000||||||||||||||.00022|.00013
RD|I|40|053|9000|88103|1|7|105|800|20200221|00:00|0.00000||||||||||||||.00022|.00013
RD|I|40|053|9000|88103|1|7|105|800|20200224|00:00|0.00003||||||||||||||.00022|.00013
RD|I|40|053|9000|88103|1|7|105|800|20200227|00:00|0.00003||||||||||||||.00022|.00013
RD|I|40|053|9000|88103|1|7|105|800|20200301|00:00|0.00000||||||||||||||.00022|.00013
RD|I|40|053|9000|88103|1|7|105|800|20200304|00:00|0.00000||||||||||||||.00022|.00013
RD|I|40|053|9000|88103|1|7|105|800|20200307|00:00|0.00000||||||||||||||.00023|.00014
RD|I|40|053|9000|88103|1|7|105|800|20200310|00:00|0.00000||||||||||||||.00022|.00013
RD|I|40|053|9000|88103|1|7|105|800|20200313|00:00|0.00000||||||||||||||.00022|.00013
RD|I|40|053|9000|88103|1|7|105|800|20200316|00:00|0.00000||||||||||||||.00022|.00013
RD|I|40|053|9000|88103|1|7|105|800|20200319|00:00|0.00000||||||||||||||.00022|.00013
RD|I|40|053|9000|88103|1|7|105|800|20200322|00:00|0.00009||||||||||||||.00022|.00013
RD|I|40|053|9000|88103|1|7|105|800|20200325|00:00|0.00013||||||||||||||.00022|.00014
RD|I|40|053|9000|88103|1|7|105|800|20200328|00:00|0.00000||||||||||||||.00022|.00013
RD|I|40|053|9000|88103|1|7|105|800|20200331|00:00|0.00000||||||||||||||.00022|.00013
RD|I|40|053|9000|88103|1|7|105|800|20200403|00:00|0.00000||||||||||||||.00022|.00013
RD|I|40|053|9000|88103|1|7|105|800|20200406|00:00|0.00026||||||||||||||.00022|.00015
RD|I|40|053|9000|88103|1|7|105|800|20200409|00:00||AF||||||||||||||
RD|I|40|053|9000|88103|1|7|105|800|20200412|00:00||AF||||||||||||||
RD|I|40|053|9000|88103|1|7|105|800|20200415|00:00||AF||||||||||||||
RD|I|40|053|9000|88103|1|7|105|800|20200418|00:00||AF||||||||||||||
RD|I|40|053|9000|88103|1|7|105|800|20200421|00:00||AF||||||||||||||
RD|I|40|053|9000|88103|1|7|105|800|20200424|00:00||AF||||||||||||||
RD|I|40|053|9000|88103|1|7|105|800|20200427|00:00||AF||||||||||||||
RD|I|40|053|9000|88103|1|7|105|800|20200430|00:00||AF||||||||||||||
RD|I|40|053|9000|88103|1|7|105|800|20200503|00:00||AF||||||||||||||
RD|I|40|053|9000|88103|1|7|105|800|20200506|00:00|0.00000||||||||||||||.00021|.00013
RD|I|40|053|9000|88103|1|7|105|800|20200509|00:00|0.00000||||||||||||||.00022|.00013
RD|I|40|053|9000|88103|1|7|105|800|20200512|00:00|0.00000||||||||||||||.00022|.00013
RD|I|40|053|9000|88103|1|7|105|800|20200515|00:00|0.00000||||||||||||||.00022|.00013
RD|I|40|053|9000|88103|1|7|105|800|20200518|00:00|0.00000||||||||||||||.00022|.00013
RD|I|40|053|9000|88103|1|7|105|800|20200521|00:00|0.00000||||||||||||||.00022|.00013
RD|I|40|053|9000|88103|1|7|105|800|20200524|00:00|0.00000||||||||||||||.00022|.00013
RD|I|40|053|9000|88103|1|7|105|800|20200527|00:00|0.00004||||||||||||||.00022|.00013
RD|I|40|053|9000|88103|1|7|105|800|20200530|00:00|0.00000||||||||||||||.00022|.00013
RD|I|40|053|9000|88103|1|7|105|800|20200602|00:00|0.00004||||||||||||||.00022|.00013
RD|I|40|053|9000|88103|1|7|105|800|20200605|00:00|0.00000||||||||||||||.00021|.00013
RD|I|40|053|9000|88103|1|7|105|800|20200608|00:00|0.00031||||||||||||||.00022|.00015
RD|I|40|053|9000|88103|1|7|105|800|20200611|00:00|0.00000||||||||||||||.00021|.00013
RD|I|40|053|9000|88103|1|7|105|800|20200614|00:00|0.00000||||||||||||||.00021|.00013
RD|I|40|053|9000|88103|1|7|105|800|20200617|00:00|0.00000||||||||||||||.00021|.00013
RD|I|40|053|9000|88103|1|7|105|800|20200620|00:00|0.00000||||||||||||||.00021|.00013
RD|I|40|053|9000|88103|1|7|105|800|20200623|00:00|0.00000||||||||||||||.00022|.00013
RD|I|40|053|9000|88103|1|7|105|800|20200626|00:00|0.00000||||||||||||||.00021|.00013
RD|I|40|053|9000|88103|1|7|105|800|20200629|00:00|0.00000||||||||||||||.00022|.00013
RD|I|40|053|9000|88103|1|7|105|800|20200702|00:00|0.00000||||||||||||||.00022|.00013
RD|I|40|053|9000|88103|1|7|105|800|20200705|00:00|0.00000||||||||||||||.00022|.00013
RD|I|40|053|9000|88103|1|7|105|800|20200708|00:00|0.00000||||||||||||||.00021|.00013
RD|I|40|053|9000|88103|1|7|105|800|20200711|00:00|0.00000||||||||||||||.00023|.00014
RD|I|40|053|9000|88103|1|7|105|800|20200714|00:00||AV||||||||||||||
RD|I|40|053|9000|88103|1|7|105|800|20200717|00:00|0.00033||||||||||||||.00023|.00016
RD|I|40|053|9000|88103|1|7|105|800|20200720|00:00|0.00000||||||||||||||.00023|.00014
RD|I|40|053|9000|88103|1|7|105|800|20200723|00:00|0.00000||||||||||||||.00022|.00014
RD|I|40|053|9000|88103|1|7|105|800|20200726|00:00|0.00000||||||||||||||.00022|.00014
RD|I|40|053|9000|88103|1|7|105|800|20200729|00:00|0.00000||||||||||||||.00023|.00014
RD|I|40|053|9000|88103|1|7|105|800|20200801|00:00||AV||||||||||||||
RD|I|40|053|9000|88103|1|7|105|800|20200804|00:00||AV||||||||||||||
RD|I|40|053|9000|88103|1|7|105|800|20200807|00:00|0.00000||||||||||||||.00023|.00014
RD|I|40|053|9000|88103|1|7|105|800|20200810|00:00|0.00000||||||||||||||.00023|.00014
RD|I|40|053|9000|88103|1|7|105|800|20200813|00:00|0.00000||||||||||||||.00022|.00014
RD|I|40|053|9000|88103|1|7|105|800|20200816|00:00|0.00000||||||||||||||.00022|.00014
RD|I|40|053|9000|88103|1|7|105|800|20200819|00:00|0.00009||||||||||||||.00022|.00014
RD|I|40|053|9000|88103|1|7|105|800|20200822|00:00|0.00012||||||||||||||.00022|.00014
RD|I|40|053|9000|88103|1|7|105|800|20200825|00:00|0.00000||||||||||||||.00023|.00014
RD|I|40|053|9000|88103|1|7|105|800|20200828|00:00|0.00004||||||||||||||.00023|.00014
RD|I|40|053|9000|88103|1|7|105|800|20200831|00:00|0.00000||||||||||||||.00023|.00014
RD|I|40|053|9000|88103|1|7|105|800|20200903|00:00|0.00000||||||||||||||.00022|.00014
RD|I|40|053|9000|88103|1|7|105|800|20200906|00:00|0.00000||||||||||||||.00022|.00014
RD|I|40|053|9000|88103|1|7|105|800|20200909|00:00|0.00000||||||||||||||.00023|.00014
RD|I|40|053|9000|88103|1|7|105|800|20200912|00:00|0.00000||||||||||||||.00023|.00014
RD|I|40|053|9000|88103|1|7|105|800|20200915|00:00|0.00014||||||||||||||.00023|.00014
RD|I|40|053|9000|88103|1|7|105|800|20200918|00:00|0.00000||||||||||||||.00023|.00014
RD|I|40|053|9000|88103|1|7|105|800|20200921|00:00|0.00000||||||||||||||.00023|.00014
RD|I|40|053|9000|88103|1|7|105|800|20200924|00:00|0.00000||||||||||||||.00023|.00014
RD|I|40|053|9000|88103|1|7|105|800|20200927|00:00|0.00000||||||||||||||.00023|.00014
RD|I|40|053|9000|88103|1|7|105|800|20200930|00:00|0.00000||||||||||||||.00023|.00014
RD|I|40|053|9000|88103|1|7|105|800|20201003|00:00|0.00000||||||||||||||.00023|.00014
RD|I|40|053|9000|88103|1|7|105|800|20201006|00:00|0.00025||||||||||||||.00023|.00015
RD|I|40|053|9000|88103|1|7|105|800|20201009|00:00|0.00010||||||||||||||.00023|.00014
RD|I|40|053|9000|88103|1|7|105|800|20201012|00:00|0.00000||||||||||||||.00023|.00014
RD|I|40|053|9000|88103|1|7|105|800|20201015|00:00|0.00000||||||||||||||.00023|.00014
RD|I|40|053|9000|88103|1|7|105|800|20201018|00:00|0.00000||||||||||||||.00023|.00014
RD|I|40|053|9000|88103|1|7|105|800|20201021|00:00|0.00000||||||||||||||.00023|.00014
RD|I|40|053|9000|88103|1|7|105|800|20201024|00:00|0.00000||||||||||||||.00023|.00014
RD|I|40|053|9000|88103|1|7|105|800|20201027|00:00|0.00000||||||||||||||.00023|.00014
RD|I|40|053|9000|88103|1|7|105|800|20201030|00:00|0.00000||||||||||||||.00023|.00014
RD|I|40|053|9000|88103|1|7|105|800|20201102|00:00|0.00000||||||||||||||.00023|.00014
RD|I|40|053|9000|88103|1|7|105|800|20201105|00:00|0.00009||||||||||||||.00023|.00014
RD|I|40|053|9000|88103|1|7|105|800|20201108|00:00|0.00014||||||||||||||.00023|.00014
RD|I|40|053|9000|88103|1|7|105|800|20201111|00:00|0.00000||||||||||||||.00023|.00014
RD|I|40|053|9000|88103|1|7|105|800|20201114|00:00|0.00000||||||||||||||.00023|.00014
RD|I|40|053|9000|88103|1|7|105|800|20201117|00:00|0.00000||||||||||||||.00023|.00014
RD|I|40|053|9000|88103|1|7|105|800|20201120|00:00|0.00020||||||||||||||.00023|.00015
RD|I|40|053|9000|88103|1|7|105|800|20201123|00:00|0.00006||||||||||||||.00023|.00014
RD|I|40|053|9000|88103|1|7|105|800|20201126|00:00|0.00000||||||||||||||.00023|.00014
RD|I|40|053|9000|88103|1|7|105|800|20201129|00:00|0.00000||||||||||||||.00023|.00014
RD|I|40|053|9000|88103|1|7|105|800|20201202|00:00|0.00000||||||||||||||.00023|.00014
RD|I|40|053|9000|88103|1|7|105|800|20201205|00:00|0.00000||||||||||||||.00023|.00014
RD|I|40|053|9000|88103|1|7|105|800|20201208|00:00|0.00000||||||||||||||.00023|.00014
RD|I|40|053|9000|88103|1|7|105|800|20201211|00:00|0.00000||||||||||||||.00023|.00014
RD|I|40|053|9000|88103|1|7|105|800|20201214|00:00|0.00020||||||||||||||.00023|.00015
RD|I|40|053|9000|88103|1|7|105|800|20201217|00:00|0.00006||||||||||||||.00023|.00014
RD|I|40|053|9000|88103|1|7|105|800|20201220|00:00|0.00000||||||||||||||.00023|.00014
RD|I|40|053|9000|88103|1|7|105|800|20201223|00:00|0.00000||||||||||||||.00023|.00014
RD|I|40|053|9000|88103|1|7|105|800|20201226|00:00|0.00000||||||||||||||.00023|.00014
RD|I|40|053|9000|88103|1|7|105|800|20201229|00:00|0.00000||||||||||||||.00023|.00014
RD|I|40|053|9000|88112|1|7|105|800|20200101|00:00|0.00007||||||||||||||.00011|.00007
RD|I|40|053|9000|88112|1|7|105|800|20200104|00:00|-0.00002||||||||||||||.00011|.00007
RD|I|40|053|9000|88112|1|7|105|800|20200107|00:00|0.00006||||||||||||||.00011|.00007
RD|I|40|053|9000|88112|1|7|105|800|20200110|00:00|0.00014||||||||||||||.00011|.00007
RD|I|40|053|9000|88112|1|7|105|800|20200113|00:00|0.00080||||||||||||||.00011|.00014
RD|I|40|053|9000|88112|1|7|105|800|20200116|00:00||BJ||||||||||||||
RD|I|40|053|9000|88112|1|7|105|800|20200119|00:00||BJ||||||||||||||
RD|I|40|053|9000|88112|1|7|105|800|20200122|00:00||BJ||||||||||||||
RD|I|40|053|9000|88112|1|7|105|800|20200125|00:00||BJ||||||||||||||
RD|I|40|053|9000|88112|1|7|105|800|20200128|00:00|0.00006||||||||||||||.00011|.00007
RD|I|40|053|9000|88112|1|7|105|800|20200131|00:00|-0.00003||||||||||||||.00011|.00007
RD|I|40|053|9000|88112|1|7|105|800|20200203|00:00|0.00010||||||||||||||.00011|.00007
RD|I|40|053|9000|88112|1|7|105|800|20200206|00:00|0.00001||||||||||||||.00011|.00007
RD|I|40|053|9000|88112|1|7|105|800|20200209|00:00|0.00004||||||||||||||.00011|.00007
RD|I|40|053|9000|88112|1|7|105|800|20200212|00:00|0.00009||||||||||||||.00011|.00007
RD|I|40|053|9000|88112|1|7|105|800|20200215|00:00|0.00012||||||||||||||.00011|.00007
RD|I|40|053|9000|88112|1|7|105|800|20200218|00:00|-0.00002||||||||||||||.00011|.00007
RD|I|40|053|9000|88112|1|7|105|800|20200221|00:00|0.00003||||||||||||||.00011|.00007
RD|I|40|053|9000|88112|1|7|105|800|20200224|00:00|0.00009||||||||||||||.00011|.00007
RD|I|40|053|9000|88112|1|7|105|800|20200227|00:00|-0.00007||||||||||||||.00011|.00007
RD|I|40|053|9000|88112|1|7|105|800|20200301|00:00|0.00011||||||||||||||.00011|.00007
RD|I|40|053|9000|88112|1|7|105|800|20200304|00:00|0.00011||||||||||||||.00011|.00007
RD|I|40|053|9000|88112|1|7|105|800|20200307|00:00|0.00032||||||||||||||.00012|.00009
RD|I|40|053|9000|88112|1|7|105|800|20200310|00:00|0.00002||||||||||||||.00011|.00007
RD|I|40|053|9000|88112|1|7|105|800|20200313|00:00|0.00003||||||||||||||.00011|.00007
RD|I|40|053|9000|88112|1|7|105|800|20200316|00:00|-0.00006||||||||||||||.00011|.00007
RD|I|40|053|9000|88112|1|7|105|800|20200319|00:00|0.00008||||||||||||||.00011|.00007
RD|I|40|053|9000|88112|1|7|105|800|20200322|00:00|0.00015||||||||||||||.00011|.00007
RD|I|40|053|9000|88112|1|7|105|800|20200325|00:00|0.00009||||||||||||||.00011|.00007
RD|I|40|053|9000|88112|1|7|105|800|20200328|00:00|0.00010||||||||||||||.00011|.00007
RD|I|40|053|9000|88112|1|7|105|800|20200331|00:00|0.00009||||||||||||||.00011|.00007
RD|I|40|053|9000|88112|1|7|105|800|20200403|00:00|0.00002||||||||||||||.00011|.00007
RD|I|40|053|9000|88112|1|7|105|800|20200406|00:00|0.00010||||||||||||||.00011|.00007
RD|I|40|053|9000|88112|1|7|105|800|20200409|00:00||AF||||||||||||||
RD|I|40|053|9000|88112|1|7|105|800|20200412|00:00||AF||||||||||||||
RD|I|40|053|9000|88112|1|7|105|800|20200415|00:00||AF||||||||||||||
RD|I|40|053|9000|88112|1|7|105|800|20200418|00:00||AF||||||||||||||
RD|I|40|053|9000|88112|1|7|105|800|20200421|00:00||AF||||||||||||||
RD|I|40|053|9000|88112|1|7|105|800|20200424|00:00||AF||||||||||||||
RD|I|40|053|9000|88112|1|7|105|800|20200427|00:00||AF||||||||||||||
RD|I|40|053|9000|88112|1|7|105|800|20200430|00:00||AF||||||||||||||
RD|I|40|053|9000|88112|1|7|105|800|20200503|00:00||AF||||||||||||||
RD|I|40|053|9000|88112|1|7|105|800|20200506|00:00|0.00019||||||||||||||.00011|.00007
RD|I|40|053|9000|88112|1|7|105|800|20200509|00:00|0.00004||||||||||||||.00011|.00007
RD|I|40|053|9000|88112|1|7|105|800|20200512|00:00|0.00009||||||||||||||.00011|.00007
RD|I|40|053|9000|88112|1|7|105|800|20200515|00:00|0.00008||||||||||||||.00011|.00007
RD|I|40|053|9000|88112|1|7|105|800|20200518|00:00|0.00001||||||||||||||.00011|.00007
RD|I|40|053|9000|88112|1|7|105|800|20200521|00:00|0.00016||||||||||||||.00011|.00007
RD|I|40|053|9000|88112|1|7|105|800|20200524|00:00|0.00013||||||||||||||.00011|.00007
RD|I|40|053|9000|88112|1|7|105|800|20200527|00:00|0.00007||||||||||||||.00011|.00007
RD|I|40|053|9000|88112|1|7|105|800|20200530|00:00|0.00023||||||||||||||.00011|.00008
RD|I|40|053|9000|88112|1|7|105|800|20200602|00:00|0.00011||||||||||||||.00011|.00007
RD|I|40|053|9000|88112|1|7|105|800|20200605|00:00|0.00016||||||||||||||.00011|.00007
RD|I|40|053|9000|88112|1|7|105|800|20200608|00:00|0.00021||||||||||||||.00011|.00007
RD|I|40|053|9000|88112|1|7|105|800|20200611|00:00|0.00011||||||||||||||.00011|.00007
RD|I|40|053|9000|88112|1|7|105|800|20200614|00:00|0.00022||||||||||||||.00011|.00007
RD|I|40|053|9000|88112|1|7|105|800|20200617|00:00|0.00014||||||||||||||.00011|.00007
RD|I|40|053|9000|88112|1|7|105|800|20200620|00:00|0.00005||||||||||||||.00011|.00007
RD|I|40|053|9000|88112|1|7|105|800|20200623|00:00|0.00020||||||||||||||.00011|.00007
RD|I|40|053|9000|88112|1|7|105|800|20200626|00:00|0.00036||||||||||||||.00011|.00009
RD|I|40|053|9000|88112|1|7|105|800|20200629|00:00|0.00086||||||||||||||.00011|.00015
RD|I|40|053|9000|88112|1|7|105|800|20200702|00:00|0.00063||||||||||||||.00011|.00012
RD|I|40|053|9000|88112|1|7|105|800|20200705|00:00|0.00081||||||||||||||.00011|.00014
RD|I|40|053|9000|88112|1|7|105|800|20200708|00:00|0.00045||||||||||||||.00011|.0001
RD|I|40|053|9000|88112|1|7|105|800|20200711|00:00|0.00028||||||||||||||.00012|.00008
RD|I|40|053|9000|88112|1|7|105|800|20200714|00:00||AV||||||||||||||
RD|I|40|053|9000|88112|1|7|105|800|20200717|00:00|0.00150||||||||||||||.00011|.00025
RD|I|40|053|9000|88112|1|7|105|800|20200720|00:00|0.00075||||||||||||||.00011|.00014
RD|I|40|053|9000|88112|1|7|105|800|20200723|00:00|0.00015||||||||||||||.00011|.00007
RD|I|40|053|9000|88112|1|7|105|800|20200726|00:00|0.00014||||||||||||||.00011|.00007
RD|I|40|053|9000|88112|1|7|105|800|20200729|00:00|0.00007||||||||||||||.00011|.00007
RD|I|40|053|9000|88112|1|7|105|800|20200801|00:00||AV||||||||||||||
RD|I|40|053|9000|88112|1|7|105|800|20200804|00:00||AV||||||||||||||
RD|I|40|053|9000|88112|1|7|105|800|20200807|00:00|0.00023||||||||||||||.00011|.00008
RD|I|40|053|9000|88112|1|7|105|800|20200810|00:00|0.00077||||||||||||||.00011|.00014
RD|I|40|053|9000|88112|1|7|105|800|20200813|00:00|0.00026||||||||||||||.00036|.00022
RD|I|40|053|9000|88112|1|7|105|800|20200816|00:00|0.00010||||||||||||||.00036|.00022
RD|I|40|053|9000|88112|1|7|105|800|20200819|00:00|0.00015||||||||||||||.00036|.00022
RD|I|40|053|9000|88112|1|7|105|800|20200822|00:00|0.00017||||||||||||||.00036|.00022
RD|I|40|053|9000|88112|1|7|105|800|20200825|00:00|0.00028||||||||||||||.00036|.00023
RD|I|40|053|9000|88112|1|7|105|800|20200828|00:00|0.00012||||||||||||||.00036|.00022
RD|I|40|053|9000|88112|1|7|105|800|20200831|00:00|0.00006||||||||||||||.00036|.00022
RD|I|40|053|9000|88112|1|7|105|800|20200903|00:00|0.00007||||||||||||||.00014|.00009
RD|I|40|053|9000|88112|1|7|105|800|20200906|00:00|0.00006||||||||||||||.00014|.00009
RD|I|40|053|9000|88112|1|7|105|800|20200909|00:00|-0.00005||||||||||||||.00015|.00009
RD|I|40|053|9000|88112|1|7|105|800|20200912|00:00|0.00012||||||||||||||.00015|.00009
RD|I|40|053|9000|88112|1|7|105|800|20200915|00:00|0.00011||||||||||||||.00015|.00009
RD|I|40|053|9000|88112|1|7|105|800|20200918|00:00|0.00002||||||||||||||.00015|.00009
RD|I|40|053|9000|88112|1|7|105|800|20200921|00:00|0.00020||||||||||||||.00015|.00009
RD|I|40|053|9000|88112|1|7|105|800|20200924|00:00|0.00003||||||||||||||.00015|.00009
RD|I|40|053|9000|88112|1|7|105|800|20200927|00:00|0.00005||||||||||||||.00015|.00009
RD|I|40|053|9000|88112|1|7|105|800|20200930|00:00|0.00019||||||||||||||.00015|.00009
RD|I|40|053|9000|88112|1|7|105|800|20201003|00:00|0.00010||||||||||||||.00016|.0001
RD|I|40|053|9000|88112|1|7|105|800|20201006|00:00|0.00023||||||||||||||.00016|.00011
RD|I|40|053|9000|88112|1|7|105|800|20201009|00:00|0.00011||||||||||||||.00016|.0001
RD|I|40|053|9000|88112|1|7|105|800|20201012|00:00|0.00021||||||||||||||.00016|.00011
RD|I|40|053|9000|88112|1|7|105|800|20201015|00:00|0.00041||||||||||||||.00016|.00012
RD|I|40|053|9000|88112|1|7|105|800|20201018|00:00|0.00013||||||||||||||.00016|.0001
RD|I|40|053|9000|88112|1|7|105|800|20201021|00:00|0.00010||||||||||||||.00016|.0001
RD|I|40|053|9000|88112|1|7|105|800|20201024|00:00|0.00009||||||||||||||.00017|.0001
RD|I|40|053|9000|88112|1|7|105|800|20201027|00:00|0.00010||||||||||||||.00017|.0001
RD|I|40|053|9000|88112|1|7|105|800|20201030|00:00|0.00020||||||||||||||.00016|.00011
RD|I|40|053|9000|88112|1|7|105|800|20201102|00:00|0.00004||||||||||||||.00022|.00014
RD|I|40|053|9000|88112|1|7|105|800|20201105|00:00|0.00023||||||||||||||.00016|.00011
RD|I|40|053|9000|88112|1|7|105|800|20201108|00:00|0.00034||||||||||||||.00016|.00011
RD|I|40|053|9000|88112|1|7|105|800|20201111|00:00|0.00040||||||||||||||.00017|.00012
RD|I|40|053|9000|88112|1|7|105|800|20201114|00:00|0.00036||||||||||||||.00017|.00012
RD|I|40|053|9000|88112|1|7|105|800|20201117|00:00|0.00123||||||||||||||.00017|.00022
RD|I|40|053|9000|88112|1|7|105|800|20201120|00:00|0.00110||||||||||||||.00016|.0002
RD|I|40|053|9000|88112|1|7|105|800|20201123|00:00|0.00003||||||||||||||.00017|.0001
RD|I|40|053|9000|88112|1|7|105|800|20201126|00:00|0.00004||||||||||||||.00017|.0001
RD|I|40|053|9000|88112|1|7|105|800|20201129|00:00|0.00067||||||||||||||.00017|.00015
RD|I|40|053|9000|88112|1|7|105|800|20201202|00:00|0.00019||||||||||||||.00017|.00011
RD|I|40|053|9000|88112|1|7|105|800|20201205|00:00|-0.00002||||||||||||||.00017|.0001
RD|I|40|053|9000|88112|1|7|105|800|20201208|00:00|0.00004||||||||||||||.00017|.0001
RD|I|40|053|9000|88112|1|7|105|800|20201211|00:00|0.00001||||||||||||||.00017|.0001
RD|I|40|053|9000|88112|1|7|105|800|20201214|00:00|0.00016||||||||||||||.00017|.00011
RD|I|40|053|9000|88112|1|7|105|800|20201217|00:00|0.00011||||||||||||||.00017|.0001
RD|I|40|053|9000|88112|1|7|105|800|20201220|00:00|0.00002||||||||||||||.00017|.0001
RD|I|40|053|9000|88112|1|7|105|800|20201223|00:00|0.00036||||||||||||||.00017|.00012
RD|I|40|053|9000|88112|1|7|105|800|20201226|00:00|0.00034||||||||||||||.00017|.00011
RD|I|40|053|9000|88112|1|7|105|800|20201229|00:00|0.00032||||||||||||||.00017|.00011
RD|I|40|053|9000|88128|1|7|105|800|20200101|00:00|0.00097||||||||||||||.00039|.00034
RD|I|40|053|9000|88128|1|7|105|800|20200104|00:00|0.00053||||||||||||||.00039|.00027
RD|I|40|053|9000|88128|1|7|105|800|20200107|00:00|0.00004||||||||||||||.00039|.00024
RD|I|40|053|9000|88128|1|7|105|800|20200110|00:00|0.00051||||||||||||||.00039|.00027
RD|I|40|053|9000|88128|1|7|105|800|20200113|00:00|0.00099||||||||||||||.0004|.00034
RD|I|40|053|9000|88128|1|7|105|800|20200116|00:00||BJ||||||||||||||
RD|I|40|053|9000|88128|1|7|105|800|20200119|00:00||BJ||||||||||||||
RD|I|40|053|9000|88128|1|7|105|800|20200122|00:00||BJ||||||||||||||
RD|I|40|053|9000|88128|1|7|105|800|20200125|00:00||BJ||||||||||||||
RD|I|40|053|9000|88128|1|7|105|800|20200128|00:00|0.00032||||||||||||||.0004|.00026
RD|I|40|053|9000|88128|1|7|105|800|20200131|00:00|0.00068||||||||||||||.00039|.00029
RD|I|40|053|9000|88128|1|7|105|800|20200203|00:00|0.00034||||||||||||||.00041|.00026
RD|I|40|053|9000|88128|1|7|105|800|20200206|00:00|0.00054||||||||||||||.00041|.00029
RD|I|40|053|9000|88128|1|7|105|800|20200209|00:00|0.00066||||||||||||||.00041|.0003
RD|I|40|053|9000|88128|1|7|105|800|20200212|00:00|0.00031||||||||||||||.00041|.00026
RD|I|40|053|9000|88128|1|7|105|800|20200215|00:00|0.00120||||||||||||||.00041|.00039
RD|I|40|053|9000|88128|1|7|105|800|20200218|00:00|0.00022||||||||||||||.00042|.00026
RD|I|40|053|9000|88128|1|7|105|800|20200221|00:00|0.00110||||||||||||||.00042|.00037
RD|I|40|053|9000|88128|1|7|105|800|20200224|00:00|0.00133||||||||||||||.00041|.00042
RD|I|40|053|9000|88128|1|7|105|800|20200227|00:00|0.00058||||||||||||||.00041|.00029
RD|I|40|053|9000|88128|1|7|105|800|20200301|00:00|0.00094||||||||||||||.00038|.00033
RD|I|40|053|9000|88128|1|7|105|800|20200304|00:00|0.00057||||||||||||||.00038|.00027
RD|I|40|053|9000|88128|1|7|105|800|20200307|00:00|0.00090||||||||||||||.00041|.00034
RD|I|40|053|9000|88128|1|7|105|800|20200310|00:00|0.00077||||||||||||||.00039|.0003
RD|I|40|053|9000|88128|1|7|105|800|20200313|00:00|0.00048||||||||||||||.00038|.00026
RD|I|40|053|9000|88128|1|7|105|800|20200316|00:00|0.00014||||||||||||||.00038|.00024
RD|I|40|053|9000|88128|1|7|105|800|20200319|00:00|0.00057||||||||||||||.00038|.00027
RD|I|40|053|9000|88128|1|7|105|800|20200322|00:00|0.00036||||||||||||||.00039|.00025
RD|I|40|053|9000|88128|1|7|105|800|20200325|00:00|0.00127||||||||||||||.00038|.00039
RD|I|40|053|9000|88128|1|7|105|800|20200328|00:00|0.00083||||||||||||||.00038|.00031
RD|I|40|053|9000|88128|1|7|105|800|20200331|00:00|0.00053||||||||||||||.00039|.00027
RD|I|40|053|9000|88128|1|7|105|800|20200403|00:00|-0.00013||||||||||||||.00033|.0002
RD|I|40|053|9000|88128|1|7|105|800|20200406|00:00|0.00075||||||||||||||.00033|.00027
RD|I|40|053|9000|88128|1|7|105|800|20200409|00:00||AF||||||||||||||
RD|I|40|053|9000|88128|1|7|105|800|20200412|00:00||AF||||||||||||||
RD|I|40|053|9000|88128|1|7|105|800|20200415|00:00||AF||||||||||||||
RD|I|40|053|9000|88128|1|7|105|800|20200418|00:00||AF||||||||||||||
RD|I|40|053|9000|88128|1|7|105|800|20200421|00:00||AF||||||||||||||
RD|I|40|053|9000|88128|1|7|105|800|20200424|00:00||AF||||||||||||||
RD|I|40|053|9000|88128|1|7|105|800|20200427|00:00||AF||||||||||||||
RD|I|40|053|9000|88128|1|7|105|800|20200430|00:00||AF||||||||||||||
RD|I|40|053|9000|88128|1|7|105|800|20200503|00:00||AF||||||||||||||
RD|I|40|053|9000|88128|1|7|105|800|20200506|00:00|0.00011||||||||||||||.00039|.00024
RD|I|40|053|9000|88128|1|7|105|800|20200509|00:00|0.00028||||||||||||||.00039|.00025
RD|I|40|053|9000|88128|1|7|105|800|20200512|00:00|0.00027||||||||||||||.0004|.00025
RD|I|40|053|9000|88128|1|7|105|800|20200515|00:00|0.00039||||||||||||||.0004|.00026
RD|I|40|053|9000|88128|1|7|105|800|20200518|00:00|0.00023||||||||||||||.0004|.00025
RD|I|40|053|9000|88128|1|7|105|800|20200521|00:00|0.00049||||||||||||||.0004|.00027
RD|I|40|053|9000|88128|1|7|105|800|20200524|00:00|0.00022||||||||||||||.0004|.00025
RD|I|40|053|9000|88128|1|7|105|800|20200527|00:00|0.00015||||||||||||||.0004|.00024
RD|I|40|053|9000|88128|1|7|105|800|20200530|00:00|0.00039||||||||||||||.00039|.00026
RD|I|40|053|9000|88128|1|7|105|800|20200602|00:00|0.00109||||||||||||||.00035|.00035
RD|I|40|053|9000|88128|1|7|105|800|20200605|00:00|0.00039||||||||||||||.00034|.00023
RD|I|40|053|9000|88128|1|7|105|800|20200608|00:00|0.00142||||||||||||||.00035|.00041
RD|I|40|053|9000|88128|1|7|105|800|20200611|00:00|0.00063||||||||||||||.00034|.00026
RD|I|40|053|9000|88128|1|7|105|800|20200614|00:00|0.00085||||||||||||||.00034|.0003
RD|I|40|053|9000|88128|1|7|105|800|20200617|00:00|0.00118||||||||||||||.00034|.00036
RD|I|40|053|9000|88128|1|7|105|800|20200620|00:00|0.00059||||||||||||||.00034|.00026
RD|I|40|053|9000|88128|1|7|105|800|20200623|00:00|0.00054||||||||||||||.00035|.00025
RD|I|40|053|9000|88128|1|7|105|800|20200626|00:00|0.00034||||||||||||||.00034|.00023
RD|I|40|053|9000|88128|1|7|105|800|20200629|00:00|0.00047||||||||||||||.00035|.00024
RD|I|40|053|9000|88128|1|7|105|800|20200702|00:00|0.00084||||||||||||||.0005|.00037
RD|I|40|053|9000|88128|1|7|105|800|20200705|00:00|0.00130||||||||||||||.0005|.00044
RD|I|40|053|9000|88128|1|7|105|800|20200708|00:00|0.00069||||||||||||||.00049|.00035
RD|I|40|053|9000|88128|1|7|105|800|20200711|00:00|0.00089||||||||||||||.00054|.0004
RD|I|40|053|9000|88128|1|7|105|800|20200714|00:00||AV||||||||||||||
RD|I|40|053|9000|88128|1|7|105|800|20200717|00:00|0.00135||||||||||||||.00053|.00047
RD|I|40|053|9000|88128|1|7|105|800|20200720|00:00|0.00087||||||||||||||.00052|.00039
RD|I|40|053|9000|88128|1|7|105|800|20200723|00:00|0.00029||||||||||||||.00052|.00032
RD|I|40|053|9000|88128|1|7|105|800|20200726|00:00|0.00025||||||||||||||.00052|.00032
RD|I|40|053|9000|88128|1|7|105|800|20200729|00:00|0.00033||||||||||||||.00053|.00033
RD|I|40|053|9000|88128|1|7|105|800|20200801|00:00||AV||||||||||||||
RD|I|40|053|9000|88128|1|7|105|800|20200804|00:00||AV||||||||||||||
RD|I|40|053|9000|88128|1|7|105|800|20200807|00:00|0.00045||||||||||||||.00049|.00032
RD|I|40|053|9000|88128|1|7|105|800|20200810|00:00|0.00072||||||||||||||.00049|.00035
RD|I|40|053|9000|88128|1|7|105|800|20200813|00:00|0.00073||||||||||||||.00051|.00036
RD|I|40|053|9000|88128|1|7|105|800|20200816|00:00|0.00100||||||||||||||.00051|.0004
RD|I|40|053|9000|88128|1|7|105|800|20200819|00:00|0.00022||||||||||||||.00051|.00032
RD|I|40|053|9000|88128|1|7|105|800|20200822|00:00|0.00080||||||||||||||.00051|.00037
RD|I|40|053|9000|88128|1|7|105|800|20200825|00:00|0.00133||||||||||||||.00052|.00046
RD|I|40|053|9000|88128|1|7|105|800|20200828|00:00|0.00039||||||||||||||.00052|.00033
RD|I|40|053|9000|88128|1|7|105|800|20200831|00:00|0.00008||||||||||||||.00052|.00032
RD|I|40|053|9000|88128|1|7|105|800|20200903|00:00|0.00035||||||||||||||.0007|.00043
RD|I|40|053|9000|88128|1|7|105|800|20200906|00:00|0.00044||||||||||||||.0007|.00044
RD|I|40|053|9000|88128|1|7|105|800|20200909|00:00|-0.00009||||||||||||||.00071|.00043
RD|I|40|053|9000|88128|1|7|105|800|20200912|00:00|0.00087||||||||||||||.0007|.00048
RD|I|40|053|9000|88128|1|7|105|800|20200915|00:00|0.00138||||||||||||||.00071|.00055
RD|I|40|053|9000|88128|1|7|105|800|20200918|00:00|0.00139||||||||||||||.0007|.00055
RD|I|40|053|9000|88128|1|7|105|800|20200921|00:00|0.00218||||||||||||||.0007|.00069
RD|I|40|053|9000|88128|1|7|105|800|20200924|00:00|0.00024||||||||||||||.0007|.00043
RD|I|40|053|9000|88128|1|7|105|800|20200927|00:00|0.00084||||||||||||||.00071|.00048
RD|I|40|053|9000|88128|1|7|105|800|20200930|00:00|-0.00004||||||||||||||.0007|.00043
RD|I|40|053|9000|88128|1|7|105|800|20201003|00:00|0.00086||||||||||||||.00061|.00043
RD|I|40|053|9000|88128|1|7|105|800|20201006|00:00|0.00134||||||||||||||.00061|.0005
RD|I|40|053|9000|88128|1|7|105|800|20201009|00:00|0.00077||||||||||||||.00061|.00042
RD|I|40|053|9000|88128|1|7|105|800|20201012|00:00|0.00001||||||||||||||.00061|.00037
RD|I|40|053|9000|88128|1|7|105|800|20201015|00:00|0.00067||||||||||||||.00061|.0004
RD|I|40|053|9000|88128|1|7|105|800|20201018|00:00|0.00113||||||||||||||.00061|.00047
RD|I|40|053|9000|88128|1|7|105|800|20201021|00:00|0.00119||||||||||||||.00061|.00047
RD|I|40|053|9000|88128|1|7|105|800|20201024|00:00|0.00055||||||||||||||.00062|.0004
RD|I|40|053|9000|88128|1|7|105|800|20201027|00:00|0.00069||||||||||||||.00062|.00042
RD|I|40|053|9000|88128|1|7|105|800|20201030|00:00|0.00136||||||||||||||.00061|.0005
RD|I|40|053|9000|88128|1|7|105|800|20201102|00:00|0.00077||||||||||||||.00043|.00032
RD|I|40|053|9000|88128|1|7|105|800|20201105|00:00|0.00021||||||||||||||.00046|.00028
RD|I|40|053|9000|88128|1|7|105|800|20201108|00:00|0.00128||||||||||||||.00046|.00043
RD|I|40|053|9000|88128|1|7|105|800|20201111|00:00|0.00015||||||||||||||.00046|.00028
RD|I|40|053|9000|88128|1|7|105|800|20201114|00:00|0.00111||||||||||||||.00046|.0004
RD|I|40|053|9000|88128|1|7|105|800|20201117|00:00|0.00079||||||||||||||.00047|.00035
RD|I|40|053|9000|88128|1|7|105|800|20201120|00:00|0.00063||||||||||||||.00046|.00032
RD|I|40|053|9000|88128|1|7|105|800|20201123|00:00|0.00088||||||||||||||.00046|.00036
RD|I|40|053|9000|88128|1|7|105|800|20201126|00:00|0.00176||||||||||||||.00047|.00052
RD|I|40|053|9000|88128|1|7|105|800|20201129|00:00|0.00105||||||||||||||.00046|.00038
RD|I|40|053|9000|88128|1|7|105|800|20201202|00:00|0.00087||||||||||||||.00047|.00036
RD|I|40|053|9000|88128|1|7|105|800|20201205|00:00|0.00040||||||||||||||.00047|.0003
RD|I|40|053|9000|88128|1|7|105|800|20201208|00:00|0.00056||||||||||||||.00047|.00032
RD|I|40|053|9000|88128|1|7|105|800|20201211|00:00|0.00116||||||||||||||.00047|.00041
RD|I|40|053|9000|88128|1|7|105|800|20201214|00:00|0.00932||||||||||||||.00047|.00235
RD|I|40|053|9000|88128|1|7|105|800|20201217|00:00|0.00053||||||||||||||.00047|.00031
RD|I|40|053|9000|88128|1|7|105|800|20201220|00:00|0.00067||||||||||||||.00047|.00033
RD|I|40|053|9000|88128|1|7|105|800|20201223|00:00|0.00030||||||||||||||.00047|.00029
RD|I|40|053|9000|88128|1|7|105|800|20201226|00:00|0.00008||||||||||||||.00047|.00028
RD|I|40|053|9000|88128|1|7|105|800|20201229|00:00|0.00228||||||||||||||.00047|.00064
RD|I|40|053|9000|88132|1|7|105|800|20200101|00:00|0.00025||||||||||||||.00022|.00014
RD|I|40|053|9000|88132|1|7|105|800|20200104|00:00|0.00028||||||||||||||.00022|.00014
RD|I|40|053|9000|88132|1|7|105|800|20200107|00:00|0.00125||||||||||||||.00022|.00021
RD|I|40|053|9000|88132|1|7|105|800|20200110|00:00|0.00072||||||||||||||.00022|.00016
RD|I|40|053|9000|88132|1|7|105|800|20200113|00:00|0.00074||||||||||||||.00022|.00017
RD|I|40|053|9000|88132|1|7|105|800|20200116|00:00||BJ||||||||||||||
RD|I|40|053|9000|88132|1|7|105|800|20200119|00:00||BJ||||||||||||||
RD|I|40|053|9000|88132|1|7|105|800|20200122|00:00||BJ||||||||||||||
RD|I|40|053|9000|88132|1|7|105|800|20200125|00:00||BJ||||||||||||||
RD|I|40|053|9000|88132|1|7|105|800|20200128|00:00|0.00036||||||||||||||.00022|.00014
RD|I|40|053|9000|88132|1|7|105|800|20200131|00:00|0.00031||||||||||||||.00022|.00014
RD|I|40|053|9000|88132|1|7|105|800|20200203|00:00|0.00078||||||||||||||.00022|.00017
RD|I|40|053|9000|88132|1|7|105|800|20200206|00:00|0.00028||||||||||||||.00022|.00014
RD|I|40|053|9000|88132|1|7|105|800|20200209|00:00|0.00072||||||||||||||.00022|.00016
RD|I|40|053|9000|88132|1|7|105|800|20200212|00:00|0.00077||||||||||||||.00022|.00017
RD|I|40|053|9000|88132|1|7|105|800|20200215|00:00|0.00074||||||||||||||.00022|.00016
RD|I|40|053|9000|88132|1|7|105|800|20200218|00:00|0.00032||||||||||||||.00022|.00014
RD|I|40|053|9000|88132|1|7|105|800|20200221|00:00|0.00032||||||||||||||.00022|.00014
RD|I|40|053|9000|88132|1|7|105|800|20200224|00:00|0.00030||||||||||||||.00022|.00014
RD|I|40|053|9000|88132|1|7|105|800|20200227|00:00|0.00031||||||||||||||.00022|.00014
RD|I|40|053|9000|88132|1|7|105|800|20200301|00:00|0.00391||||||||||||||.00023|.00053
RD|I|40|053|9000|88132|1|7|105|800|20200304|00:00|0.00085||||||||||||||.00023|.00018
RD|I|40|053|9000|88132|1|7|105|800|20200307|00:00|0.00133||||||||||||||.00025|.00023
RD|I|40|053|9000|88132|1|7|105|800|20200310|00:00|0.00045||||||||||||||.00023|.00015
RD|I|40|053|9000|88132|1|7|105|800|20200313|00:00|0.00082||||||||||||||.00023|.00018
RD|I|40|053|9000|88132|1|7|105|800|20200316|00:00|0.00002||||||||||||||.00023|.00014
RD|I|40|053|9000|88132|1|7|105|800|20200319|00:00|0.00072||||||||||||||.00023|.00017
RD|I|40|053|9000|88132|1|7|105|800|20200322|00:00|0.00035||||||||||||||.00023|.00015
RD|I|40|053|9000|88132|1|7|105|800|20200325|00:00|0.00048||||||||||||||.00023|.00015
RD|I|40|053|9000|88132|1|7|105|800|20200328|00:00|0.00121||||||||||||||.00023|.00021
RD|I|40|053|9000|88132|1|7|105|800|20200331|00:00|0.00025||||||||||||||.00024|.00015
RD|I|40|053|9000|88132|1|7|105|800|20200403|00:00|0.00002||||||||||||||.00022|.00013
RD|I|40|053|9000|88132|1|7|105|800|20200406|00:00|0.00049||||||||||||||.00022|.00015
RD|I|40|053|9000|88132|1|7|105|800|20200409|00:00||AF||||||||||||||
RD|I|40|053|9000|88132|1|7|105|800|20200412|00:00||AF||||||||||||||
RD|I|40|053|9000|88132|1|7|105|800|20200415|00:00||AF||||||||||||||
RD|I|40|053|9000|88132|1|7|105|800|20200418|00:00||AF||||||||||||||
RD|I|40|053|9000|88132|1|7|105|800|20200421|00:00||AF||||||||||||||
RD|I|40|053|9000|88132|1|7|105|800|20200424|00:00||AF||||||||||||||
RD|I|40|053|9000|88132|1|7|105|800|20200427|00:00||AF||||||||||||||
RD|I|40|053|9000|88132|1|7|105|800|20200430|00:00||AF||||||||||||||
RD|I|40|053|9000|88132|1|7|105|800|20200503|00:00||AF||||||||||||||
RD|I|40|053|9000|88132|1|7|105|800|20200506|00:00|0.00136||||||||||||||.00021|.00022
RD|I|40|053|9000|88132|1|7|105|800|20200509|00:00|0.00056||||||||||||||.00022|.00015
RD|I|40|053|9000|88132|1|7|105|800|20200512|00:00|0.00009||||||||||||||.00022|.00013
RD|I|40|053|9000|88132|1|7|105|800|20200515|00:00|0.00068||||||||||||||.00022|.00016
RD|I|40|053|9000|88132|1|7|105|800|20200518|00:00|0.00038||||||||||||||.00022|.00014
RD|I|40|053|9000|88132|1|7|105|800|20200521|00:00|0.00087||||||||||||||.00022|.00018
RD|I|40|053|9000|88132|1|7|105|800|20200524|00:00|0.00067||||||||||||||.00022|.00016
RD|I|40|053|9000|88132|1|7|105|800|20200527|00:00|0.00014||||||||||||||.00022|.00013
RD|I|40|053|9000|88132|1|7|105|800|20200530|00:00|0.00112||||||||||||||.00022|.0002
RD|I|40|053|9000|88132|1|7|105|800|20200602|00:00|0.00104||||||||||||||.00022|.00019
RD|I|40|053|9000|88132|1|7|105|800|20200605|00:00|0.00153||||||||||||||.00022|.00024
RD|I|40|053|9000|88132|1|7|105|800|20200608|00:00|0.00177||||||||||||||.00022|.00027
RD|I|40|053|9000|88132|1|7|105|800|20200611|00:00|0.00211||||||||||||||.00021|.0003
RD|I|40|053|9000|88132|1|7|105|800|20200614|00:00|0.00187||||||||||||||.00022|.00028
RD|I|40|053|9000|88132|1|7|105|800|20200617|00:00|0.00185||||||||||||||.00022|.00027
RD|I|40|053|9000|88132|1|7|105|800|20200620|00:00|0.00067||||||||||||||.00022|.00016
RD|I|40|053|9000|88132|1|7|105|800|20200623|00:00|0.00068||||||||||||||.00022|.00016
RD|I|40|053|9000|88132|1|7|105|800|20200626|00:00|0.00290||||||||||||||.00022|.0004
RD|I|40|053|9000|88132|1|7|105|800|20200629|00:00|0.00899||||||||||||||.00022|.00118
RD|I|40|053|9000|88132|1|7|105|800|20200702|00:00|0.00590||||||||||||||.00022|.00078
RD|I|40|053|9000|88132|1|7|105|800|20200705|00:00|0.00207||||||||||||||.00022|.0003
RD|I|40|053|9000|88132|1|7|105|800|20200708|00:00|0.00348||||||||||||||.00021|.00047
RD|I|40|053|9000|88132|1|7|105|800|20200711|00:00|0.00214||||||||||||||.00023|.00031
RD|I|40|053|9000|88132|1|7|105|800|20200714|00:00||AV||||||||||||||
RD|I|40|053|9000|88132|1|7|105|800|20200717|00:00|0.01289||||||||||||||.00023|.00168
RD|I|40|053|9000|88132|1|7|105|800|20200720|00:00|0.00668||||||||||||||.00023|.00088
RD|I|40|053|9000|88132|1|7|105|800|20200723|00:00|0.00118||||||||||||||.00022|.00021
RD|I|40|053|9000|88132|1|7|105|800|20200726|00:00|0.00096||||||||||||||.00022|.00018
RD|I|40|053|9000|88132|1|7|105|800|20200729|00:00|0.00034||||||||||||||.00023|.00015
RD|I|40|053|9000|88132|1|7|105|800|20200801|00:00||AV||||||||||||||
RD|I|40|053|9000|88132|1|7|105|800|20200804|00:00||AV||||||||||||||
RD|I|40|053|9000|88132|1|7|105|800|20200807|00:00|0.00108||||||||||||||.00023|.0002
RD|I|40|053|9000|88132|1|7|105|800|20200810|00:00|0.00664||||||||||||||.00023|.00087
RD|I|40|053|9000|88132|1|7|105|800|20200813|00:00|0.00188||||||||||||||.00022|.00028
RD|I|40|053|9000|88132|1|7|105|800|20200816|00:00|0.00163||||||||||||||.00022|.00025
RD|I|40|053|9000|88132|1|7|105|800|20200819|00:00|0.00155||||||||||||||.00022|.00024
RD|I|40|053|9000|88132|1|7|105|800|20200822|00:00|0.00306||||||||||||||.00022|.00042
RD|I|40|053|9000|88132|1|7|105|800|20200825|00:00|0.00365||||||||||||||.00023|.00049
RD|I|40|053|9000|88132|1|7|105|800|20200828|00:00|0.00331||||||||||||||.00023|.00045
RD|I|40|053|9000|88132|1|7|105|800|20200831|00:00|0.00140||||||||||||||.00023|.00023
RD|I|40|053|9000|88132|1|7|105|800|20200903|00:00|0.00124||||||||||||||.00023|.00021
RD|I|40|053|9000|88132|1|7|105|800|20200906|00:00|0.00213||||||||||||||.00023|.00031
RD|I|40|053|9000|88132|1|7|105|800|20200909|00:00|-0.00003||||||||||||||.00023|.00014
RD|I|40|053|9000|88132|1|7|105|800|20200912|00:00|0.00011||||||||||||||.00023|.00014
RD|I|40|053|9000|88132|1|7|105|800|20200915|00:00|0.00094||||||||||||||.00023|.00019
RD|I|40|053|9000|88132|1|7|105|800|20200918|00:00|0.00174||||||||||||||.00023|.00027
RD|I|40|053|9000|88132|1|7|105|800|20200921|00:00|0.00276||||||||||||||.00023|.00039
RD|I|40|053|9000|88132|1|7|105|800|20200924|00:00|0.00143||||||||||||||.00023|.00023
RD|I|40|053|9000|88132|1|7|105|800|20200927|00:00|0.00194||||||||||||||.00023|.00029
RD|I|40|053|9000|88132|1|7|105|800|20200930|00:00|0.00306||||||||||||||.00023|.00042
RD|I|40|053|9000|88132|1|7|105|800|20201003|00:00|0.00212||||||||||||||.00025|.00031
RD|I|40|053|9000|88132|1|7|105|800|20201006|00:00|0.00299||||||||||||||.00025|.00042
RD|I|40|053|9000|88132|1|7|105|800|20201009|00:00|0.00160||||||||||||||.00025|.00026
RD|I|40|053|9000|88132|1|7|105|800|20201012|00:00|0.00327||||||||||||||.00025|.00045
RD|I|40|053|9000|88132|1|7|105|800|20201015|00:00|0.00374||||||||||||||.00025|.00051
RD|I|40|053|9000|88132|1|7|105|800|20201018|00:00|0.00133||||||||||||||.00025|.00023
RD|I|40|053|9000|88132|1|7|105|800|20201021|00:00|0.00110||||||||||||||.00025|.00021
RD|I|40|053|9000|88132|1|7|105|800|20201024|00:00|0.00038||||||||||||||.00025|.00016
RD|I|40|053|9000|88132|1|7|105|800|20201027|00:00|0.00034||||||||||||||.00026|.00016
RD|I|40|053|9000|88132|1|7|105|800|20201030|00:00|0.00031||||||||||||||.00025|.00016
RD|I|40|053|9000|88132|1|7|105|800|20201102|00:00|0.00126||||||||||||||.00027|.00023
RD|I|40|053|9000|88132|1|7|105|800|20201105|00:00|0.00154||||||||||||||.00025|.00025
RD|I|40|053|9000|88132|1|7|105|800|20201108|00:00|0.00034||||||||||||||.00025|.00016
RD|I|40|053|9000|88132|1|7|105|800|20201111|00:00|0.00119||||||||||||||.00025|.00022
RD|I|40|053|9000|88132|1|7|105|800|20201114|00:00|0.00268||||||||||||||.00025|.00038
RD|I|40|053|9000|88132|1|7|105|800|20201117|00:00|0.00313||||||||||||||.00025|.00043
RD|I|40|053|9000|88132|1|7|105|800|20201120|00:00|0.00217||||||||||||||.00025|.00032
RD|I|40|053|9000|88132|1|7|105|800|20201123|00:00|0.00057||||||||||||||.00025|.00017
RD|I|40|053|9000|88132|1|7|105|800|20201126|00:00|0.00071||||||||||||||.00025|.00018
RD|I|40|053|9000|88132|1|7|105|800|20201129|00:00|0.00070||||||||||||||.00025|.00018
RD|I|40|053|9000|88132|1|7|105|800|20201202|00:00|0.00059||||||||||||||.00025|.00017
RD|I|40|053|9000|88132|1|7|105|800|20201205|00:00|0.00066||||||||||||||.00025|.00017
RD|I|40|053|9000|88132|1|7|105|800|20201208|00:00|0.00113||||||||||||||.00025|.00021
RD|I|40|053|9000|88132|1|7|105|800|20201211|00:00|0.00218||||||||||||||.00025|.00032
RD|I|40|053|9000|88132|1|7|105|800|20201214|00:00|0.00076||||||||||||||.00025|.00018
RD|I|40|053|9000|88132|1|7|105|800|20201217|00:00|0.00069||||||||||||||.00025|.00018
RD|I|40|053|9000|88132|1|7|105|800|20201220|00:00|0.00035||||||||||||||.00025|.00016
RD|I|40|053|9000|88132|1|7|105|800|20201223|00:00|0.00229||||||||||||||.00025|.00033
RD|I|40|053|9000|88132|1|7|105|800|20201226|00:00|0.00135||||||||||||||.00025|.00023
RD|I|40|053|9000|88132|1|7|105|800|20201229|00:00|0.00070||||||||||||||.00025|.00018
RD|I|40|053|9000|88136|1|7|105|800|20200101|00:00|-0.00001||||||||||||||.00011|.00007
RD|I|40|053|9000|88136|1|7|105|800|20200104|00:00|-0.00005||||||||||||||.00011|.00007
RD|I|40|053|9000|88136|1|7|105|800|20200107|00:00|0.00002||||||||||||||.00011|.00007
RD|I|40|053|9000|88136|1|7|105|800|20200110|00:00|0.00008||||||||||||||.00011|.00007
RD|I|40|053|9000|88136|1|7|105|800|20200113|00:00|0.00091||||||||||||||.00011|.00018
RD|I|40|053|9000|88136|1|7|105|800|20200116|00:00||BJ||||||||||||||
RD|I|40|053|9000|88136|1|7|105|800|20200119|00:00||BJ||||||||||||||
RD|I|40|053|9000|88136|1|7|105|800|20200122|00:00||BJ||||||||||||||
RD|I|40|053|9000|88136|1|7|105|800|20200125|00:00||BJ||||||||||||||
RD|I|40|053|9000|88136|1|7|105|800|20200128|00:00|0.00008||||||||||||||.00011|.00007
RD|I|40|053|9000|88136|1|7|105|800|20200131|00:00|0.00006||||||||||||||.00011|.00007
RD|I|40|053|9000|88136|1|7|105|800|20200203|00:00|0.00009||||||||||||||.00011|.00007
RD|I|40|053|9000|88136|1|7|105|800|20200206|00:00|0.00011||||||||||||||.00011|.00007
RD|I|40|053|9000|88136|1|7|105|800|20200209|00:00|0.00002||||||||||||||.00011|.00007
RD|I|40|053|9000|88136|1|7|105|800|20200212|00:00|0.00002||||||||||||||.00011|.00007
RD|I|40|053|9000|88136|1|7|105|800|20200215|00:00|0.00004||||||||||||||.00011|.00007
RD|I|40|053|9000|88136|1|7|105|800|20200218|00:00|0.00015||||||||||||||.00011|.00007
RD|I|40|053|9000|88136|1|7|105|800|20200221|00:00|0.00005||||||||||||||.00011|.00007
RD|I|40|053|9000|88136|1|7|105|800|20200224|00:00|0.00001||||||||||||||.00011|.00007
RD|I|40|053|9000|88136|1|7|105|800|20200227|00:00|0.00047||||||||||||||.00011|.00011
RD|I|40|053|9000|88136|1|7|105|800|20200301|00:00|0.00015||||||||||||||.00011|.00007
RD|I|40|053|9000|88136|1|7|105|800|20200304|00:00|0.00074||||||||||||||.00011|.00015
RD|I|40|053|9000|88136|1|7|105|800|20200307|00:00|0.00018||||||||||||||.00012|.00008
RD|I|40|053|9000|88136|1|7|105|800|20200310|00:00|0.00009||||||||||||||.00011|.00007
RD|I|40|053|9000|88136|1|7|105|800|20200313|00:00|0.00003||||||||||||||.00011|.00007
RD|I|40|053|9000|88136|1|7|105|800|20200316|00:00|0.00008||||||||||||||.00011|.00007
RD|I|40|053|9000|88136|1|7|105|800|20200319|00:00|0.00008||||||||||||||.00011|.00007
RD|I|40|053|9000|88136|1|7|105|800|20200322|00:00|-0.00001||||||||||||||.00011|.00007
RD|I|40|053|9000|88136|1|7|105|800|20200325|00:00|0.00004||||||||||||||.00011|.00007
RD|I|40|053|9000|88136|1|7|105|800|20200328|00:00|0.00015||||||||||||||.00011|.00007
RD|I|40|053|9000|88136|1|7|105|800|20200331|00:00|0.00006||||||||||||||.00011|.00007
RD|I|40|053|9000|88136|1|7|105|800|20200403|00:00|0.00005||||||||||||||.00011|.00007
RD|I|40|053|9000|88136|1|7|105|800|20200406|00:00|0.00014||||||||||||||.00011|.00007
RD|I|40|053|9000|88136|1|7|105|800|20200409|00:00||AF||||||||||||||
RD|I|40|053|9000|88136|1|7|105|800|20200412|00:00||AF||||||||||||||
RD|I|40|053|9000|88136|1|7|105|800|20200415|00:00||AF||||||||||||||
RD|I|40|053|9000|88136|1|7|105|800|20200418|00:00||AF||||||||||||||
RD|I|40|053|9000|88136|1|7|105|800|20200421|00:00||AF||||||||||||||
RD|I|40|053|9000|88136|1|7|105|800|20200424|00:00||AF||||||||||||||
RD|I|40|053|9000|88136|1|7|105|800|20200427|00:00||AF||||||||||||||
RD|I|40|053|9000|88136|1|7|105|800|20200430|00:00||AF||||||||||||||
RD|I|40|053|9000|88136|1|7|105|800|20200503|00:00||AF||||||||||||||
RD|I|40|053|9000|88136|1|7|105|800|20200506|00:00|0.00012||||||||||||||.00011|.00007
RD|I|40|053|9000|88136|1|7|105|800|20200509|00:00|0.00000||||||||||||||.00011|.00007
RD|I|40|053|9000|88136|1|7|105|800|20200512|00:00|-0.00002||||||||||||||.00011|.00007
RD|I|40|053|9000|88136|1|7|105|800|20200515|00:00|0.00006||||||||||||||.00011|.00007
RD|I|40|053|9000|88136|1|7|105|800|20200518|00:00|0.00002||||||||||||||.00011|.00007
RD|I|40|053|9000|88136|1|7|105|800|20200521|00:00|0.00004||||||||||||||.00011|.00007
RD|I|40|053|9000|88136|1|7|105|800|20200524|00:00|0.00009||||||||||||||.00011|.00007
RD|I|40|053|9000|88136|1|7|105|800|20200527|00:00|0.00003||||||||||||||.00011|.00007
RD|I|40|053|9000|88136|1|7|105|800|20200530|00:00|0.00011||||||||||||||.00011|.00007
RD|I|40|053|9000|88136|1|7|105|800|20200602|00:00|0.00011||||||||||||||.00011|.00007
RD|I|40|053|9000|88136|1|7|105|800|20200605|00:00|0.00010||||||||||||||.00011|.00007
RD|I|40|053|9000|88136|1|7|105|800|20200608|00:00|0.00006||||||||||||||.00011|.00007
RD|I|40|053|9000|88136|1|7|105|800|20200611|00:00|0.00002||||||||||||||.00011|.00006
RD|I|40|053|9000|88136|1|7|105|800|20200614|00:00|0.00006||||||||||||||.00011|.00007
RD|I|40|053|9000|88136|1|7|105|800|20200617|00:00|0.00023||||||||||||||.00011|.00008
RD|I|40|053|9000|88136|1|7|105|800|20200620|00:00|0.00005||||||||||||||.00011|.00007
RD|I|40|053|9000|88136|1|7|105|800|20200623|00:00|0.00007||||||||||||||.00011|.00007
RD|I|40|053|9000|88136|1|7|105|800|20200626|00:00|0.00013||||||||||||||.00011|.00007
RD|I|40|053|9000|88136|1|7|105|800|20200629|00:00|0.00057||||||||||||||.00011|.00012
RD|I|40|053|9000|88136|1|7|105|800|20200702|00:00|0.00031||||||||||||||.00011|.00009
RD|I|40|053|9000|88136|1|7|105|800|20200705|00:00|0.00012||||||||||||||.00011|.00007
RD|I|40|053|9000|88136|1|7|105|800|20200708|00:00|0.00004||||||||||||||.00011|.00007
RD|I|40|053|9000|88136|1|7|105|800|20200711|00:00|0.00022||||||||||||||.00012|.00008
RD|I|40|053|9000|88136|1|7|105|800|20200714|00:00||AV||||||||||||||
RD|I|40|053|9000|88136|1|7|105|800|20200717|00:00|0.00066||||||||||||||.00011|.00014
RD|I|40|053|9000|88136|1|7|105|800|20200720|00:00|0.00030||||||||||||||.00011|.00009
RD|I|40|053|9000|88136|1|7|105|800|20200723|00:00|0.00017||||||||||||||.00011|.00007
RD|I|40|053|9000|88136|1|7|105|800|20200726|00:00|0.00008||||||||||||||.00011|.00007
RD|I|40|053|9000|88136|1|7|105|800|20200729|00:00|0.00005||||||||||||||.00011|.00007
RD|I|40|053|9000|88136|1|7|105|800|20200801|00:00||AV||||||||||||||
RD|I|40|053|9000|88136|1|7|105|800|20200804|00:00||AV||||||||||||||
RD|I|40|053|9000|88136|1|7|105|800|20200807|00:00|0.00019||||||||||||||.00011|.00008
RD|I|40|053|9000|88136|1|7|105|800|20200810|00:00|0.00049||||||||||||||.00011|.00011
RD|I|40|053|9000|88136|1|7|105|800|20200813|00:00|0.00014||||||||||||||.00018|.00011
RD|I|40|053|9000|88136|1|7|105|800|20200816|00:00|0.00011||||||||||||||.00018|.00011
RD|I|40|053|9000|88136|1|7|105|800|20200819|00:00|-0.00002||||||||||||||.00018|.00011
RD|I|40|053|9000|88136|1|7|105|800|20200822|00:00|0.00006||||||||||||||.00018|.00011
RD|I|40|053|9000|88136|1|7|105|800|20200825|00:00|0.00018||||||||||||||.00018|.00011
RD|I|40|053|9000|88136|1|7|105|800|20200828|00:00|0.00006||||||||||||||.00018|.00011
RD|I|40|053|9000|88136|1|7|105|800|20200831|00:00|0.00014||||||||||||||.00018|.00011
RD|I|40|053|9000|88136|1|7|105|800|20200903|00:00|0.00021||||||||||||||.00011|.00008
RD|I|40|053|9000|88136|1|7|105|800|20200906|00:00|0.00016||||||||||||||.00011|.00007
RD|I|40|053|9000|88136|1|7|105|800|20200909|00:00|0.00009||||||||||||||.00011|.00007
RD|I|40|053|9000|88136|1|7|105|800|20200912|00:00|0.00011||||||||||||||.00011|.00007
RD|I|40|053|9000|88136|1|7|105|800|20200915|00:00|0.00014||||||||||||||.00011|.00007
RD|I|40|053|9000|88136|1|7|105|800|20200918|00:00|0.00006||||||||||||||.00011|.00007
RD|I|40|053|9000|88136|1|7|105|800|20200921|00:00|0.00015||||||||||||||.00011|.00007
RD|I|40|053|9000|88136|1|7|105|800|20200924|00:00|0.00003||||||||||||||.00011|.00007
RD|I|40|053|9000|88136|1|7|105|800|20200927|00:00|0.00004||||||||||||||.00011|.00007
RD|I|40|053|9000|88136|1|7|105|800|20200930|00:00|0.00003||||||||||||||.00011|.00007
RD|I|40|053|9000|88136|1|7|105|800|20201003|00:00|-0.00002||||||||||||||.00011|.00007
RD|I|40|053|9000|88136|1|7|105|800|20201006|00:00|0.00018||||||||||||||.00011|.00008
RD|I|40|053|9000|88136|1|7|105|800|20201009|00:00|0.00008||||||||||||||.00011|.00007
RD|I|40|053|9000|88136|1|7|105|800|20201012|00:00|0.00001||||||||||||||.00011|.00007
RD|I|40|053|9000|88136|1|7|105|800|20201015|00:00|0.00023||||||||||||||.00011|.00008
RD|I|40|053|9000|88136|1|7|105|800|20201018|00:00|0.00008||||||||||||||.00011|.00007
RD|I|40|053|9000|88136|1|7|105|800|20201021|00:00|0.00011||||||||||||||.00011|.00007
RD|I|40|053|9000|88136|1|7|105|800|20201024|00:00|0.00008||||||||||||||.00011|.00007
RD|I|40|053|9000|88136|1|7|105|800|20201027|00:00|0.00007||||||||||||||.00012|.00007
RD|I|40|053|9000|88136|1|7|105|800|20201030|00:00|0.00005||||||||||||||.00011|.00007
RD|I|40|053|9000|88136|1|7|105|800|20201102|00:00|-0.00005||||||||||||||.00011|.00007
RD|I|40|053|9000|88136|1|7|105|800|20201105|00:00|0.00017||||||||||||||.00011|.00008
RD|I|40|053|9000|88136|1|7|105|800|20201108|00:00|0.00021||||||||||||||.00011|.00008
RD|I|40|053|9000|88136|1|7|105|800|20201111|00:00|0.00015||||||||||||||.00011|.00007
RD|I|40|053|9000|88136|1|7|105|800|20201114|00:00|0.00018||||||||||||||.00011|.00008
RD|I|40|053|9000|88136|1|7|105|800|20201117|00:00|0.00057||||||||||||||.00011|.00012
RD|I|40|053|9000|88136|1|7|105|800|20201120|00:00|0.00054||||||||||||||.00011|.00012
RD|I|40|053|9000|88136|1|7|105|800|20201123|00:00|-0.00003||||||||||||||.00011|.00007
RD|I|40|053|9000|88136|1|7|105|800|20201126|00:00|0.00002||||||||||||||.00011|.00007
RD|I|40|053|9000|88136|1|7|105|800|20201129|00:00|0.00015||||||||||||||.00011|.00007
RD|I|40|053|9000|88136|1|7|105|800|20201202|00:00|0.00005||||||||||||||.00011|.00007
RD|I|40|053|9000|88136|1|7|105|800|20201205|00:00|0.00009||||||||||||||.00011|.00007
RD|I|40|053|9000|88136|1|7|105|800|20201208|00:00|0.00010||||||||||||||.00012|.00007
RD|I|40|053|9000|88136|1|7|105|800|20201211|00:00|0.00001||||||||||||||.00012|.00007
RD|I|40|053|9000|88136|1|7|105|800|20201214|00:00|0.00001||||||||||||||.00012|.00007
RD|I|40|053|9000|88136|1|7|105|800|20201217|00:00|0.00007||||||||||||||.00012|.00007
RD|I|40|053|9000|88136|1|7|105|800|20201220|00:00|0.00007||||||||||||||.00011|.00007
RD|I|40|053|9000|88136|1|7|105|800|20201223|00:00|0.00009||||||||||||||.00011|.00007
RD|I|40|053|9000|88136|1|7|105|800|20201226|00:00|0.00007||||||||||||||.00011|.00007
RD|I|40|053|9000|88136|1|7|105|800|20201229|00:00|0.00011||||||||||||||.00012|.00007
RD|I|40|109|1037|12103|6|7|003|089|20200104|00:00|0.225||||||||||||||.0064|
RD|I|40|109|1037|12103|6|7|003|089|20200110|00:00|0.347||||||||||||||.0073|
RD|I|40|109|1037|12103|6|7|003|089|20200116|00:00|0.189||||||||||||||.00677|
RD|I|40|109|1037|12103|6|7|003|089|20200122|00:00|0.217||||||||||||||.00697|
RD|I|40|109|1037|12103|6|7|003|089|20200128|00:00|0.238||||||||||||||.00702|
RD|I|40|109|1037|12103|6|7|003|089|20200203|00:00|0.229||||||||||||||.00733|
RD|I|40|109|1037|12103|6|7|003|089|20200209|00:00|0.478||||||||||||||.00736|
RD|I|40|109|1037|12103|6|7|003|089|20200215|00:00|0.492||||||||||||||.00708|
RD|I|40|109|1037|12103|6|7|003|089|20200221|00:00|0.552||||||||||||||.00688|
RD|I|40|109|1037|12103|6|7|003|089|20200227|00:00|0.202||||||||||||||.00718|
RD|I|40|109|1037|12103|6|7|003|089|20200304|00:00|0.413||||||||||||||.00743|
RD|I|40|109|1037|12103|6|7|003|089|20200310|00:00|0.483||||||||||||||.00737|
RD|I|40|109|1037|12103|6|7|003|089|20200316|00:00|0.869||||||||||||||.00731|
RD|I|40|109|1037|12103|6|7|003|089|20200322|00:00|0.515||||||||||||||.00724|
RD|I|40|109|1037|12103|6|7|003|089|20200328|00:00|0.444||||||||||||||.00742|
RD|I|40|109|1037|12103|6|7|003|089|20200403|00:00|0.233||||||||||||||.00735|
RD|I|40|109|1037|12103|6|7|003|089|20200409|00:00|0.554||||||||||||||.00741|
RD|I|40|109|1037|12103|6|7|003|089|20200415|00:00|0.287||||||||||||||.00651|
RD|I|40|109|1037|12103|6|7|003|089|20200421|00:00|1.43||||||||||||||.00679|
RD|I|40|109|1037|12103|6|7|003|089|20200427|00:00|0.721||||||||||||||.0069|
RD|I|40|109|1037|12103|6|7|003|089|20200503|00:00|1.06||||||||||||||.00694|
RD|I|40|109|1037|12103|6|7|003|089|20200509|00:00|0.709||||||||||||||.00694|
RD|I|40|109|1037|12103|6|7|003|089|20200515|00:00|0.399||||||||||||||.00731|
RD|I|40|109|1037|12103|6|7|003|089|20200521|00:00|0.588||||||||||||||.00736|
RD|I|40|109|1037|12103|6|7|003|089|20200527|00:00|0.570||||||||||||||.00726|
RD|I|40|109|1037|12103|6|7|003|089|20200602|00:00|0.620||||||||||||||.00743|
RD|I|40|109|1037|12103|6|7|003|089|20200608|00:00|0.735||||||||||||||.00772|
RD|I|40|109|1037|12103|6|7|003|089|20200614|00:00|0.567||||||||||||||.00757|
RD|I|40|109|1037|12103|6|7|003|089|20200620|00:00|0.442||||||||||||||.00753|
RD|I|40|109|1037|12103|6|7|003|089|20200626|00:00|0.633||||||||||||||.00763|
RD|I|40|109|1037|12103|6|7|003|089|20200702|00:00|0.552||||||||||||||.00783|
RD|I|40|109|1037|12103|6|7|003|089|20200708|00:00|0.654||||||||||||||.00779|
RD|I|40|109|1037|12103|6|7|003|089|20200714|00:00|0.590||||||||||||||.00794|
RD|I|40|109|1037|12103|6|7|003|089|20200720|00:00|0.527||||||||||||||.00787|
RD|I|40|109|1037|12103|6|7|003|089|20200726|00:00|0.298||||||||||||||.00725|
RD|I|40|109|1037|12103|6|7|003|089|20200801|00:00|0.708||||||||||||||.00743|
RD|I|40|109|1037|12103|6|7|003|089|20200807|00:00|0.506||||||||||||||.00762|
RD|I|40|109|1037|12103|6|7|003|089|20200813|00:00|0.403||||||||||||||.00763|
RD|I|40|109|1037|12103|6|7|003|089|20200819|00:00|0.536||||||||||||||.00703|
RD|I|40|109|1037|12103|6|7|003|089|20200825|00:00|0.587||||||||||||||.00709|
RD|I|40|109|1037|12103|6|7|003|089|20200831|00:00|0.399||||||||||||||.00716|
RD|I|40|109|1037|12103|6|7|003|089|20200906|00:00|0.374||||||||||||||.00707|
RD|I|40|109|1037|12103|6|7|003|089|20200912|00:00|0.916||||||||||||||.00688|
RD|I|40|109|1037|12103|6|7|003|089|20200918|00:00|0.503||||||||||||||.00681|
RD|I|40|109|1037|12103|6|7|003|089|20200924|00:00|0.965||||||||||||||.0069|
RD|I|40|109|1037|12103|6|7|003|089|20200930|00:00|0.285||||||||||||||.00684|
RD|I|40|109|1037|12103|6|7|003|089|20201006|00:00|0.776||||||||||||||.00663|
RD|I|40|109|1037|12103|6|7|003|089|20201012|00:00|0.866||||||||||||||.00694|
RD|I|40|109|1037|12103|6|7|003|089|20201018|00:00|0.638||||||||||||||.00663|
RD|I|40|109|1037|12103|6|7|003|089|20201024|00:00|0.282||||||||||||||.00633|
RD|I|40|109|1037|12103|6|7|003|089|20201030|00:00|0.773||||||||||||||.00654|
RD|I|40|109|1037|12103|6|7|003|089|20201105|00:00|0.828||||||||||||||.0066|
RD|I|40|109|1037|12103|6|7|003|089|20201111|00:00|0.396||||||||||||||.00634|
RD|I|40|109|1037|12103|6|7|003|089|20201117|00:00|0.741||||||||||||||.00636|
RD|I|40|109|1037|12103|6|7|003|089|20201123|00:00|0.461||||||||||||||.0063|
RD|I|40|109|1037|12103|6|7|003|089|20201129|00:00|0.237||||||||||||||.00624|
RD|I|40|109|1037|12103|6|7|003|089|20201205|00:00|0.298||||||||||||||.00619|
RD|I|40|109|1037|12103|6|7|003|089|20201211|00:00|0.325||||||||||||||.00628|
RD|I|40|109|1037|12103|6|7|003|089|20201217|00:00|0.415||||||||||||||.00613|
RD|I|40|109|1037|12103|6|7|003|089|20201223|00:00|0.158||||||||||||||.00617|
RD|I|40|109|1037|12103|6|7|003|089|20201229|00:00|0.475||||||||||||||.0063|
RD|I|40|109|1037|12105|6|7|003|089|20200104|00:00|0.00403||||SQ||||||||||.00132|
RD|I|40|109|1037|12105|6|7|003|089|20200110|00:00|0.00525||||||||||||||.00151|
RD|I|40|109|1037|12105|6|7|003|089|20200116|00:00|0.00265||||SQ||||||||||.0014|
RD|I|40|109|1037|12105|6|7|003|089|20200122|00:00|0.00116||||MD||||||||||.00144|
RD|I|40|109|1037|12105|6|7|003|089|20200128|00:00|0.0008||||MD||||||||||.00145|
RD|I|40|109|1037|12105|6|7|003|089|20200203|00:00|0.00621||||||||||||||.00152|
RD|I|40|109|1037|12105|6|7|003|089|20200209|00:00|0.00489||||||||||||||.00152|
RD|I|40|109|1037|12105|6|7|003|089|20200215|00:00|0.00523||||||||||||||.00146|
RD|I|40|109|1037|12105|6|7|003|089|20200221|00:00|0.00974||||||||||||||.00142|
RD|I|40|109|1037|12105|6|7|003|089|20200227|00:00|0.00675||||||||||||||.00148|
RD|I|40|109|1037|12105|6|7|003|089|20200304|00:00|0.0181||||||||||||||.00154|
RD|I|40|109|1037|12105|6|7|003|089|20200310|00:00|0.00777||||||||||||||.00152|
RD|I|40|109|1037|12105|6|7|003|089|20200316|00:00|0.00114||||MD||||||||||.00151|
RD|I|40|109|1037|12105|6|7|003|089|20200322|00:00|0.00247||||SQ||||||||||.0015|
RD|I|40|109|1037|12105|6|7|003|089|20200328|00:00|0.0463||||||||||||||.00153|
RD|I|40|109|1037|12105|6|7|003|089|20200403|00:00|0.00304||||SQ||||||||||.00152|
RD|I|40|109|1037|12105|6|7|003|089|20200409|00:00|0.0147||||||||||||||.00153|
RD|I|40|109|1037|12105|6|7|003|089|20200415|00:00|0.00544||||||||||||||.00135|
RD|I|40|109|1037|12105|6|7|003|089|20200421|00:00|0.00890||||QX||||||||||.0014|
RD|I|40|109|1037|12105|6|7|003|089|20200427|00:00|0.0117||||||||||||||.00143|
RD|I|40|109|1037|12105|6|7|003|089|20200503|00:00|0.00945||||||||||||||.00144|
RD|I|40|109|1037|12105|6|7|003|089|20200509|00:00|0.00488||||||||||||||.00144|
RD|I|40|109|1037|12105|6|7|003|089|20200515|00:00|0.00408||||SQ||||||||||.00151|
RD|I|40|109|1037|12105|6|7|003|089|20200521|00:00|0.00966||||||||||||||.00152|
RD|I|40|109|1037|12105|6|7|003|089|20200527|00:00|0.00352||||SQ||||||||||.0015|
RD|I|40|109|1037|12105|6|7|003|089|20200602|00:00|0.00971||||||||||||||.00154|
RD|I|40|109|1037|12105|6|7|003|089|20200608|00:00|0.0153||||||||||||||.0016|
RD|I|40|109|1037|12105|6|7|003|089|20200614|00:00|0.0153||||||||||||||.00157|
RD|I|40|109|1037|12105|6|7|003|089|20200620|00:00|0.00525||||||||||||||.00156|
RD|I|40|109|1037|12105|6|7|003|089|20200626|00:00|0.0206||||||||||||||.00158|
RD|I|40|109|1037|12105|6|7|003|089|20200702|00:00|0.0322||||||||||||||.00162|
RD|I|40|109|1037|12105|6|7|003|089|20200708|00:00|0.0242||||||||||||||.00161|
RD|I|40|109|1037|12105|6|7|003|089|20200714|00:00|0.0313||||||||||||||.00164|
RD|I|40|109|1037|12105|6|7|003|089|20200720|00:00|0.0291||||||||||||||.00163|
RD|I|40|109|1037|12105|6|7|003|089|20200726|00:00|0.00684||||||||||||||.0015|
RD|I|40|109|1037|12105|6|7|003|089|20200801|00:00|0.00574||||||||||||||.00154|
RD|I|40|109|1037|12105|6|7|003|089|20200807|00:00|0.00793||||||||||||||.00158|
RD|I|40|109|1037|12105|6|7|003|089|20200813|00:00|0.0160||||||||||||||.00158|
RD|I|40|109|1037|12105|6|7|003|089|20200819|00:00|0.0101||||||||||||||.00145|
RD|I|40|109|1037|12105|6|7|003|089|20200825|00:00|0.0146||||||||||||||.00147|
RD|I|40|109|1037|12105|6|7|003|089|20200831|00:00|0.00694||||||||||||||.00148|
RD|I|40|109|1037|12105|6|7|003|089|20200906|00:00|0.00818||||||||||||||.00146|
RD|I|40|109|1037|12105|6|7|003|089|20200912|00:00|0.00255||||SQ||||||||||.00142|
RD|I|40|109|1037|12105|6|7|003|089|20200918|00:00|0.0117||||||||||||||.00141|
RD|I|40|109|1037|12105|6|7|003|089|20200924|00:00|0.00692||||||||||||||.00143|
RD|I|40|109|1037|12105|6|7|003|089|20200930|00:00|0.0186||||||||||||||.00141|
RD|I|40|109|1037|12105|6|7|003|089|20201006|00:00|0.0119||||||||||||||.00137|
RD|I|40|109|1037|12105|6|7|003|089|20201012|00:00|0.136||||||||||||||.00143|
RD|I|40|109|1037|12105|6|7|003|089|20201018|00:00|0.0106||||||||||||||.00137|
RD|I|40|109|1037|12105|6|7|003|089|20201024|00:00|0.0103||||||||||||||.00131|
RD|I|40|109|1037|12105|6|7|003|089|20201030|00:00|0.00435||||||||||||||.00135|
RD|I|40|109|1037|12105|6|7|003|089|20201105|00:00|0.0137||||||||||||||.00143|
RD|I|40|109|1037|12105|6|7|003|089|20201111|00:00|0.00619||||||||||||||.00138|
RD|I|40|109|1037|12105|6|7|003|089|20201117|00:00|0.0247||||||||||||||.00138|
RD|I|40|109|1037|12105|6|7|003|089|20201123|00:00|0.00677||||||||||||||.00137|
RD|I|40|109|1037|12105|6|7|003|089|20201129|00:00|0.00364||||SQ||||||||||.00135|
RD|I|40|109|1037|12105|6|7|003|089|20201205|00:00|0.00545||||||||||||||.00134|
RD|I|40|109|1037|12105|6|7|003|089|20201211|00:00|0.0110||||||||||||||.00136|
RD|I|40|109|1037|12105|6|7|003|089|20201217|00:00|0.00545||||||||||||||.00133|
RD|I|40|109|1037|12105|6|7|003|089|20201223|00:00|0.0134||||||||||||||.00134|
RD|I|40|109|1037|12105|6|7|003|089|20201229|00:00|0.00373||||SQ||||||||||.00137|
RD|I|40|109|1037|12110|6|7|003|089|20200104|00:00|0.0582||||||||||||||.00413|
RD|I|40|109|1037|12110|6|7|003|089|20200110|00:00|0.0545||||||||||||||.00471|
RD|I|40|109|1037|12110|6|7|003|089|20200116|00:00|0.0438||||||||||||||.00437|
RD|I|40|109|1037|12110|6|7|003|089|20200122|00:00|0.0382||||||||||||||.0045|
RD|I|40|109|1037|12110|6|7|003|089|20200128|00:00|0.0558||||||||||||||.00453|
RD|I|40|109|1037|12110|6|7|003|089|20200203|00:00|0.0694||||||||||||||.00473|
RD|I|40|109|1037|12110|6|7|003|089|20200209|00:00|0.165||||||||||||||.00475|
RD|I|40|109|1037|12110|6|7|003|089|20200215|00:00|0.0856||||||||||||||.00457|
RD|I|40|109|1037|12110|6|7|003|089|20200221|00:00|0.0759||||||||||||||.00444|
RD|I|40|109|1037|12110|6|7|003|089|20200227|00:00|0.0361||||||||||||||.00463|
RD|I|40|109|1037|12110|6|7|003|089|20200304|00:00|0.0858||||||||||||||.00479|
RD|I|40|109|1037|12110|6|7|003|089|20200310|00:00|0.0866||||||||||||||.00476|
RD|I|40|109|1037|12110|6|7|003|089|20200316|00:00|0.127||||||||||||||.00472|
RD|I|40|109|1037|12110|6|7|003|089|20200322|00:00|0.120||||||||||||||.00467|
RD|I|40|109|1037|12110|6|7|003|089|20200328|00:00|0.140||||||||||||||.00479|
RD|I|40|109|1037|12110|6|7|003|089|20200403|00:00|0.0356||||||||||||||.00474|
RD|I|40|109|1037|12110|6|7|003|089|20200409|00:00|0.172||||||||||||||.00478|
RD|I|40|109|1037|12110|6|7|003|089|20200415|00:00|0.106||||||||||||||.0042|
RD|I|40|109|1037|12110|6|7|003|089|20200421|00:00|0.126||||||||||||||.00438|
RD|I|40|109|1037|12110|6|7|003|089|20200427|00:00|0.116||||||||||||||.00445|
RD|I|40|109|1037|12110|6|7|003|089|20200503|00:00|0.157||||||||||||||.00448|
RD|I|40|109|1037|12110|6|7|003|089|20200509|00:00|0.0947||||||||||||||.00448|
RD|I|40|109|1037|12110|6|7|003|089|20200515|00:00|0.102||||||||||||||.00472|
RD|I|40|109|1037|12110|6|7|003|089|20200521|00:00|0.103||||||||||||||.00475|
RD|I|40|109|1037|12110|6|7|003|089|20200527|00:00|0.0537||||||||||||||.00469|
RD|I|40|109|1037|12110|6|7|003|089|20200602|00:00|0.113||||||||||||||.00479|
RD|I|40|109|1037|12110|6|7|003|089|20200608|00:00|0.126||||||||||||||.00498|
RD|I|40|109|1037|12110|6|7|003|089|20200614|00:00|0.0758||||||||||||||.00489|
RD|I|40|109|1037|12110|6|7|003|089|20200620|00:00|0.0618||||||||||||||.00486|
RD|I|40|109|1037|12110|6|7|003|089|20200626|00:00|0.0934||||||||||||||.00492|
RD|I|40|109|1037|12110|6|7|003|089|20200702|00:00|0.144||||||||||||||.00505|
RD|I|40|109|1037|12110|6|7|003|089|20200708|00:00|0.0679||||||||||||||.00502|
RD|I|40|109|1037|12110|6|7|003|089|20200714|00:00|0.0735||||||||||||||.00513|
RD|I|40|109|1037|12110|6|7|003|089|20200720|00:00|0.0711||||||||||||||.00508|
RD|I|40|109|1037|12110|6|7|003|089|20200726|00:00|0.0399||||||||||||||.00468|
RD|I|40|109|1037|12110|6|7|003|089|20200801|00:00|0.0523||||||||||||||.00479|
RD|I|40|109|1037|12110|6|7|003|089|20200807|00:00|0.102||||QX||||||||||.00492|
RD|I|40|109|1037|12110|6|7|003|089|20200813|00:00|0.0599||||||||||||||.00492|
RD|I|40|109|1037|12110|6|7|003|089|20200819|00:00|0.0733||||||||||||||.00454|
RD|I|40|109|1037|12110|6|7|003|089|20200825|00:00|0.159||||||||||||||.00457|
RD|I|40|109|1037|12110|6|7|003|089|20200831|00:00|0.0384||||||||||||||.00462|
RD|I|40|109|1037|12110|6|7|003|089|20200906|00:00|0.0765||||||||||||||.00456|
RD|I|40|109|1037|12110|6|7|003|089|20200912|00:00|0.124||||||||||||||.00444|
RD|I|40|109|1037|12110|6|7|003|089|20200918|00:00|0.0973||||||||||||||.0044|
RD|I|40|109|1037|12110|6|7|003|089|20200924|00:00|0.0542||||||||||||||.00445|
RD|I|40|109|1037|12110|6|7|003|089|20200930|00:00|0.0412||||||||||||||.00441|
RD|I|40|109|1037|12110|6|7|003|089|20201006|00:00|0.114||||||||||||||.00428|
RD|I|40|109|1037|12110|6|7|003|089|20201012|00:00|0.242||||||||||||||.00448|
RD|I|40|109|1037|12110|6|7|003|089|20201018|00:00|0.101||||||||||||||.00428|
RD|I|40|109|1037|12110|6|7|003|089|20201024|00:00|0.0509||||||||||||||.00409|
RD|I|40|109|1037|12110|6|7|003|089|20201030|00:00|0.105||||||||||||||.00422|
RD|I|40|109|1037|12110|6|7|003|089|20201105|00:00|0.147||||||||||||||.00416|
RD|I|40|109|1037|12110|6|7|003|089|20201111|00:00|0.0862||||||||||||||.004|
RD|I|40|109|1037|12110|6|7|003|089|20201117|00:00|0.140||||||||||||||.00401|
RD|I|40|109|1037|12110|6|7|003|089|20201123|00:00|0.205||||||||||||||.00397|
RD|I|40|109|1037|12110|6|7|003|089|20201129|00:00|0.0503||||||||||||||.00393|
RD|I|40|109|1037|12110|6|7|003|089|20201205|00:00|0.0494||||||||||||||.00391|
RD|I|40|109|1037|12110|6|7|003|089|20201211|00:00|0.0825||||||||||||||.00396|
RD|I|40|109|1037|12110|6|7|003|089|20201217|00:00|0.0849||||||||||||||.00387|
RD|I|40|109|1037|12110|6|7|003|089|20201223|00:00|0.0499||||||||||||||.00389|
RD|I|40|109|1037|12110|6|7|003|089|20201229|00:00|0.0956||||||||||||||.00397|
RD|I|40|109|1037|12112|6|7|003|089|20200104|00:00|0.937||||MD||||||||||.954|
RD|I|40|109|1037|12112|6|7|003|089|20200110|00:00|1.09||||SQ||||||||||1.09|
RD|I|40|109|1037|12112|6|7|003|089|20200116|00:00|0.874||||MD||||||||||1.01|
RD|I|40|109|1037|12112|6|7|003|089|20200122|00:00|0.961||||MD||||||||||1.04|
RD|I|40|109|1037|12112|6|7|003|089|20200128|00:00|0.925||||MD||||||||||1.05|
RD|I|40|109|1037|12112|6|7|003|089|20200203|00:00|0.939||||MD||||||||||1.09|
RD|I|40|109|1037|12112|6|7|003|089|20200209|00:00|0.874||||MD||||||||||1.1|
RD|I|40|109|1037|12112|6|7|003|089|20200215|00:00|0.973||||MD||||||||||1.06|
RD|I|40|109|1037|12112|6|7|003|089|20200221|00:00|1.27||||SQ||||||||||1.03|
RD|I|40|109|1037|12112|6|7|003|089|20200227|00:00|1.16||||SQ||||||||||1.07|
RD|I|40|109|1037|12112|6|7|003|089|20200304|00:00|1.44||||SQ||||||||||1.11|
RD|I|40|109|1037|12112|6|7|003|089|20200310|00:00|1.13||||SQ||||||||||1.1|
RD|I|40|109|1037|12112|6|7|003|089|20200316|00:00|1.23||||SQ||||||||||1.09|
RD|I|40|109|1037|12112|6|7|003|089|20200322|00:00|0.901||||MD||||||||||1.08|
RD|I|40|109|1037|12112|6|7|003|089|20200328|00:00|1.60||||SQ||||||||||1.11|
RD|I|40|109|1037|12112|6|7|003|089|20200403|00:00|0.939||||MD||||||||||1.1|
RD|I|40|109|1037|12112|6|7|003|089|20200409|00:00|1.13||||SQ||||||||||1.1|
RD|I|40|109|1037|12112|6|7|003|089|20200415|00:00|0.891||||MD||||||||||.971|
RD|I|40|109|1037|12112|6|7|003|089|20200421|00:00|1.08||||SQ||||||||||1.01|
RD|I|40|109|1037|12112|6|7|003|089|20200427|00:00|1.17||||SQ||||||||||1.03|
RD|I|40|109|1037|12112|6|7|003|089|20200503|00:00|1.07||||SQ||||||||||1.04|
RD|I|40|109|1037|12112|6|7|003|089|20200509|00:00|0.994||||MD||||||||||1.04|
RD|I|40|109|1037|12112|6|7|003|089|20200515|00:00|1.07||||MD||||||||||1.09|
RD|I|40|109|1037|12112|6|7|003|089|20200521|00:00|1.19||||SQ||||||||||1.1|
RD|I|40|109|1037|12112|6|7|003|089|20200527|00:00|1.02||||MD||||||||||1.08|
RD|I|40|109|1037|12112|6|7|003|089|20200602|00:00|1.33||||SQ||||||||||1.11|
RD|I|40|109|1037|12112|6|7|003|089|20200608|00:00|1.34||||SQ||||||||||1.15|
RD|I|40|109|1037|12112|6|7|003|089|20200614|00:00|1.27||||SQ||||||||||1.13|
RD|I|40|109|1037|12112|6|7|003|089|20200620|00:00|1.13||||SQ||||||||||1.12|
RD|I|40|109|1037|12112|6|7|003|089|20200626|00:00|1.56||||SQ||||||||||1.14|
RD|I|40|109|1037|12112|6|7|003|089|20200702|00:00|1.86||||SQ||||||||||1.17|
RD|I|40|109|1037|12112|6|7|003|089|20200708|00:00|1.56||||SQ||||||||||1.16|
RD|I|40|109|1037|12112|6|7|003|089|20200714|00:00|1.83||||SQ||||||||||1.18|
RD|I|40|109|1037|12112|6|7|003|089|20200720|00:00|1.65||||SQ||||||||||1.17|
RD|I|40|109|1037|12112|6|7|003|089|20200726|00:00|1.01||||MD||||||||||1.08|
RD|I|40|109|1037|12112|6|7|003|089|20200801|00:00|1.10||||MD||||||||||1.11|
RD|I|40|109|1037|12112|6|7|003|089|20200807|00:00|1.29||||SQ||||||||||1.14|
RD|I|40|109|1037|12112|6|7|003|089|20200813|00:00|1.31||||SQ||||||||||1.14|
RD|I|40|109|1037|12112|6|7|003|089|20200819|00:00|1.15||||SQ||||||||||1.05|
RD|I|40|109|1037|12112|6|7|003|089|20200825|00:00|1.28||||SQ||||||||||1.06|
RD|I|40|109|1037|12112|6|7|003|089|20200831|00:00|1.06||||MD||||||||||1.07|
RD|I|40|109|1037|12112|6|7|003|089|20200906|00:00|1.21||||SQ||||||||||1.05|
RD|I|40|109|1037|12112|6|7|003|089|20200912|00:00|1.36||||SQ||||||||||1.03|
RD|I|40|109|1037|12112|6|7|003|089|20200918|00:00|1.28||||SQ||||||||||1.02|
RD|I|40|109|1037|12112|6|7|003|089|20200924|00:00|1.53||||SQ||||||||||1.03|
RD|I|40|109|1037|12112|6|7|003|089|20200930|00:00|1.44||||SQ||||||||||1.02|
RD|I|40|109|1037|12112|6|7|003|089|20201006|00:00|1.27||||SQ||||||||||.989|
RD|I|40|109|1037|12112|6|7|003|089|20201012|00:00|2.86||||SQ||||||||||1.03|
RD|I|40|109|1037|12112|6|7|003|089|20201018|00:00|1.01||||SQ||||||||||.989|
RD|I|40|109|1037|12112|6|7|003|089|20201024|00:00|1.03||||SQ||||||||||.944|
RD|I|40|109|1037|12112|6|7|003|089|20201030|00:00|1.32||||SQ||||||||||.975|
RD|I|40|109|1037|12112|6|7|003|089|20201105|00:00|1.37||||SQ||||||||||1.04|
RD|I|40|109|1037|12112|6|7|003|089|20201111|00:00|0.869||||MD||||||||||.999|
RD|I|40|109|1037|12112|6|7|003|089|20201117|00:00|1.74||||SQ||||||||||1|
RD|I|40|109|1037|12112|6|7|003|089|20201123|00:00|1.18||||SQ||||||||||.993|
RD|I|40|109|1037|12112|6|7|003|089|20201129|00:00|0.741||||MD||||||||||.983|
RD|I|40|109|1037|12112|6|7|003|089|20201205|00:00|0.980||||SQ||||||||||.976|
RD|I|40|109|1037|12112|6|7|003|089|20201211|00:00|1.09||||SQ||||||||||.99|
RD|I|40|109|1037|12112|6|7|003|089|20201217|00:00|1.33||||SQ||||||||||.966|
RD|I|40|109|1037|12112|6|7|003|089|20201223|00:00|0.926||||MD||||||||||.973|
RD|I|40|109|1037|12112|6|7|003|089|20201229|00:00|0.820||||MD||||||||||.994|
RD|I|40|109|1037|12128|6|7|003|089|20200104|00:00|0.871||||||||||||||.118|
RD|I|40|109|1037|12128|6|7|003|089|20200110|00:00|1.22||||||||||||||.135|
RD|I|40|109|1037|12128|6|7|003|089|20200116|00:00|0.777||||||||||||||.125|
RD|I|40|109|1037|12128|6|7|003|089|20200122|00:00|0.769||||||||||||||.128|
RD|I|40|109|1037|12128|6|7|003|089|20200128|00:00|0.860||||||||||||||.129|
RD|I|40|109|1037|12128|6|7|003|089|20200203|00:00|1.12||||||||||||||.135|
RD|I|40|109|1037|12128|6|7|003|089|20200209|00:00|1.34||||||||||||||.136|
RD|I|40|109|1037|12128|6|7|003|089|20200215|00:00|1.87||||||||||||||.13|
RD|I|40|109|1037|12128|6|7|003|089|20200221|00:00|1.96||||||||||||||.127|
RD|I|40|109|1037|12128|6|7|003|089|20200227|00:00|0.955||||||||||||||.132|
RD|I|40|109|1037|12128|6|7|003|089|20200304|00:00|1.49||||||||||||||.137|
RD|I|40|109|1037|12128|6|7|003|089|20200310|00:00|2.92||||||||||||||.136|
RD|I|40|109|1037|12128|6|7|003|089|20200316|00:00|1.44||||||||||||||.135|
RD|I|40|109|1037|12128|6|7|003|089|20200322|00:00|1.48||||||||||||||.133|
RD|I|40|109|1037|12128|6|7|003|089|20200328|00:00|1.57||||||||||||||.137|
RD|I|40|109|1037|12128|6|7|003|089|20200403|00:00|0.494||||||||||||||.135|
RD|I|40|109|1037|12128|6|7|003|089|20200409|00:00|1.59||||||||||||||.136|
RD|I|40|109|1037|12128|6|7|003|089|20200415|00:00|1.25||||||||||||||.12|
RD|I|40|109|1037|12128|6|7|003|089|20200421|00:00|1.74||||||||||||||.125|
RD|I|40|109|1037|12128|6|7|003|089|20200427|00:00|1.70||||||||||||||.127|
RD|I|40|109|1037|12128|6|7|003|089|20200503|00:00|2.01||||||||||||||.128|
RD|I|40|109|1037|12128|6|7|003|089|20200509|00:00|1.77||||||||||||||.128|
RD|I|40|109|1037|12128|6|7|003|089|20200515|00:00|0.910||||||||||||||.135|
RD|I|40|109|1037|12128|6|7|003|089|20200521|00:00|2.26||||||||||||||.136|
RD|I|40|109|1037|12128|6|7|003|089|20200527|00:00|1.25||||||||||||||.134|
RD|I|40|109|1037|12128|6|7|003|089|20200602|00:00|1.99||||||||||||||.137|
RD|I|40|109|1037|12128|6|7|003|089|20200608|00:00|2.58||||||||||||||.142|
RD|I|40|109|1037|12128|6|7|003|089|20200614|00:00|1.86||||||||||||||.139|
RD|I|40|109|1037|12128|6|7|003|089|20200620|00:00|1.06||||||||||||||.139|
RD|I|40|109|1037|12128|6|7|003|089|20200626|00:00|2.18||||||||||||||.141|
RD|I|40|109|1037|12128|6|7|003|089|20200702|00:00|2.34||||||||||||||.144|
RD|I|40|109|1037|12128|6|7|003|089|20200708|00:00|2.08||||||||||||||.143|
RD|I|40|109|1037|12128|6|7|003|089|20200714|00:00|1.90||||||||||||||.146|
RD|I|40|109|1037|12128|6|7|003|089|20200720|00:00|3.75||||||||||||||.145|
RD|I|40|109|1037|12128|6|7|003|089|20200726|00:00|0.923||||||||||||||.134|
RD|I|40|109|1037|12128|6|7|003|089|20200801|00:00|1.10||||||||||||||.137|
RD|I|40|109|1037|12128|6|7|003|089|20200807|00:00|1.89||||||||||||||.14|
RD|I|40|109|1037|12128|6|7|003|089|20200813|00:00|1.67||||||||||||||.141|
RD|I|40|109|1037|12128|6|7|003|089|20200819|00:00|1.69||||||||||||||.13|
RD|I|40|109|1037|12128|6|7|003|089|20200825|00:00|2.80||||||||||||||.131|
RD|I|40|109|1037|12128|6|7|003|089|20200831|00:00|0.956||||||||||||||.132|
RD|I|40|109|1037|12128|6|7|003|089|20200906|00:00|1.04||||||||||||||.13|
RD|I|40|109|1037|12128|6|7|003|089|20200912|00:00|1.29||||||||||||||.127|
RD|I|40|109|1037|12128|6|7|003|089|20200918|00:00|1.80||||||||||||||.125|
RD|I|40|109|1037|12128|6|7|003|089|20200924|00:00|1.18||||||||||||||.127|
RD|I|40|109|1037|12128|6|7|003|089|20200930|00:00|1.51||||||||||||||.126|
RD|I|40|109|1037|12128|6|7|003|089|20201006|00:00|2.68||||||||||||||.122|
RD|I|40|109|1037|12128|6|7|003|089|20201012|00:00|3.28||||||||||||||.128|
RD|I|40|109|1037|12128|6|7|003|089|20201018|00:00|1.63||||||||||||||.122|
RD|I|40|109|1037|12128|6|7|003|089|20201024|00:00|0.944||||||||||||||.117|
RD|I|40|109|1037|12128|6|7|003|089|20201030|00:00|1.66||||||||||||||.12|
RD|I|40|109|1037|12128|6|7|003|089|20201105|00:00|2.70||||||||||||||.123|
RD|I|40|109|1037|12128|6|7|003|089|20201111|00:00|1.05||||||||||||||.118|
RD|I|40|109|1037|12128|6|7|003|089|20201117|00:00|2.60||||||||||||||.118|
RD|I|40|109|1037|12128|6|7|003|089|20201123|00:00|1.69||||||||||||||.117|
RD|I|40|109|1037|12128|6|7|003|089|20201129|00:00|0.642||||||||||||||.116|
RD|I|40|109|1037|12128|6|7|003|089|20201205|00:00|0.768||||||||||||||.115|
RD|I|40|109|1037|12128|6|7|003|089|20201211|00:00|1.13||||||||||||||.117|
RD|I|40|109|1037|12128|6|7|003|089|20201217|00:00|1.46||||||||||||||.114|
RD|I|40|109|1037|12128|6|7|003|089|20201223|00:00|0.666||||||||||||||.115|
RD|I|40|109|1037|12128|6|7|003|089|20201229|00:00|1.49||||||||||||||.117|
RD|I|40|109|1037|12132|6|7|003|089|20200104|00:00|3.62||||||||||||||.419|
RD|I|40|109|1037|12132|6|7|003|089|20200110|00:00|5.26||||||||||||||.479|
RD|I|40|109|1037|12132|6|7|003|089|20200116|00:00|5.44||||||||||||||.443|
RD|I|40|109|1037|12132|6|7|003|089|20200122|00:00|1.17||||SQ||||||||||.457|
RD|I|40|109|1037|12132|6|7|003|089|20200128|00:00|1.13||||SQ||||||||||.46|
RD|I|40|109|1037|12132|6|7|003|089|20200203|00:00|6.19||||||||||||||.481|
RD|I|40|109|1037|12132|6|7|003|089|20200209|00:00|5.79||||||||||||||.483|
RD|I|40|109|1037|12132|6|7|003|089|20200215|00:00|6.52||||||||||||||.464|
RD|I|40|109|1037|12132|6|7|003|089|20200221|00:00|12.0||||||||||||||.451|
RD|I|40|109|1037|12132|6|7|003|089|20200227|00:00|6.24||||||||||||||.47|
RD|I|40|109|1037|12132|6|7|003|089|20200304|00:00|19.6||||||||||||||.487|
RD|I|40|109|1037|12132|6|7|003|089|20200310|00:00|8.04||||||||||||||.483|
RD|I|40|109|1037|12132|6|7|003|089|20200316|00:00|1.47||||SQ||||||||||.479|
RD|I|40|109|1037|12132|6|7|003|089|20200322|00:00|1.93||||||||||||||.474|
RD|I|40|109|1037|12132|6|7|003|089|20200328|00:00|28.4||||||||||||||.486|
RD|I|40|109|1037|12132|6|7|003|089|20200403|00:00|4.25||||||||||||||.482|
RD|I|40|109|1037|12132|6|7|003|089|20200409|00:00|26.6||||||||||||||.486|
RD|I|40|109|1037|12132|6|7|003|089|20200415|00:00|5.47||||||||||||||.427|
RD|I|40|109|1037|12132|6|7|003|089|20200421|00:00|8.95||||||||||||||.445|
RD|I|40|109|1037|12132|6|7|003|089|20200427|00:00|13.5||||||||||||||.452|
RD|I|40|109|1037|12132|6|7|003|089|20200503|00:00|12.4||||||||||||||.455|
RD|I|40|109|1037|12132|6|7|003|089|20200509|00:00|6.89||||||||||||||.455|
RD|I|40|109|1037|12132|6|7|003|089|20200515|00:00|4.66||||||||||||||.479|
RD|I|40|109|1037|12132|6|7|003|089|20200521|00:00|9.60||||||||||||||.483|
RD|I|40|109|1037|12132|6|7|003|089|20200527|00:00|4.23||||||||||||||.476|
RD|I|40|109|1037|12132|6|7|003|089|20200602|00:00|9.74||||||||||||||.487|
RD|I|40|109|1037|12132|6|7|003|089|20200608|00:00|13.3||||||||||||||.506|
RD|I|40|109|1037|12132|6|7|003|089|20200614|00:00|13.4||||||||||||||.496|
RD|I|40|109|1037|12132|6|7|003|089|20200620|00:00|5.11||||||||||||||.493|
RD|I|40|109|1037|12132|6|7|003|089|20200626|00:00|14.8||||||||||||||.5|
RD|I|40|109|1037|12132|6|7|003|089|20200702|00:00|20.9||||||||||||||.513|
RD|I|40|109|1037|12132|6|7|003|089|20200708|00:00|14.2||||||||||||||.51|
RD|I|40|109|1037|12132|6|7|003|089|20200714|00:00|19.8||||||||||||||.521|
RD|I|40|109|1037|12132|6|7|003|089|20200720|00:00|17.8||||||||||||||.516|
RD|I|40|109|1037|12132|6|7|003|089|20200726|00:00|5.71||||||||||||||.475|
RD|I|40|109|1037|12132|6|7|003|089|20200801|00:00|9.72||||||||||||||.487|
RD|I|40|109|1037|12132|6|7|003|089|20200807|00:00|10.1||||||||||||||.499|
RD|I|40|109|1037|12132|6|7|003|089|20200813|00:00|12.5||||||||||||||.5|
RD|I|40|109|1037|12132|6|7|003|089|20200819|00:00|21.9||||||||||||||.461|
RD|I|40|109|1037|12132|6|7|003|089|20200825|00:00|17.1||||||||||||||.464|
RD|I|40|109|1037|12132|6|7|003|089|20200831|00:00|6.39||||||||||||||.47|
RD|I|40|109|1037|12132|6|7|003|089|20200906|00:00|6.40||||||||||||||.463|
RD|I|40|109|1037|12132|6|7|003|089|20200912|00:00|4.01||||||||||||||.451|
RD|I|40|109|1037|12132|6|7|003|089|20200918|00:00|28.6||||||||||||||.446|
RD|I|40|109|1037|12132|6|7|003|089|20200924|00:00|8.09||||||||||||||.452|
RD|I|40|109|1037|12132|6|7|003|089|20200930|00:00|18.4||||||||||||||.448|
RD|I|40|109|1037|12132|6|7|003|089|20201006|00:00|14.2||||||||||||||.435|
RD|I|40|109|1037|12132|6|7|003|089|20201012|00:00|73.8||||||||||||||.455|
RD|I|40|109|1037|12132|6|7|003|089|20201018|00:00|12.0||||||||||||||.435|
RD|I|40|109|1037|12132|6|7|003|089|20201024|00:00|12.5||||||||||||||.415|
RD|I|40|109|1037|12132|6|7|003|089|20201030|00:00|5.62||||||||||||||.429|
RD|I|40|109|1037|12132|6|7|003|089|20201105|00:00|12.6||||||||||||||.437|
RD|I|40|109|1037|12132|6|7|003|089|20201111|00:00|8.60||||||||||||||.42|
RD|I|40|109|1037|12132|6|7|003|089|20201117|00:00|21.0||||||||||||||.422|
RD|I|40|109|1037|12132|6|7|003|089|20201123|00:00|6.37||||||||||||||.417|
RD|I|40|109|1037|12132|6|7|003|089|20201129|00:00|4.87||||||||||||||.413|
RD|I|40|109|1037|12132|6|7|003|089|20201205|00:00|7.41||||||||||||||.411|
RD|I|40|109|1037|12132|6|7|003|089|20201211|00:00|24.5||||||||||||||.416|
RD|I|40|109|1037|12132|6|7|003|089|20201217|00:00|6.80||||||||||||||.406|
RD|I|40|109|1037|12132|6|7|003|089|20201223|00:00|8.68||||||||||||||.409|
RD|I|40|109|1037|12132|6|7|003|089|20201229|00:00|4.54||||||||||||||.418|
RD|I|40|109|1037|12136|6|7|003|089|20200104|00:00|0.294||||MD||||||||||.311|
RD|I|40|109|1037|12136|6|7|003|089|20200110|00:00|0.393||||SQ||||||||||.355|
RD|I|40|109|1037|12136|6|7|003|089|20200116|00:00|0.247||||MD||||||||||.329|
RD|I|40|109|1037|12136|6|7|003|089|20200122|00:00|0.183||||MD||||||||||.339|
RD|I|40|109|1037|12136|6|7|003|089|20200128|00:00|0.228||||MD||||||||||.341|
RD|I|40|109|1037|12136|6|7|003|089|20200203|00:00|0.529||||SQ||||||||||.356|
RD|I|40|109|1037|12136|6|7|003|089|20200209|00:00|0.457||||SQ||||||||||.358|
RD|I|40|109|1037|12136|6|7|003|089|20200215|00:00|0.432||||SQ||||||||||.344|
RD|I|40|109|1037|12136|6|7|003|089|20200221|00:00|0.884||||SQ||||||||||.334|
RD|I|40|109|1037|12136|6|7|003|089|20200227|00:00|0.501||||SQ||||||||||.349|
RD|I|40|109|1037|12136|6|7|003|089|20200304|00:00|0.817||||SQ||||||||||.361|
RD|I|40|109|1037|12136|6|7|003|089|20200310|00:00|0.456||||SQ||||||||||.358|
RD|I|40|109|1037|12136|6|7|003|089|20200316|00:00|0.342||||MD||||||||||.355|
RD|I|40|109|1037|12136|6|7|003|089|20200322|00:00|0.389||||SQ||||||||||.352|
RD|I|40|109|1037|12136|6|7|003|089|20200328|00:00|1.12||||SQ||||||||||.361|
RD|I|40|109|1037|12136|6|7|003|089|20200403|00:00|0.430||||SQ||||||||||.357|
RD|I|40|109|1037|12136|6|7|003|089|20200409|00:00|0.685||||SQ||||||||||.36|
RD|I|40|109|1037|12136|6|7|003|089|20200415|00:00|0.374||||SQ||||||||||.317|
RD|I|40|109|1037|12136|6|7|003|089|20200421|00:00|0.506||||SQ||||||||||.33|
RD|I|40|109|1037|12136|6|7|003|089|20200427|00:00|0.571||||SQ||||||||||.335|
RD|I|40|109|1037|12136|6|7|003|089|20200503|00:00|0.448||||SQ||||||||||.338|
RD|I|40|109|1037|12136|6|7|003|089|20200509|00:00|0.366||||SQ||||||||||.338|
RD|I|40|109|1037|12136|6|7|003|089|20200515|00:00|0.421||||SQ||||||||||.356|
RD|I|40|109|1037|12136|6|7|003|089|20200521|00:00|0.507||||SQ||||||||||.358|
RD|I|40|109|1037|12136|6|7|003|089|20200527|00:00|0.338||||MD||||||||||.353|
RD|I|40|109|1037|12136|6|7|003|089|20200602|00:00|0.607||||SQ||||||||||.361|
RD|I|40|109|1037|12136|6|7|003|089|20200608|00:00|0.668||||SQ||||||||||.375|
RD|I|40|109|1037|12136|6|7|003|089|20200614|00:00|0.564||||SQ||||||||||.368|
RD|I|40|109|1037|12136|6|7|003|089|20200620|00:00|0.836||||SQ||||||||||.366|
RD|I|40|109|1037|12136|6|7|003|089|20200626|00:00|0.768||||SQ||||||||||.371|
RD|I|40|109|1037|12136|6|7|003|089|20200702|00:00|0.991||||SQ||||||||||.381|
RD|I|40|109|1037|12136|6|7|003|089|20200708|00:00|0.738||||SQ||||||||||.379|
RD|I|40|109|1037|12136|6|7|003|089|20200714|00:00|1.03||||SQ||||||||||.386|
RD|I|40|109|1037|12136|6|7|003|089|20200720|00:00|1.11||||SQ||||||||||.383|
RD|I|40|109|1037|12136|6|7|003|089|20200726|00:00|0.441||||SQ||||||||||.353|
RD|I|40|109|1037|12136|6|7|003|089|20200801|00:00|0.513||||SQ||||||||||.361|
RD|I|40|109|1037|12136|6|7|003|089|20200807|00:00|0.575||||SQ||||||||||.371|
RD|I|40|109|1037|12136|6|7|003|089|20200813|00:00|0.661||||SQ||||||||||.371|
RD|I|40|109|1037|12136|6|7|003|089|20200819|00:00|0.600||||SQ||||||||||.342|
RD|I|40|109|1037|12136|6|7|003|089|20200825|00:00|0.673||||SQ||||||||||.345|
RD|I|40|109|1037|12136|6|7|003|089|20200831|00:00|0.437||||SQ||||||||||.348|
RD|I|40|109|1037|12136|6|7|003|089|20200906|00:00|0.507||||SQ||||||||||.344|
RD|I|40|109|1037|12136|6|7|003|089|20200912|00:00|0.589||||SQ||||||||||.334|
RD|I|40|109|1037|12136|6|7|003|089|20200918|00:00|0.692||||SQ||||||||||.331|
RD|I|40|109|1037|12136|6|7|003|089|20200924|00:00|0.709||||SQ||||||||||.335|
RD|I|40|109|1037|12136|6|7|003|089|20200930|00:00|0.745||||SQ||||||||||.333|
RD|I|40|109|1037|12136|6|7|003|089|20201006|00:00|0.612||||SQ||||||||||.322|
RD|I|40|109|1037|12136|6|7|003|089|20201012|00:00|2.47||||||||||||||.337|
RD|I|40|109|1037|12136|6|7|003|089|20201018|00:00|0.488||||SQ||||||||||.322|
RD|I|40|109|1037|12136|6|7|003|089|20201024|00:00|0.431||||SQ||||||||||.308|
RD|I|40|109|1037|12136|6|7|003|089|20201030|00:00|0.449||||SQ||||||||||.318|
RD|I|40|109|1037|12136|6|7|003|089|20201105|00:00|0.820||||SQ||||||||||.297|
RD|I|40|109|1037|12136|6|7|003|089|20201111|00:00|0.416||||SQ||||||||||.286|
RD|I|40|109|1037|12136|6|7|003|089|20201117|00:00|1.02||||||||||||||.287|
RD|I|40|109|1037|12136|6|7|003|089|20201123|00:00|0.505||||SQ||||||||||.284|
RD|I|40|109|1037|12136|6|7|003|089|20201129|00:00|0.329||||SQ||||||||||.281|
RD|I|40|109|1037|12136|6|7|003|089|20201205|00:00|0.477||||SQ||||||||||.279|
RD|I|40|109|1037|12136|6|7|003|089|20201211|00:00|0.615||||SQ||||||||||.283|
RD|I|40|109|1037|12136|6|7|003|089|20201217|00:00|0.513||||SQ||||||||||.276|
RD|I|40|109|1037|12136|6|7|003|089|20201223|00:00|0.450||||SQ||||||||||.278|
RD|I|40|109|1037|12136|6|7|003|089|20201229|00:00|0.364||||SQ||||||||||.284|
RD|I|40|109|1037|43218|6|7|008|149|20200104|00:00|0.00940||||MD||||||||||.011|
RD|I|40|109|1037|43218|6|7|008|149|20200110|00:00|0.00970||||MD||||||||||.011|
RD|I|40|109|1037|43218|6|7|008|149|20200116|00:00|0.00460||||MD||||||||||.011|
RD|I|40|109|1037|43218|6|7|008|149|20200122|00:00|0.00900||||MD||||||||||.011|
RD|I|40|109|1037|43218|6|7|008|149|20200128|00:00|0.00640||||MD||||||||||.011|
RD|I|40|109|1037|43218|6|7|008|149|20200203|00:00|0.00430||||MD||||||||||.011|
RD|I|40|109|1037|43218|6|7|008|149|20200209|00:00|0.00390||||MD||||||||||.011|
RD|I|40|109|1037|43218|6|7|008|149|20200215|00:00||AA||||||||||||||
RD|I|40|109|1037|43218|6|7|008|149|20200221|00:00|0.0118||||SQ||||||||||.011|
RD|I|40|109|1037|43218|6|7|008|149|20200227|00:00|0.0144||||SQ||||||||||.011|
RD|I|40|109|1037|43218|6|7|008|149|20200304|00:00|0.0149||||SQ||||||||||.0119|
RD|I|40|109|1037|43218|6|7|008|149|20200310|00:00|0.00950||||MD||||||||||.0119|
RD|I|40|109|1037|43218|6|7|008|149|20200316|00:00|0.0103||||MD||||||||||.0119|
RD|I|40|109|1037|43218|6|7|008|149|20200322|00:00|0.0104||||MD||||||||||.0119|
RD|I|40|109|1037|43218|6|7|008|149|20200328|00:00|0||||||||||||||.0119|
RD|I|40|109|1037|43218|6|7|008|149|20200403|00:00|0.00520||||MD||||||||||.0119|
RD|I|40|109|1037|43218|6|7|008|149|20200409|00:00|0.0156||||SQ||||||||||.0119|
RD|I|40|109|1037|43218|6|7|008|149|20200415|00:00|0.00800||||MD||||||||||.0119|
RD|I|40|109|1037|43218|6|7|008|149|20200421|00:00|0.0163||||SQ||||||||||.0119|
RD|I|40|109|1037|43218|6|7|008|149|20200427|00:00|0.00730||||MD||||||||||.0119|
RD|I|40|109|1037|43218|6|7|008|149|20200503|00:00||AM||||||||||||||
RD|I|40|109|1037|43218|6|7|008|149|20200507|00:00|0.00940||||MD||||||||||.0119|
RD|I|40|109|1037|43218|6|7|008|149|20200509|00:00|0.00900||||MD||||||||||.0119|
RD|I|40|109|1037|43218|6|7|008|149|20200515|00:00|0.00530||||MD||||||||||.0119|
RD|I|40|109|1037|43218|6|7|008|149|20200521|00:00|0.00660||||MD||||||||||.0119|
RD|I|40|109|1037|43218|6|7|008|149|20200527|00:00|0.0112||||MD||||||||||.0119|
RD|I|40|109|1037|43218|6|7|008|149|20200602|00:00|0.00760||||MD||||||||||.0119|
RD|I|40|109|1037|43218|6|7|008|149|20200608|00:00|0.00850||||MD||||||||||.0119|
RD|I|40|109|1037|43218|6|7|008|149|20200614|00:00|0.00370||||MD||||||||||.0119|
RD|I|40|109|1037|43218|6|7|008|149|20200620|00:00|0.00520||||MD||||||||||.0119|
RD|I|40|109|1037|43218|6|7|008|149|20200626|00:00|0.00630||||MD||||||||||.0119|
RD|I|40|109|1037|43218|6|7|008|149|20200702|00:00|0.00720||||MD||||||||||.0119|
RD|I|40|109|1037|43218|6|7|008|149|20200708|00:00|0.00810||||MD||||||||||.0119|
RD|I|40|109|1037|43218|6|7|008|149|20200714|00:00|0.00920||||MD||||||||||.0119|
RD|I|40|109|1037|43218|6|7|008|149|20200720|00:00|0.00700||||MD||||||||||.0119|
RD|I|40|109|1037|43218|6|7|008|149|20200726|00:00|0.00320||||MD||||||||||.0119|
RD|I|40|109|1037|43218|6|7|008|149|20200801|00:00|0.00700||||MD||||||||||.0119|
RD|I|40|109|1037|43218|6|7|008|149|20200807|00:00|0.00350||||MD||||||||||.0119|
RD|I|40|109|1037|43218|6|7|008|149|20200813|00:00|0.00310||||MD||||||||||.0119|
RD|I|40|109|1037|43218|6|7|008|149|20200819|00:00|0.00640||||MD||||||||||.0119|
RD|I|40|109|1037|43218|6|7|008|149|20200825|00:00|0.00890||||MD||||||||||.0119|
RD|I|40|109|1037|43218|6|7|008|149|20200831|00:00|0.0114||||MD||||||||||.0119|
RD|I|40|109|1037|43218|6|7|008|149|20200906|00:00|0.00550||||MD||||||||||.0119|
RD|I|40|109|1037|43218|6|7|008|149|20200912|00:00|0.00970||||MD||||||||||.0119|
RD|I|40|109|1037|43218|6|7|008|149|20200918|00:00|0.0138||||SQ||||||||||.0119|
RD|I|40|109|1037|43218|6|7|008|149|20200924|00:00|0.00700||||MD||||||||||.0119|
RD|I|40|109|1037|43218|6|7|008|149|20200930|00:00|0.0129||||SQ||||||||||.0119|
RD|I|40|109|1037|43218|6|7|008|149|20201006|00:00|0.0132||||SQ||||||||||.0119|
RD|I|40|109|1037|43218|6|7|008|149|20201012|00:00|0.0251||||SQ||||||||||.0119|
RD|I|40|109|1037|43218|6|7|008|149|20201018|00:00|0.00600||||MD||||||||||.0119|
RD|I|40|109|1037|43218|6|7|008|149|20201024|00:00|0.00390||||MD||||||||||.0119|
RD|I|40|109|1037|43218|6|7|008|149|20201030|00:00|0.148||||||||||||||.0119|
RD|I|40|109|1037|43218|6|7|008|149|20201105|00:00|0.0257||||SQ||||||||||.0119|
RD|I|40|109|1037|43218|6|7|008|149|20201111|00:00|0.0114||||MD||||||||||.0119|
RD|I|40|109|1037|43218|6|7|008|149|20201117|00:00|0.0427||||||||||||||.0119|
RD|I|40|109|1037|43218|6|7|008|149|20201123|00:00|0.0426||||Y||||||||||.0119|
RD|I|40|109|1037|43218|6|7|008|149|20201129|00:00|0||||Y||||||||||.0119|
RD|I|40|109|1037|43218|6|7|008|149|20201205|00:00|0.0342||||3|SQ|||||||||.0119|
RD|I|40|109|1037|43218|6|7|008|149|20201211|00:00|0||||ND||||||||||.0119|
RD|I|40|109|1037|43218|6|7|008|149|20201217|00:00|0.0505||||||||||||||.0119|
RD|I|40|109|1037|43218|6|7|008|149|20201223|00:00|0||||ND||||||||||.0119|
RD|I|40|109|1037|43218|6|7|008|149|20201229|00:00|0.0111||||MD||||||||||.0119|
RD|I|40|109|1037|43502|6|7|001|202|20200104|00:00|1.55||||||||||||||.0488|
RD|I|40|109|1037|43502|6|7|001|202|20200110|00:00|1.10||||||||||||||.0445|
RD|I|40|109|1037|43502|6|7|001|202|20200116|00:00|0.973||||||||||||||.0445|
RD|I|40|109|1037|43502|6|7|001|202|20200122|00:00|1.04||||||||||||||.0445|
RD|I|40|109|1037|43502|6|7|001|202|20200128|00:00|0.921||||||||||||||.0445|
RD|I|40|109|1037|43502|6|7|001|202|20200203|00:00|1.86||||||||||||||.0445|
RD|I|40|109|1037|43502|6|7|001|202|20200209|00:00|1.64||||||||||||||.0449|
RD|I|40|109|1037|43502|6|7|001|202|20200215|00:00|2.00||||||||||||||.0445|
RD|I|40|109|1037|43502|6|7|001|202|20200221|00:00|1.62||||||||||||||.0445|
RD|I|40|109|1037|43502|6|7|001|202|20200227|00:00|1.68||||||||||||||.0445|
RD|I|40|109|1037|43502|6|7|001|202|20200304|00:00|2.18||||||||||||||.0445|
RD|I|40|109|1037|43502|6|7|001|202|20200310|00:00|1.97||||||||||||||.0445|
RD|I|40|109|1037|43502|6|7|001|202|20200316|00:00|0.662||||||||||||||.0449|
RD|I|40|109|1037|43502|6|7|001|202|20200322|00:00|1.04||||||||||||||.0445|
RD|I|40|109|1037|43502|6|7|001|202|20200328|00:00|1.65||||||||||||||.0445|
RD|I|40|109|1037|43502|6|7|001|202|20200403|00:00|0.839||||||||||||||.0445|
RD|I|40|109|1037|43502|6|7|001|202|20200409|00:00|2.99||||||||||||||.0445|
RD|I|40|109|1037|43502|6|7|001|202|20200415|00:00|1.94||||||||||||||.0445|
RD|I|40|109|1037|43502|6|7|001|202|20200421|00:00|2.67||||||||||||||.0445|
RD|I|40|109|1037|43502|6|7|001|202|20200427|00:00|3.51||||||||||||||.0445|
RD|I|40|109|1037|43502|6|7|001|202|20200503|00:00|2.70||||||||||||||.0445|
RD|I|40|109|1037|43502|6|7|001|202|20200509|00:00|2.09||||||||||||||.0449|
RD|I|40|109|1037|43502|6|7|001|202|20200515|00:00|2.04||||||||||||||.0445|
RD|I|40|109|1037|43502|6|7|001|202|20200521|00:00|3.08||||||||||||||.0445|
RD|I|40|109|1037|43502|6|7|001|202|20200527|00:00|2.20||||||||||||||.0445|
RD|I|40|109|1037|43502|6|7|001|202|20200602|00:00|3.72||||||||||||||.0506|
RD|I|40|109|1037|43502|6|7|001|202|20200608|00:00|6.08||||||||||||||.0506|
RD|I|40|109|1037|43502|6|7|001|202|20200614|00:00|5.19||||||||||||||.0506|
RD|I|40|109|1037|43502|6|7|001|202|20200620|00:00|2.93||||||||||||||.0506|
RD|I|40|109|1037|43502|6|7|001|202|20200626|00:00|3.89||||||||||||||.0506|
RD|I|40|109|1037|43502|6|7|001|202|20200702|00:00|4.22||||||||||||||.0506|
RD|I|40|109|1037|43502|6|7|001|202|20200708|00:00|4.04||||||||||||||.051|
RD|I|40|109|1037|43502|6|7|001|202|20200714|00:00|6.18||||||||||||||.0506|
RD|I|40|109|1037|43502|6|7|001|202|20200720|00:00|4.53||||||||||||||.0506|
RD|I|40|109|1037|43502|6|7|001|202|20200726|00:00|3.89||||||||||||||.0506|
RD|I|40|109|1037|43502|6|7|001|202|20200801|00:00|2.47||||||||||||||.0506|
RD|I|40|109|1037|43502|6|7|001|202|20200807|00:00|4.79||||||||||||||.0506|
RD|I|40|109|1037|43502|6|7|001|202|20200813|00:00|5.05||||||||||||||.0506|
RD|I|40|109|1037|43502|6|7|001|202|20200819|00:00|4.31||||||||||||||.0506|
RD|I|40|109|1037|43502|6|7|001|202|20200825|00:00|6.15||||||||||||||.0506|
RD|I|40|109|1037|43502|6|7|001|202|20200831|00:00|3.56||||||||||||||.0506|
RD|I|40|109|1037|43502|6|7|001|202|20200906|00:00|3.07||||||||||||||.0506|
RD|I|40|109|1037|43502|6|7|001|202|20200912|00:00|2.42||||||||||||||.0511|
RD|I|40|109|1037|43502|6|7|001|202|20200918|00:00|2.75||||||||||||||.0506|
RD|I|40|109|1037|43502|6|7|001|202|20200924|00:00|1.12||||||||||||||.0506|
RD|I|40|109|1037|43502|6|7|001|202|20200930|00:00|3.12||||||||||||||.0506|
RD|I|40|109|1037|43502|6|7|001|202|20201006|00:00|3.66||||||||||||||.0506|
RD|I|40|109|1037|43502|6|7|001|202|20201012|00:00|2.28||||||||||||||.0506|
RD|I|40|109|1037|43502|6|7|001|202|20201018|00:00|1.46||||||||||||||.0506|
RD|I|40|109|1037|43502|6|7|001|202|20201024|00:00|1.45||||||||||||||.0508|
RD|I|40|109|1037|43502|6|7|001|202|20201030|00:00|3.06||||||||||||||.0508|
RD|I|40|109|1037|43502|6|7|001|202|20201105|00:00|4.85||||||||||||||.0508|
RD|I|40|109|1037|43502|6|7|001|202|20201111|00:00|2.41||||||||||||||.0508|
RD|I|40|109|1037|43502|6|7|001|202|20201117|00:00|4.69||||||||||||||.0508|
RD|I|40|109|1037|43502|6|7|001|202|20201123|00:00|2.24||||Y||||||||||.0544|
RD|I|40|109|1037|43502|6|7|001|202|20201129|00:00||AG||||||||||||||
RD|I|40|109|1037|43502|6|7|001|202|20201205|00:00|2.40||||||||||||||.0508|
RD|I|40|109|1037|43502|6|7|001|202|20201211|00:00|2.44||||||||||||||.0524|
RD|I|40|109|1037|43502|6|7|001|202|20201217|00:00|2.83||||||||||||||.0527|
RD|I|40|109|1037|43502|6|7|001|202|20201223|00:00|1.72||||||||||||||.0518|
RD|I|40|109|1037|43502|6|7|001|202|20201229|00:00|1.43||||||||||||||.0514|
RD|I|40|109|1037|43503|6|7|001|202|20200104|00:00|0.791||||||||||||||.0313|
RD|I|40|109|1037|43503|6|7|001|202|20200110|00:00|0.693||||||||||||||.0317|
RD|I|40|109|1037|43503|6|7|001|202|20200116|00:00|0.660||||||||||||||.0317|
RD|I|40|109|1037|43503|6|7|001|202|20200122|00:00|0.561||||||||||||||.0317|
RD|I|40|109|1037|43503|6|7|001|202|20200128|00:00|0.595||||||||||||||.0317|
RD|I|40|109|1037|43503|6|7|001|202|20200203|00:00|1.18||||||||||||||.0317|
RD|I|40|109|1037|43503|6|7|001|202|20200209|00:00|1.11||||||||||||||.032|
RD|I|40|109|1037|43503|6|7|001|202|20200215|00:00|1.28||||||||||||||.0317|
RD|I|40|109|1037|43503|6|7|001|202|20200221|00:00|1.01||||||||||||||.0317|
RD|I|40|109|1037|43503|6|7|001|202|20200227|00:00|0.938||||||||||||||.0317|
RD|I|40|109|1037|43503|6|7|001|202|20200304|00:00|1.36||||||||||||||.0317|
RD|I|40|109|1037|43503|6|7|001|202|20200310|00:00|1.26||||||||||||||.0317|
RD|I|40|109|1037|43503|6|7|001|202|20200316|00:00|0.454||||||||||||||.032|
RD|I|40|109|1037|43503|6|7|001|202|20200322|00:00|0.787||||||||||||||.0317|
RD|I|40|109|1037|43503|6|7|001|202|20200328|00:00|0.820||||||||||||||.0317|
RD|I|40|109|1037|43503|6|7|001|202|20200403|00:00|0.548||||||||||||||.0317|
RD|I|40|109|1037|43503|6|7|001|202|20200409|00:00|1.44||||||||||||||.0317|
RD|I|40|109|1037|43503|6|7|001|202|20200415|00:00|1.24||||||||||||||.0317|
RD|I|40|109|1037|43503|6|7|001|202|20200421|00:00|1.98||||||||||||||.0317|
RD|I|40|109|1037|43503|6|7|001|202|20200427|00:00|1.51||||||||||||||.0317|
RD|I|40|109|1037|43503|6|7|001|202|20200503|00:00|1.52||||||||||||||.0317|
RD|I|40|109|1037|43503|6|7|001|202|20200509|00:00|1.07||||||||||||||.032|
RD|I|40|109|1037|43503|6|7|001|202|20200515|00:00|0.968||||||||||||||.0317|
RD|I|40|109|1037|43503|6|7|001|202|20200521|00:00|1.30||||||||||||||.0317|
RD|I|40|109|1037|43503|6|7|001|202|20200527|00:00|1.23||||||||||||||.0317|
RD|I|40|109|1037|43503|6|7|001|202|20200602|00:00|1.79||||||||||||||.0363|
RD|I|40|109|1037|43503|6|7|001|202|20200608|00:00|2.01||||||||||||||.0363|
RD|I|40|109|1037|43503|6|7|001|202|20200614|00:00|1.98||||||||||||||.0363|
RD|I|40|109|1037|43503|6|7|001|202|20200620|00:00|1.61||||||||||||||.0363|
RD|I|40|109|1037|43503|6|7|001|202|20200626|00:00|1.74||||||||||||||.0363|
RD|I|40|109|1037|43503|6|7|001|202|20200702|00:00|1.84||||||||||||||.0363|
RD|I|40|109|1037|43503|6|7|001|202|20200708|00:00|1.72||||||||||||||.0366|
RD|I|40|109|1037|43503|6|7|001|202|20200714|00:00|2.18||||||||||||||.0363|
RD|I|40|109|1037|43503|6|7|001|202|20200720|00:00|1.72||||||||||||||.0363|
RD|I|40|109|1037|43503|6|7|001|202|20200726|00:00|1.46||||||||||||||.0363|
RD|I|40|109|1037|43503|6|7|001|202|20200801|00:00|1.78||||||||||||||.0363|
RD|I|40|109|1037|43503|6|7|001|202|20200807|00:00|1.72||||||||||||||.0363|
RD|I|40|109|1037|43503|6|7|001|202|20200813|00:00|1.57||||||||||||||.0363|
RD|I|40|109|1037|43503|6|7|001|202|20200819|00:00|1.52||||||||||||||.0363|
RD|I|40|109|1037|43503|6|7|001|202|20200825|00:00|2.24||||||||||||||.0363|
RD|I|40|109|1037|43503|6|7|001|202|20200831|00:00|1.64||||||||||||||.0363|
RD|I|40|109|1037|43503|6|7|001|202|20200906|00:00|1.34||||||||||||||.0363|
RD|I|40|109|1037|43503|6|7|001|202|20200912|00:00|2.12||||||||||||||.0366|
RD|I|40|109|1037|43503|6|7|001|202|20200918|00:00|1.33||||||||||||||.0363|
RD|I|40|109|1037|43503|6|7|001|202|20200924|00:00|0.649||||||||||||||.0363|
RD|I|40|109|1037|43503|6|7|001|202|20200930|00:00|1.77||||||||||||||.0363|
RD|I|40|109|1037|43503|6|7|001|202|20201006|00:00|2.22||||||||||||||.0363|
RD|I|40|109|1037|43503|6|7|001|202|20201012|00:00|1.34||||||||||||||.0363|
RD|I|40|109|1037|43503|6|7|001|202|20201018|00:00|1.09||||||||||||||.0363|
RD|I|40|109|1037|43503|6|7|001|202|20201024|00:00|1.05||||||||||||||.0365|
RD|I|40|109|1037|43503|6|7|001|202|20201030|00:00|3.22||||||||||||||.0365|
RD|I|40|109|1037|43503|6|7|001|202|20201105|00:00|3.53||||||||||||||.0365|
RD|I|40|109|1037|43503|6|7|001|202|20201111|00:00|1.27||||||||||||||.0365|
RD|I|40|109|1037|43503|6|7|001|202|20201117|00:00|3.03||||||||||||||.0365|
RD|I|40|109|1037|43503|6|7|001|202|20201123|00:00|1.25||||Y||||||||||.039|
RD|I|40|109|1037|43503|6|7|001|202|20201129|00:00||AG||||||||||||||
RD|I|40|109|1037|43503|6|7|001|202|20201205|00:00|1.50||||||||||||||.0365|
RD|I|40|109|1037|43503|6|7|001|202|20201211|00:00|1.91||||||||||||||.0376|
RD|I|40|109|1037|43503|6|7|001|202|20201217|00:00|1.72||||||||||||||.0378|
RD|I|40|109|1037|43503|6|7|001|202|20201223|00:00|1.04||||||||||||||.0371|
RD|I|40|109|1037|43503|6|7|001|202|20201229|00:00|1.06||||||||||||||.0369|
RD|I|40|109|1037|43509|6|7|008|149|20200104|00:00|0.0862||||MD||||||||||.144|
RD|I|40|109|1037|43509|6|7|008|149|20200110|00:00|0.345||||SQ||||||||||.144|
RD|I|40|109|1037|43509|6|7|008|149|20200116|00:00|0.370||||SQ||||||||||.144|
RD|I|40|109|1037|43509|6|7|008|149|20200122|00:00|0.575||||||||||||||.144|
RD|I|40|109|1037|43509|6|7|008|149|20200128|00:00|0.391||||SQ||||||||||.144|
RD|I|40|109|1037|43509|6|7|008|149|20200203|00:00|0.259||||SQ||||||||||.144|
RD|I|40|109|1037|43509|6|7|008|149|20200209|00:00|0.112||||MD||||||||||.144|
RD|I|40|109|1037|43509|6|7|008|149|20200215|00:00||AA||||||||||||||
RD|I|40|109|1037|43509|6|7|008|149|20200221|00:00|0.0554||||MD||||||||||.144|
RD|I|40|109|1037|43509|6|7|008|149|20200227|00:00|0.0800||||MD||||||||||.144|
RD|I|40|109|1037|43509|6|7|008|149|20200304|00:00|0.298||||SQ||||||||||.161|
RD|I|40|109|1037|43509|6|7|008|149|20200310|00:00|0.478||||SQ||||||||||.161|
RD|I|40|109|1037|43509|6|7|008|149|20200316|00:00|0.294||||SQ||||||||||.161|
RD|I|40|109|1037|43509|6|7|008|149|20200322|00:00|0.401||||SQ||||||||||.161|
RD|I|40|109|1037|43509|6|7|008|149|20200328|00:00|0.296||||SQ||||||||||.161|
RD|I|40|109|1037|43509|6|7|008|149|20200403|00:00|0.738||||||||||||||.161|
RD|I|40|109|1037|43509|6|7|008|149|20200409|00:00|0.646||||||||||||||.161|
RD|I|40|109|1037|43509|6|7|008|149|20200415|00:00|0.372||||SQ||||||||||.161|
RD|I|40|109|1037|43509|6|7|008|149|20200421|00:00|0.553||||||||||||||.161|
RD|I|40|109|1037|43509|6|7|008|149|20200427|00:00|0.353||||SQ||||||||||.161|
RD|I|40|109|1037|43509|6|7|008|149|20200503|00:00||AM||||||||||||||
RD|I|40|109|1037|43509|6|7|008|149|20200507|00:00|0.297||||SQ||||||||||.161|
RD|I|40|109|1037|43509|6|7|008|149|20200509|00:00|0.0807||||MD||||||||||.161|
RD|I|40|109|1037|43509|6|7|008|149|20200515|00:00|0.141||||MD||||||||||.161|
RD|I|40|109|1037|43509|6|7|008|149|20200521|00:00|0.511||||SQ||||||||||.161|
RD|I|40|109|1037|43509|6|7|008|149|20200527|00:00|0.335||||SQ||||||||||.161|
RD|I|40|109|1037|43509|6|7|008|149|20200602|00:00|0.544||||||||||||||.161|
RD|I|40|109|1037|43509|6|7|008|149|20200608|00:00|0.146||||MD||||||||||.161|
RD|I|40|109|1037|43509|6|7|008|149|20200614|00:00|0.164||||SQ||||||||||.161|
RD|I|40|109|1037|43509|6|7|008|149|20200620|00:00|0.169||||SQ||||||||||.161|
RD|I|40|109|1037|43509|6|7|008|149|20200626|00:00|0.862||||||||||||||.161|
RD|I|40|109|1037|43509|6|7|008|149|20200702|00:00|0.586||||||||||||||.161|
RD|I|40|109|1037|43509|6|7|008|149|20200708|00:00|0.497||||SQ||||||||||.161|
RD|I|40|109|1037|43509|6|7|008|149|20200714|00:00|0.632||||||||||||||.161|
RD|I|40|109|1037|43509|6|7|008|149|20200720|00:00|0.582||||||||||||||.161|
RD|I|40|109|1037|43509|6|7|008|149|20200726|00:00|0.812||||||||||||||.161|
RD|I|40|109|1037|43509|6|7|008|149|20200801|00:00|0.534||||||||||||||.161|
RD|I|40|109|1037|43509|6|7|008|149|20200807|00:00|0.392||||SQ||||||||||.161|
RD|I|40|109|1037|43509|6|7|008|149|20200813|00:00|0.543||||||||||||||.161|
RD|I|40|109|1037|43509|6|7|008|149|20200819|00:00|0.660||||||||||||||.161|
RD|I|40|109|1037|43509|6|7|008|149|20200825|00:00|0.577||||||||||||||.161|
RD|I|40|109|1037|43509|6|7|008|149|20200831|00:00|0.400||||SQ||||||||||.161|
RD|I|40|109|1037|43509|6|7|008|149|20200906|00:00|0.808||||||||||||||.161|
RD|I|40|109|1037|43509|6|7|008|149|20200912|00:00||BH|||||||||||||.161|
RD|I|40|109|1037|43509|6|7|008|149|20200918|00:00||BH|||||||||||||.161|
RD|I|40|109|1037|43509|6|7|008|149|20200924|00:00|0.254||||SQ||||||||||.161|
RD|I|40|109|1037|43509|6|7|008|149|20200930|00:00|0.121||||MD||||||||||.161|
RD|I|40|109|1037|43509|6|7|008|149|20201006|00:00|0.371||||SQ||||||||||.161|
RD|I|40|109|1037|43509|6|7|008|149|20201012|00:00|0.346||||SQ||||||||||.161|
RD|I|40|109|1037|43509|6|7|008|149|20201018|00:00|0.165||||SQ||||||||||.161|
RD|I|40|109|1037|43509|6|7|008|149|20201024|00:00|0.0740||||MD||||||||||.161|
RD|I|40|109|1037|43509|6|7|008|149|20201030|00:00|0.426||||SQ||||||||||.161|
RD|I|40|109|1037|43509|6|7|008|149|20201105|00:00|0.251||||SQ||||||||||.161|
RD|I|40|109|1037|43509|6|7|008|149|20201111|00:00|0.0781||||MD||||||||||.161|
RD|I|40|109|1037|43509|6|7|008|149|20201117|00:00|0.133||||MD||||||||||.161|
RD|I|40|109|1037|43509|6|7|008|149|20201123|00:00|0.529||||Y||||||||||.161|
RD|I|40|109|1037|43509|6|7|008|149|20201129|00:00|0.153||||Y|MD|||||||||.161|
RD|I|40|109|1037|43509|6|7|008|149|20201205|00:00|0.779||||3||||||||||.161|
RD|I|40|109|1037|43509|6|7|008|149|20201211|00:00|0.320||||SQ||||||||||.161|
RD|I|40|109|1037|43509|6|7|008|149|20201217|00:00||BH|||||||||||||.161|
RD|I|40|109|1037|43509|6|7|008|149|20201223|00:00|0.0987||||MD||||||||||.161|
RD|I|40|109|1037|43509|6|7|008|149|20201229|00:00|0.708||||||||||||||.161|
RD|I|40|109|1037|43704|6|7|008|149|20200104|00:00|0||||||||||||||.0219|
RD|I|40|109|1037|43704|6|7|008|149|20200110|00:00|0||||||||||||||.0219|
RD|I|40|109|1037|43704|6|7|008|149|20200116|00:00|0||||||||||||||.0219|
RD|I|40|109|1037|43704|6|7|008|149|20200122|00:00|0||||||||||||||.0219|
RD|I|40|109|1037|43704|6|7|008|149|20200128|00:00|0||||||||||||||.0219|
RD|I|40|109|1037|43704|6|7|008|149|20200203|00:00|0||||||||||||||.0219|
RD|I|40|109|1037|43704|6|7|008|149|20200209|00:00|0||||||||||||||.0219|
RD|I|40|109|1037|43704|6|7|008|149|20200215|00:00||AA||||||||||||||
RD|I|40|109|1037|43704|6|7|008|149|20200221|00:00|0||||||||||||||.0219|
RD|I|40|109|1037|43704|6|7|008|149|20200227|00:00|0||||||||||||||.0219|
RD|I|40|109|1037|43704|6|7|008|149|20200304|00:00|0||||||||||||||.0109|
RD|I|40|109|1037|43704|6|7|008|149|20200310|00:00|0||||||||||||||.0109|
RD|I|40|109|1037|43704|6|7|008|149|20200316|00:00|0||||||||||||||.0109|
RD|I|40|109|1037|43704|6|7|008|149|20200322|00:00|0||||||||||||||.0109|
RD|I|40|109|1037|43704|6|7|008|149|20200328|00:00|0||||||||||||||.0109|
RD|I|40|109|1037|43704|6|7|008|149|20200403|00:00|0||||ND||||||||||.0109|
RD|I|40|109|1037|43704|6|7|008|149|20200409|00:00|0||||ND||||||||||.0109|
RD|I|40|109|1037|43704|6|7|008|149|20200415|00:00|0||||ND||||||||||.0109|
RD|I|40|109|1037|43704|6|7|008|149|20200421|00:00|0||||ND||||||||||.0109|
RD|I|40|109|1037|43704|6|7|008|149|20200427|00:00|0||||ND||||||||||.0109|
RD|I|40|109|1037|43704|6|7|008|149|20200503|00:00||AM||||||||||||||
RD|I|40|109|1037|43704|6|7|008|149|20200507|00:00|0||||ND||||||||||.0109|
RD|I|40|109|1037|43704|6|7|008|149|20200509|00:00|0||||ND||||||||||.0109|
RD|I|40|109|1037|43704|6|7|008|149|20200515|00:00|0||||ND||||||||||.0109|
RD|I|40|109|1037|43704|6|7|008|149|20200521|00:00|0||||ND||||||||||.0109|
RD|I|40|109|1037|43704|6|7|008|149|20200527|00:00|0||||ND||||||||||.0109|
RD|I|40|109|1037|43704|6|7|008|149|20200602|00:00|0||||ND||||||||||.0109|
RD|I|40|109|1037|43704|6|7|008|149|20200608|00:00|0||||ND||||||||||.0109|
RD|I|40|109|1037|43704|6|7|008|149|20200614|00:00|0||||ND||||||||||.0109|
RD|I|40|109|1037|43704|6|7|008|149|20200620|00:00|0||||ND||||||||||.0109|
RD|I|40|109|1037|43704|6|7|008|149|20200626|00:00|0||||ND||||||||||.0109|
RD|I|40|109|1037|43704|6|7|008|149|20200702|00:00|0||||ND||||||||||.0109|
RD|I|40|109|1037|43704|6|7|008|149|20200708|00:00|0||||ND||||||||||.0109|
RD|I|40|109|1037|43704|6|7|008|149|20200714|00:00|0||||ND||||||||||.0109|
RD|I|40|109|1037|43704|6|7|008|149|20200720|00:00|0||||ND||||||||||.0109|
RD|I|40|109|1037|43704|6|7|008|149|20200726|00:00|0||||ND||||||||||.0109|
RD|I|40|109|1037|43704|6|7|008|149|20200801|00:00|0||||ND||||||||||.0109|
RD|I|40|109|1037|43704|6|7|008|149|20200807|00:00|0||||ND||||||||||.0109|
RD|I|40|109|1037|43704|6|7|008|149|20200813|00:00|0||||ND||||||||||.0109|
RD|I|40|109|1037|43704|6|7|008|149|20200819|00:00|0||||ND||||||||||.0109|
RD|I|40|109|1037|43704|6|7|008|149|20200825|00:00|0||||ND||||||||||.0109|
RD|I|40|109|1037|43704|6|7|008|149|20200831|00:00|0||||ND||||||||||.0109|
RD|I|40|109|1037|43704|6|7|008|149|20200906|00:00|0||||ND||||||||||.0109|
RD|I|40|109|1037|43704|6|7|008|149|20200912|00:00|0||||ND||||||||||.0109|
RD|I|40|109|1037|43704|6|7|008|149|20200918|00:00|0||||ND||||||||||.0109|
RD|I|40|109|1037|43704|6|7|008|149|20200924|00:00|0||||ND||||||||||.0109|
RD|I|40|109|1037|43704|6|7|008|149|20200930|00:00|0||||ND||||||||||.0109|
RD|I|40|109|1037|43704|6|7|008|149|20201006|00:00|0||||ND||||||||||.0109|
RD|I|40|109|1037|43704|6|7|008|149|20201012|00:00|0||||ND||||||||||.0109|
RD|I|40|109|1037|43704|6|7|008|149|20201018|00:00|0||||ND||||||||||.0109|
RD|I|40|109|1037|43704|6|7|008|149|20201024|00:00|0||||ND||||||||||.0109|
RD|I|40|109|1037|43704|6|7|008|149|20201030|00:00|0||||ND||||||||||.0109|
RD|I|40|109|1037|43704|6|7|008|149|20201105|00:00|0||||ND||||||||||.0109|
RD|I|40|109|1037|43704|6|7|008|149|20201111|00:00|0||||ND||||||||||.0109|
RD|I|40|109|1037|43704|6|7|008|149|20201117|00:00|0||||ND||||||||||.0109|
RD|I|40|109|1037|43704|6|7|008|149|20201123|00:00|0||||Y|ND|||||||||.0109|
RD|I|40|109|1037|43704|6|7|008|149|20201129|00:00|0.0103||||Y|MD|||||||||.0109|
RD|I|40|109|1037|43704|6|7|008|149|20201205|00:00|0||||3|ND|||||||||.0109|
RD|I|40|109|1037|43704|6|7|008|149|20201211|00:00|0||||ND||||||||||.0109|
RD|I|40|109|1037|43704|6|7|008|149|20201217|00:00|0||||ND||||||||||.0109|
RD|I|40|109|1037|43704|6|7|008|149|20201223|00:00|0||||ND||||||||||.0109|
RD|I|40|109|1037|43704|6|7|008|149|20201229|00:00|0||||ND||||||||||.0109|
RD|I|40|109|1037|43802|6|7|008|149|20200104|00:00|0.0867||||SQ||||||||||.0512|
RD|I|40|109|1037|43802|6|7|008|149|20200110|00:00|0.102||||SQ||||||||||.0512|
RD|I|40|109|1037|43802|6|7|008|149|20200116|00:00|0.0824||||SQ||||||||||.0512|
RD|I|40|109|1037|43802|6|7|008|149|20200122|00:00|0.108||||SQ||||||||||.0512|
RD|I|40|109|1037|43802|6|7|008|149|20200128|00:00|0.0910||||SQ||||||||||.0512|
RD|I|40|109|1037|43802|6|7|008|149|20200203|00:00|0.104||||SQ||||||||||.0512|
RD|I|40|109|1037|43802|6|7|008|149|20200209|00:00|0.0965||||SQ||||||||||.0512|
RD|I|40|109|1037|43802|6|7|008|149|20200215|00:00||AA||||||||||||||
RD|I|40|109|1037|43802|6|7|008|149|20200221|00:00|0.106||||SQ||||||||||.0512|
RD|I|40|109|1037|43802|6|7|008|149|20200227|00:00|0.138||||SQ||||||||||.0512|
RD|I|40|109|1037|43802|6|7|008|149|20200304|00:00|0.105||||||||||||||.0167|
RD|I|40|109|1037|43802|6|7|008|149|20200310|00:00|0.110||||||||||||||.0167|
RD|I|40|109|1037|43802|6|7|008|149|20200316|00:00|0.111||||QX||||||||||.0167|
RD|I|40|109|1037|43802|6|7|008|149|20200322|00:00|0.148||||||||||||||.0167|
RD|I|40|109|1037|43802|6|7|008|149|20200328|00:00|0.168||||||||||||||.0167|
RD|I|40|109|1037|43802|6|7|008|149|20200403|00:00|0.0868||||||||||||||.0167|
RD|I|40|109|1037|43802|6|7|008|149|20200409|00:00|0.170||||||||||||||.0167|
RD|I|40|109|1037|43802|6|7|008|149|20200415|00:00|0.0824||||||||||||||.0167|
RD|I|40|109|1037|43802|6|7|008|149|20200421|00:00|0.154||||||||||||||.0167|
RD|I|40|109|1037|43802|6|7|008|149|20200427|00:00|0.0903||||||||||||||.0167|
RD|I|40|109|1037|43802|6|7|008|149|20200503|00:00||AM||||||||||||||
RD|I|40|109|1037|43802|6|7|008|149|20200507|00:00|0.104||||||||||||||.0167|
RD|I|40|109|1037|43802|6|7|008|149|20200509|00:00|0.0824||||||||||||||.0167|
RD|I|40|109|1037|43802|6|7|008|149|20200515|00:00|0.0711||||||||||||||.0167|
RD|I|40|109|1037|43802|6|7|008|149|20200521|00:00|0.119||||||||||||||.0167|
RD|I|40|109|1037|43802|6|7|008|149|20200527|00:00|0.114||||||||||||||.0167|
RD|I|40|109|1037|43802|6|7|008|149|20200602|00:00|0.0821||||||||||||||.0167|
RD|I|40|109|1037|43802|6|7|008|149|20200608|00:00|0.0899||||||||||||||.0167|
RD|I|40|109|1037|43802|6|7|008|149|20200614|00:00|0.0738||||||||||||||.0167|
RD|I|40|109|1037|43802|6|7|008|149|20200620|00:00|0.112||||||||||||||.0167|
RD|I|40|109|1037|43802|6|7|008|149|20200626|00:00|0.0983||||||||||||||.0167|
RD|I|40|109|1037|43802|6|7|008|149|20200702|00:00|0.0578||||||||||||||.0167|
RD|I|40|109|1037|43802|6|7|008|149|20200708|00:00|0.0573||||||||||||||.0167|
RD|I|40|109|1037|43802|6|7|008|149|20200714|00:00|0.268||||||||||||||.0167|
RD|I|40|109|1037|43802|6|7|008|149|20200720|00:00|0.0620||||||||||||||.0167|
RD|I|40|109|1037|43802|6|7|008|149|20200726|00:00|0.0443||||SQ||||||||||.0167|
RD|I|40|109|1037|43802|6|7|008|149|20200801|00:00|0.0678||||||||||||||.0167|
RD|I|40|109|1037|43802|6|7|008|149|20200807|00:00|0.0662||||||||||||||.0167|
RD|I|40|109|1037|43802|6|7|008|149|20200813|00:00|0.0751||||||||||||||.0167|
RD|I|40|109|1037|43802|6|7|008|149|20200819|00:00|0.0792||||||||||||||.0167|
RD|I|40|109|1037|43802|6|7|008|149|20200825|00:00|0.0728||||||||||||||.0167|
RD|I|40|109|1037|43802|6|7|008|149|20200831|00:00|0.0646||||||||||||||.0167|
RD|I|40|109|1037|43802|6|7|008|149|20200906|00:00|0.0485||||SQ||||||||||.0167|
RD|I|40|109|1037|43802|6|7|008|149|20200912|00:00|0.0654||||||||||||||.0167|
RD|I|40|109|1037|43802|6|7|008|149|20200918|00:00|0.113||||||||||||||.0167|
RD|I|40|109|1037|43802|6|7|008|149|20200924|00:00|0.162||||||||||||||.0167|
RD|I|40|109|1037|43802|6|7|008|149|20200930|00:00|0.0771||||||||||||||.0167|
RD|I|40|109|1037|43802|6|7|008|149|20201006|00:00|0.330||||||||||||||.0167|
RD|I|40|109|1037|43802|6|7|008|149|20201012|00:00|0.0906||||||||||||||.0167|
RD|I|40|109|1037|43802|6|7|008|149|20201018|00:00|0.0847||||||||||||||.0167|
RD|I|40|109|1037|43802|6|7|008|149|20201024|00:00|0.112||||||||||||||.0167|
RD|I|40|109|1037|43802|6|7|008|149|20201030|00:00|0.116||||||||||||||.0167|
RD|I|40|109|1037|43802|6|7|008|149|20201105|00:00|0.114||||||||||||||.0167|
RD|I|40|109|1037|43802|6|7|008|149|20201111|00:00|0.0655||||||||||||||.0167|
RD|I|40|109|1037|43802|6|7|008|149|20201117|00:00|0.316||||||||||||||.0167|
RD|I|40|109|1037|43802|6|7|008|149|20201123|00:00|0.123||||Y||||||||||.0167|
RD|I|40|109|1037|43802|6|7|008|149|20201129|00:00|0.135||||Y||||||||||.0167|
RD|I|40|109|1037|43802|6|7|008|149|20201205|00:00|0.136||||3||||||||||.0167|
RD|I|40|109|1037|43802|6|7|008|149|20201211|00:00|0.118||||||||||||||.0167|
RD|I|40|109|1037|43802|6|7|008|149|20201217|00:00|0.150||||||||||||||.0167|
RD|I|40|109|1037|43802|6|7|008|149|20201223|00:00|0.0961||||||||||||||.0167|
RD|I|40|109|1037|43802|6|7|008|149|20201229|00:00|0.108||||||||||||||.0167|
RD|I|40|109|1037|43803|6|7|008|149|20200104|00:00|0.0170||||SQ||||||||||.0083|
RD|I|40|109|1037|43803|6|7|008|149|20200110|00:00|0.0153||||SQ||||||||||.0083|
RD|I|40|109|1037|43803|6|7|008|149|20200116|00:00|0.0161||||SQ||||||||||.0083|
RD|I|40|109|1037|43803|6|7|008|149|20200122|00:00|0.0169||||SQ||||||||||.0083|
RD|I|40|109|1037|43803|6|7|008|149|20200128|00:00|0.0162||||SQ||||||||||.0083|
RD|I|40|109|1037|43803|6|7|008|149|20200203|00:00|0.0145||||SQ||||||||||.0083|
RD|I|40|109|1037|43803|6|7|008|149|20200209|00:00|0.0162||||SQ||||||||||.0083|
RD|I|40|109|1037|43803|6|7|008|149|20200215|00:00||AA||||||||||||||
RD|I|40|109|1037|43803|6|7|008|149|20200221|00:00|0.0172||||SQ||||||||||.0083|
RD|I|40|109|1037|43803|6|7|008|149|20200227|00:00|0.0183||||SQ||||||||||.0083|
RD|I|40|109|1037|43803|6|7|008|149|20200304|00:00|0.0206||||SQ||||||||||.0142|
RD|I|40|109|1037|43803|6|7|008|149|20200310|00:00|0.0162||||SQ||||||||||.0142|
RD|I|40|109|1037|43803|6|7|008|149|20200316|00:00|0.0174||||SQ||||||||||.0142|
RD|I|40|109|1037|43803|6|7|008|149|20200322|00:00|0.0197||||SQ||||||||||.0142|
RD|I|40|109|1037|43803|6|7|008|149|20200328|00:00|0.0162||||SQ||||||||||.0142|
RD|I|40|109|1037|43803|6|7|008|149|20200403|00:00|0.0173||||SQ||||||||||.0142|
RD|I|40|109|1037|43803|6|7|008|149|20200409|00:00|0.0168||||SQ||||||||||.0142|
RD|I|40|109|1037|43803|6|7|008|149|20200415|00:00|0.0187||||SQ||||||||||.0142|
RD|I|40|109|1037|43803|6|7|008|149|20200421|00:00|0.0258||||SQ||||||||||.0142|
RD|I|40|109|1037|43803|6|7|008|149|20200427|00:00|0.0167||||SQ||||||||||.0142|
RD|I|40|109|1037|43803|6|7|008|149|20200503|00:00||AM||||||||||||||
RD|I|40|109|1037|43803|6|7|008|149|20200507|00:00|0.0212||||SQ||||||||||.0142|
RD|I|40|109|1037|43803|6|7|008|149|20200509|00:00|0.0237||||SQ||||||||||.0142|
RD|I|40|109|1037|43803|6|7|008|149|20200515|00:00|0.0149||||SQ||||||||||.0142|
RD|I|40|109|1037|43803|6|7|008|149|20200521|00:00|0.0190||||SQ||||||||||.0142|
RD|I|40|109|1037|43803|6|7|008|149|20200527|00:00|0.0221||||SQ||||||||||.0142|
RD|I|40|109|1037|43803|6|7|008|149|20200602|00:00|0.0190||||SQ||||||||||.0142|
RD|I|40|109|1037|43803|6|7|008|149|20200608|00:00|0.0241||||SQ||||||||||.0142|
RD|I|40|109|1037|43803|6|7|008|149|20200614|00:00|0.0206||||SQ||||||||||.0142|
RD|I|40|109|1037|43803|6|7|008|149|20200620|00:00|0.0180||||SQ||||||||||.0142|
RD|I|40|109|1037|43803|6|7|008|149|20200626|00:00|0.0184||||SQ||||||||||.0142|
RD|I|40|109|1037|43803|6|7|008|149|20200702|00:00|0.0163||||SQ||||||||||.0142|
RD|I|40|109|1037|43803|6|7|008|149|20200708|00:00|0.0161||||SQ||||||||||.0142|
RD|I|40|109|1037|43803|6|7|008|149|20200714|00:00|0.0130||||MD||||||||||.0142|
RD|I|40|109|1037|43803|6|7|008|149|20200720|00:00|0.0153||||SQ||||||||||.0142|
RD|I|40|109|1037|43803|6|7|008|149|20200726|00:00|0.0129||||MD||||||||||.0142|
RD|I|40|109|1037|43803|6|7|008|149|20200801|00:00|0.0298||||SQ||||||||||.0142|
RD|I|40|109|1037|43803|6|7|008|149|20200807|00:00|0.0148||||SQ||||||||||.0142|
RD|I|40|109|1037|43803|6|7|008|149|20200813|00:00|0.0139||||MD||||||||||.0142|
RD|I|40|109|1037|43803|6|7|008|149|20200819|00:00|0.00100||||MD||||||||||.0142|
RD|I|40|109|1037|43803|6|7|008|149|20200825|00:00|0.0186||||SQ||||||||||.0142|
RD|I|40|109|1037|43803|6|7|008|149|20200831|00:00|0.0137||||MD||||||||||.0142|
RD|I|40|109|1037|43803|6|7|008|149|20200906|00:00|0.0134||||MD||||||||||.0142|
RD|I|40|109|1037|43803|6|7|008|149|20200912|00:00|0.0251||||SQ||||||||||.0142|
RD|I|40|109|1037|43803|6|7|008|149|20200918|00:00|0.0219||||SQ||||||||||.0142|
RD|I|40|109|1037|43803|6|7|008|149|20200924|00:00|0.0247||||SQ||||||||||.0142|
RD|I|40|109|1037|43803|6|7|008|149|20200930|00:00|0.0216||||SQ||||||||||.0142|
RD|I|40|109|1037|43803|6|7|008|149|20201006|00:00|0.0200||||SQ||||||||||.0142|
RD|I|40|109|1037|43803|6|7|008|149|20201012|00:00|0.0237||||SQ||||||||||.0142|
RD|I|40|109|1037|43803|6|7|008|149|20201018|00:00|0.0177||||SQ||||||||||.0142|
RD|I|40|109|1037|43803|6|7|008|149|20201024|00:00|0.0211||||SQ||||||||||.0142|
RD|I|40|109|1037|43803|6|7|008|149|20201030|00:00|0.0391||||SQ||||||||||.0142|
RD|I|40|109|1037|43803|6|7|008|149|20201105|00:00|0.0206||||SQ||||||||||.0142|
RD|I|40|109|1037|43803|6|7|008|149|20201111|00:00|0.0191||||SQ||||||||||.0142|
RD|I|40|109|1037|43803|6|7|008|149|20201117|00:00|0.0363||||SQ||||||||||.0142|
RD|I|40|109|1037|43803|6|7|008|149|20201123|00:00|0.0226||||Y|SQ|||||||||.0142|
RD|I|40|109|1037|43803|6|7|008|149|20201129|00:00|0.0194||||Y|SQ|||||||||.0142|
RD|I|40|109|1037|43803|6|7|008|149|20201205|00:00|0.0178||||3|SQ|||||||||.0142|
RD|I|40|109|1037|43803|6|7|008|149|20201211|00:00|0.0162||||SQ||||||||||.0142|
RD|I|40|109|1037|43803|6|7|008|149|20201217|00:00|0.0201||||SQ||||||||||.0142|
RD|I|40|109|1037|43803|6|7|008|149|20201223|00:00|0.0156||||SQ||||||||||.0142|
RD|I|40|109|1037|43803|6|7|008|149|20201229|00:00|0.0159||||SQ||||||||||.0142|
RD|I|40|109|1037|43804|6|7|008|149|20200104|00:00|0.116||||||||||||||.0109|
RD|I|40|109|1037|43804|6|7|008|149|20200110|00:00|0.0911||||||||||||||.0109|
RD|I|40|109|1037|43804|6|7|008|149|20200116|00:00|0.120||||||||||||||.0109|
RD|I|40|109|1037|43804|6|7|008|149|20200122|00:00|0.0956||||||||||||||.0109|
RD|I|40|109|1037|43804|6|7|008|149|20200128|00:00|0.104||||||||||||||.0109|
RD|I|40|109|1037|43804|6|7|008|149|20200203|00:00|0.105||||||||||||||.0109|
RD|I|40|109|1037|43804|6|7|008|149|20200209|00:00|0.112||||||||||||||.0109|
RD|I|40|109|1037|43804|6|7|008|149|20200215|00:00||AA||||||||||||||
RD|I|40|109|1037|43804|6|7|008|149|20200221|00:00|0.114||||||||||||||.0109|
RD|I|40|109|1037|43804|6|7|008|149|20200227|00:00|0.115||||||||||||||.0109|
RD|I|40|109|1037|43804|6|7|008|149|20200304|00:00|0.110||||||||||||||.0175|
RD|I|40|109|1037|43804|6|7|008|149|20200310|00:00|0.118||||||||||||||.0175|
RD|I|40|109|1037|43804|6|7|008|149|20200316|00:00|0.116||||||||||||||.0175|
RD|I|40|109|1037|43804|6|7|008|149|20200322|00:00|0.120||||||||||||||.0175|
RD|I|40|109|1037|43804|6|7|008|149|20200328|00:00|0.120||||||||||||||.0175|
RD|I|40|109|1037|43804|6|7|008|149|20200403|00:00|0.0951||||||||||||||.0175|
RD|I|40|109|1037|43804|6|7|008|149|20200409|00:00|0.101||||||||||||||.0175|
RD|I|40|109|1037|43804|6|7|008|149|20200415|00:00|0.0968||||||||||||||.0175|
RD|I|40|109|1037|43804|6|7|008|149|20200421|00:00|0.0975||||||||||||||.0175|
RD|I|40|109|1037|43804|6|7|008|149|20200427|00:00|0.0943||||||||||||||.0175|
RD|I|40|109|1037|43804|6|7|008|149|20200503|00:00||AM||||||||||||||
RD|I|40|109|1037|43804|6|7|008|149|20200507|00:00|0.0910||||||||||||||.0175|
RD|I|40|109|1037|43804|6|7|008|149|20200509|00:00|0.108||||||||||||||.0175|
RD|I|40|109|1037|43804|6|7|008|149|20200515|00:00|0.103||||||||||||||.0175|
RD|I|40|109|1037|43804|6|7|008|149|20200521|00:00|0.0665||||||||||||||.0175|
RD|I|40|109|1037|43804|6|7|008|149|20200527|00:00|0.100||||||||||||||.0175|
RD|I|40|109|1037|43804|6|7|008|149|20200602|00:00|0.0753||||||||||||||.0175|
RD|I|40|109|1037|43804|6|7|008|149|20200608|00:00|0.0703||||||||||||||.0175|
RD|I|40|109|1037|43804|6|7|008|149|20200614|00:00|0.108||||||||||||||.0175|
RD|I|40|109|1037|43804|6|7|008|149|20200620|00:00|0.106||||||||||||||.0175|
RD|I|40|109|1037|43804|6|7|008|149|20200626|00:00|0.0989||||||||||||||.0175|
RD|I|40|109|1037|43804|6|7|008|149|20200702|00:00|0.0695||||||||||||||.0175|
RD|I|40|109|1037|43804|6|7|008|149|20200708|00:00|0.0689||||||||||||||.0175|
RD|I|40|109|1037|43804|6|7|008|149|20200714|00:00|0.0897||||||||||||||.0175|
RD|I|40|109|1037|43804|6|7|008|149|20200720|00:00|0.0905||||||||||||||.0175|
RD|I|40|109|1037|43804|6|7|008|149|20200726|00:00|0.0934||||||||||||||.0175|
RD|I|40|109|1037|43804|6|7|008|149|20200801|00:00|0.0954||||||||||||||.0175|
RD|I|40|109|1037|43804|6|7|008|149|20200807|00:00|0.0971||||||||||||||.0175|
RD|I|40|109|1037|43804|6|7|008|149|20200813|00:00|0.0688||||||||||||||.0175|
RD|I|40|109|1037|43804|6|7|008|149|20200819|00:00|0.0967||||||||||||||.0175|
RD|I|40|109|1037|43804|6|7|008|149|20200825|00:00|0.0987||||||||||||||.0175|
RD|I|40|109|1037|43804|6|7|008|149|20200831|00:00|0.0762||||||||||||||.0175|
RD|I|40|109|1037|43804|6|7|008|149|20200906|00:00|0.0799||||||||||||||.0175|
RD|I|40|109|1037|43804|6|7|008|149|20200912|00:00|0.104||||||||||||||.0175|
RD|I|40|109|1037|43804|6|7|008|149|20200918|00:00|0.0829||||||||||||||.0175|
RD|I|40|109|1037|43804|6|7|008|149|20200924|00:00|0.0881||||||||||||||.0175|
RD|I|40|109|1037|43804|6|7|008|149|20200930|00:00|0.0934||||||||||||||.0175|
RD|I|40|109|1037|43804|6|7|008|149|20201006|00:00|0.0848||||||||||||||.0175|
RD|I|40|109|1037|43804|6|7|008|149|20201012|00:00|0.0883||||||||||||||.0175|
RD|I|40|109|1037|43804|6|7|008|149|20201018|00:00|0.0916||||||||||||||.0175|
RD|I|40|109|1037|43804|6|7|008|149|20201024|00:00|0.0986||||||||||||||.0175|
RD|I|40|109|1037|43804|6|7|008|149|20201030|00:00|0.0930||||||||||||||.0175|
RD|I|40|109|1037|43804|6|7|008|149|20201105|00:00|0.0947||||||||||||||.0175|
RD|I|40|109|1037|43804|6|7|008|149|20201111|00:00|0.103||||||||||||||.0175|
RD|I|40|109|1037|43804|6|7|008|149|20201117|00:00|0.101||||||||||||||.0175|
RD|I|40|109|1037|43804|6|7|008|149|20201123|00:00|0.0773||||Y||||||||||.0175|
RD|I|40|109|1037|43804|6|7|008|149|20201129|00:00|0.0859||||Y||||||||||.0175|
RD|I|40|109|1037|43804|6|7|008|149|20201205|00:00|0.0748||||3||||||||||.0175|
RD|I|40|109|1037|43804|6|7|008|149|20201211|00:00|0.0891||||||||||||||.0175|
RD|I|40|109|1037|43804|6|7|008|149|20201217|00:00|0.0806||||||||||||||.0175|
RD|I|40|109|1037|43804|6|7|008|149|20201223|00:00|0.0863||||||||||||||.0175|
RD|I|40|109|1037|43804|6|7|008|149|20201229|00:00|0.0813||||||||||||||.0175|
RD|I|40|109|1037|43815|6|7|008|149|20200104|00:00|0.0241||||SQ||||||||||.0086|
RD|I|40|109|1037|43815|6|7|008|149|20200110|00:00|0.0190||||SQ||||||||||.0086|
RD|I|40|109|1037|43815|6|7|008|149|20200116|00:00|0.0205||||SQ||||||||||.0086|
RD|I|40|109|1037|43815|6|7|008|149|20200122|00:00|0.0251||||SQ||||||||||.0086|
RD|I|40|109|1037|43815|6|7|008|149|20200128|00:00|0.0222||||SQ||||||||||.0086|
RD|I|40|109|1037|43815|6|7|008|149|20200203|00:00|0.0208||||SQ||||||||||.0086|
RD|I|40|109|1037|43815|6|7|008|149|20200209|00:00|0.0223||||SQ||||||||||.0086|
RD|I|40|109|1037|43815|6|7|008|149|20200215|00:00||AA||||||||||||||
RD|I|40|109|1037|43815|6|7|008|149|20200221|00:00|0.0231||||SQ||||||||||.0086|
RD|I|40|109|1037|43815|6|7|008|149|20200227|00:00|0.0237||||SQ||||||||||.0086|
RD|I|40|109|1037|43815|6|7|008|149|20200304|00:00|0.0239||||SQ||||||||||.0107|
RD|I|40|109|1037|43815|6|7|008|149|20200310|00:00|0.0191||||SQ||||||||||.0107|
RD|I|40|109|1037|43815|6|7|008|149|20200316|00:00|0.0231||||SQ||||||||||.0107|
RD|I|40|109|1037|43815|6|7|008|149|20200322|00:00|0.0238||||SQ||||||||||.0107|
RD|I|40|109|1037|43815|6|7|008|149|20200328|00:00|0.0221||||SQ||||||||||.0107|
RD|I|40|109|1037|43815|6|7|008|149|20200403|00:00|0.0217||||SQ||||||||||.0107|
RD|I|40|109|1037|43815|6|7|008|149|20200409|00:00|0.0196||||SQ||||||||||.0107|
RD|I|40|109|1037|43815|6|7|008|149|20200415|00:00|0.0204||||SQ||||||||||.0107|
RD|I|40|109|1037|43815|6|7|008|149|20200421|00:00|0.0215||||SQ||||||||||.0107|
RD|I|40|109|1037|43815|6|7|008|149|20200427|00:00|0.0272||||SQ||||||||||.0107|
RD|I|40|109|1037|43815|6|7|008|149|20200503|00:00||AM||||||||||||||
RD|I|40|109|1037|43815|6|7|008|149|20200507|00:00|0.0195||||SQ||||||||||.0107|
RD|I|40|109|1037|43815|6|7|008|149|20200509|00:00|0.0215||||SQ||||||||||.0107|
RD|I|40|109|1037|43815|6|7|008|149|20200515|00:00|0.0156||||SQ||||||||||.0107|
RD|I|40|109|1037|43815|6|7|008|149|20200521|00:00|0.0166||||SQ||||||||||.0107|
RD|I|40|109|1037|43815|6|7|008|149|20200527|00:00|0.0199||||SQ||||||||||.0107|
RD|I|40|109|1037|43815|6|7|008|149|20200602|00:00|0.0182||||SQ||||||||||.0107|
RD|I|40|109|1037|43815|6|7|008|149|20200608|00:00|0.0178||||SQ||||||||||.0107|
RD|I|40|109|1037|43815|6|7|008|149|20200614|00:00|0.0174||||SQ||||||||||.0107|
RD|I|40|109|1037|43815|6|7|008|149|20200620|00:00|0||||ND||||||||||.0107|
RD|I|40|109|1037|43815|6|7|008|149|20200626|00:00|0.0124||||SQ||||||||||.0107|
RD|I|40|109|1037|43815|6|7|008|149|20200702|00:00|0.0112||||SQ||||||||||.0107|
RD|I|40|109|1037|43815|6|7|008|149|20200708|00:00|0.00930||||MD||||||||||.0107|
RD|I|40|109|1037|43815|6|7|008|149|20200714|00:00|0.00720||||MD||||||||||.0107|
RD|I|40|109|1037|43815|6|7|008|149|20200720|00:00|0.0117||||SQ||||||||||.0107|
RD|I|40|109|1037|43815|6|7|008|149|20200726|00:00|0.00960||||MD||||||||||.0107|
RD|I|40|109|1037|43815|6|7|008|149|20200801|00:00|0.0151||||SQ||||||||||.0107|
RD|I|40|109|1037|43815|6|7|008|149|20200807|00:00|0.0125||||SQ||||||||||.0107|
RD|I|40|109|1037|43815|6|7|008|149|20200813|00:00|0.00900||||MD||||||||||.0107|
RD|I|40|109|1037|43815|6|7|008|149|20200819|00:00|0.0117||||SQ||||||||||.0107|
RD|I|40|109|1037|43815|6|7|008|149|20200825|00:00|0.0138||||SQ||||||||||.0107|
RD|I|40|109|1037|43815|6|7|008|149|20200831|00:00|0.00850||||MD||||||||||.0107|
RD|I|40|109|1037|43815|6|7|008|149|20200906|00:00|0.00980||||MD||||||||||.0107|
RD|I|40|109|1037|43815|6|7|008|149|20200912|00:00|0.0125||||SQ||||||||||.0107|
RD|I|40|109|1037|43815|6|7|008|149|20200918|00:00|0.0140||||SQ||||||||||.0107|
RD|I|40|109|1037|43815|6|7|008|149|20200924|00:00|0.0173||||SQ||||||||||.0107|
RD|I|40|109|1037|43815|6|7|008|149|20200930|00:00|0.0196||||SQ||||||||||.0107|
RD|I|40|109|1037|43815|6|7|008|149|20201006|00:00|0.0176||||SQ||||||||||.0107|
RD|I|40|109|1037|43815|6|7|008|149|20201012|00:00|0.0212||||SQ||||||||||.0107|
RD|I|40|109|1037|43815|6|7|008|149|20201018|00:00|0.0225||||SQ||||||||||.0107|
RD|I|40|109|1037|43815|6|7|008|149|20201024|00:00|0.0194||||SQ||||||||||.0107|
RD|I|40|109|1037|43815|6|7|008|149|20201030|00:00|0.0294||||SQ||||||||||.0107|
RD|I|40|109|1037|43815|6|7|008|149|20201105|00:00|0.0337||||SQ||||||||||.0107|
RD|I|40|109|1037|43815|6|7|008|149|20201111|00:00|0.0168||||SQ||||||||||.0107|
RD|I|40|109|1037|43815|6|7|008|149|20201117|00:00|0.0237||||SQ||||||||||.0107|
RD|I|40|109|1037|43815|6|7|008|149|20201123|00:00|0.0167||||Y|SQ|||||||||.0107|
RD|I|40|109|1037|43815|6|7|008|149|20201129|00:00|0.0194||||Y|SQ|||||||||.0107|
RD|I|40|109|1037|43815|6|7|008|149|20201205|00:00|0.0184||||3|SQ|||||||||.0107|
RD|I|40|109|1037|43815|6|7|008|149|20201211|00:00|0.0172||||SQ||||||||||.0107|
RD|I|40|109|1037|43815|6|7|008|149|20201217|00:00|0.0174||||SQ||||||||||.0107|
RD|I|40|109|1037|43815|6|7|008|149|20201223|00:00|0.0158||||SQ||||||||||.0107|
RD|I|40|109|1037|43815|6|7|008|149|20201229|00:00|0.0184||||SQ||||||||||.0107|
RD|I|40|109|1037|43817|6|7|008|149|20200104|00:00|0.00980||||MD||||||||||.0144|
RD|I|40|109|1037|43817|6|7|008|149|20200110|00:00|0.00770||||MD||||||||||.0144|
RD|I|40|109|1037|43817|6|7|008|149|20200116|00:00|0.00670||||MD||||||||||.0144|
RD|I|40|109|1037|43817|6|7|008|149|20200122|00:00|0.00630||||MD||||||||||.0144|
RD|I|40|109|1037|43817|6|7|008|149|20200128|00:00|0.00670||||MD||||||||||.0144|
RD|I|40|109|1037|43817|6|7|008|149|20200203|00:00|0.00690||||MD||||||||||.0144|
RD|I|40|109|1037|43817|6|7|008|149|20200209|00:00|0.00580||||MD||||||||||.0144|
RD|I|40|109|1037|43817|6|7|008|149|20200215|00:00||AA||||||||||||||
RD|I|40|109|1037|43817|6|7|008|149|20200221|00:00|0.0202||||SQ||||||||||.0144|
RD|I|40|109|1037|43817|6|7|008|149|20200227|00:00|0.0268||||SQ||||||||||.0144|
RD|I|40|109|1037|43817|6|7|008|149|20200304|00:00|0.0173||||SQ||||||||||.0124|
RD|I|40|109|1037|43817|6|7|008|149|20200310|00:00|0.00640||||MD||||||||||.0124|
RD|I|40|109|1037|43817|6|7|008|149|20200316|00:00|0.00870||||MD||||||||||.0124|
RD|I|40|109|1037|43817|6|7|008|149|20200322|00:00|0.00650||||MD||||||||||.0124|
RD|I|40|109|1037|43817|6|7|008|149|20200328|00:00|0.00520||||MD||||||||||.0124|
RD|I|40|109|1037|43817|6|7|008|149|20200403|00:00|0.00360||||MD||||||||||.0124|
RD|I|40|109|1037|43817|6|7|008|149|20200409|00:00|0.00330||||MD||||||||||.0124|
RD|I|40|109|1037|43817|6|7|008|149|20200415|00:00|0.00790||||MD||||||||||.0124|
RD|I|40|109|1037|43817|6|7|008|149|20200421|00:00|0.0212||||SQ||||||||||.0124|
RD|I|40|109|1037|43817|6|7|008|149|20200427|00:00|0.00430||||MD||||||||||.0124|
RD|I|40|109|1037|43817|6|7|008|149|20200503|00:00||AM||||||||||||||
RD|I|40|109|1037|43817|6|7|008|149|20200507|00:00|0.00520||||MD||||||||||.0124|
RD|I|40|109|1037|43817|6|7|008|149|20200509|00:00|0.00460||||MD||||||||||.0124|
RD|I|40|109|1037|43817|6|7|008|149|20200515|00:00|0.00480||||MD||||||||||.0124|
RD|I|40|109|1037|43817|6|7|008|149|20200521|00:00|0.00810||||MD||||||||||.0124|
RD|I|40|109|1037|43817|6|7|008|149|20200527|00:00|0.00890||||MD||||||||||.0124|
RD|I|40|109|1037|43817|6|7|008|149|20200602|00:00|0.00610||||MD||||||||||.0124|
RD|I|40|109|1037|43817|6|7|008|149|20200608|00:00|0.00720||||MD||||||||||.0124|
RD|I|40|109|1037|43817|6|7|008|149|20200614|00:00|0.00400||||MD||||||||||.0124|
RD|I|40|109|1037|43817|6|7|008|149|20200620|00:00|0.00440||||MD||||||||||.0124|
RD|I|40|109|1037|43817|6|7|008|149|20200626|00:00|0.00420||||MD||||||||||.0124|
RD|I|40|109|1037|43817|6|7|008|149|20200702|00:00|0.00480||||MD||||||||||.0124|
RD|I|40|109|1037|43817|6|7|008|149|20200708|00:00|0.00490||||MD||||||||||.0124|
RD|I|40|109|1037|43817|6|7|008|149|20200714|00:00|0.00720||||MD||||||||||.0124|
RD|I|40|109|1037|43817|6|7|008|149|20200720|00:00|0.00530||||MD||||||||||.0124|
RD|I|40|109|1037|43817|6|7|008|149|20200726|00:00|0.00250||||MD||||||||||.0124|
RD|I|40|109|1037|43817|6|7|008|149|20200801|00:00|0.00690||||MD||||||||||.0124|
RD|I|40|109|1037|43817|6|7|008|149|20200807|00:00|0.00470||||MD||||||||||.0124|
RD|I|40|109|1037|43817|6|7|008|149|20200813|00:00|0.00360||||MD||||||||||.0124|
RD|I|40|109|1037|43817|6|7|008|149|20200819|00:00|0.00410||||MD||||||||||.0124|
RD|I|40|109|1037|43817|6|7|008|149|20200825|00:00|0.00510||||MD||||||||||.0124|
RD|I|40|109|1037|43817|6|7|008|149|20200831|00:00|0.00650||||MD||||||||||.0124|
RD|I|40|109|1037|43817|6|7|008|149|20200906|00:00|0.00280||||MD||||||||||.0124|
RD|I|40|109|1037|43817|6|7|008|149|20200912|00:00|0.00860||||MD||||||||||.0124|
RD|I|40|109|1037|43817|6|7|008|149|20200918|00:00|0.0237||||SQ||||||||||.0124|
RD|I|40|109|1037|43817|6|7|008|149|20200924|00:00|0.0120||||MD||||||||||.0124|
RD|I|40|109|1037|43817|6|7|008|149|20200930|00:00|0.0116||||MD||||||||||.0124|
RD|I|40|109|1037|43817|6|7|008|149|20201006|00:00|0.00900||||MD||||||||||.0124|
RD|I|40|109|1037|43817|6|7|008|149|20201012|00:00|0.0212||||SQ||||||||||.0124|
RD|I|40|109|1037|43817|6|7|008|149|20201018|00:00|0.0100||||MD||||||||||.0124|
RD|I|40|109|1037|43817|6|7|008|149|20201024|00:00|0.00570||||MD||||||||||.0124|
RD|I|40|109|1037|43817|6|7|008|149|20201030|00:00|0.0314||||SQ||||||||||.0124|
RD|I|40|109|1037|43817|6|7|008|149|20201105|00:00|0.0104||||MD||||||||||.0124|
RD|I|40|109|1037|43817|6|7|008|149|20201111|00:00|0.00540||||MD||||||||||.0124|
RD|I|40|109|1037|43817|6|7|008|149|20201117|00:00|0.0317||||SQ||||||||||.0124|
RD|I|40|109|1037|43817|6|7|008|149|20201123|00:00|0.0128||||Y|SQ|||||||||.0124|
RD|I|40|109|1037|43817|6|7|008|149|20201129|00:00|0.00630||||Y|MD|||||||||.0124|
RD|I|40|109|1037|43817|6|7|008|149|20201205|00:00|0.0190||||3|SQ|||||||||.0124|
RD|I|40|109|1037|43817|6|7|008|149|20201211|00:00|0.0218||||SQ||||||||||.0124|
RD|I|40|109|1037|43817|6|7|008|149|20201217|00:00|0.0290||||SQ||||||||||.0124|
RD|I|40|109|1037|43817|6|7|008|149|20201223|00:00|0.00580||||MD||||||||||.0124|
RD|I|40|109|1037|43817|6|7|008|149|20201229|00:00|0.00620||||MD||||||||||.0124|
RD|I|40|109|1037|43818|6|7|008|149|20200104|00:00|0.00410||||MD||||||||||.0165|
RD|I|40|109|1037|43818|6|7|008|149|20200110|00:00|0||||||||||||||.0165|
RD|I|40|109|1037|43818|6|7|008|149|20200116|00:00|0||||||||||||||.0165|
RD|I|40|109|1037|43818|6|7|008|149|20200122|00:00|0||||||||||||||.0165|
RD|I|40|109|1037|43818|6|7|008|149|20200128|00:00|0||||||||||||||.0165|
RD|I|40|109|1037|43818|6|7|008|149|20200203|00:00|0||||||||||||||.0165|
RD|I|40|109|1037|43818|6|7|008|149|20200209|00:00|0||||||||||||||.0165|
RD|I|40|109|1037|43818|6|7|008|149|20200215|00:00||AA||||||||||||||
RD|I|40|109|1037|43818|6|7|008|149|20200221|00:00|0||||||||||||||.0165|
RD|I|40|109|1037|43818|6|7|008|149|20200227|00:00|0||||||||||||||.0165|
RD|I|40|109|1037|43818|6|7|008|149|20200304|00:00|0||||||||||||||.0173|
RD|I|40|109|1037|43818|6|7|008|149|20200310|00:00|0||||||||||||||.0173|
RD|I|40|109|1037|43818|6|7|008|149|20200316|00:00|0||||||||||||||.0173|
RD|I|40|109|1037|43818|6|7|008|149|20200322|00:00|0||||||||||||||.0173|
RD|I|40|109|1037|43818|6|7|008|149|20200328|00:00|0||||||||||||||.0173|
RD|I|40|109|1037|43818|6|7|008|149|20200403|00:00|0||||ND||||||||||.0173|
RD|I|40|109|1037|43818|6|7|008|149|20200409|00:00|0||||ND||||||||||.0173|
RD|I|40|109|1037|43818|6|7|008|149|20200415|00:00|0||||ND||||||||||.0173|
RD|I|40|109|1037|43818|6|7|008|149|20200421|00:00|0||||ND||||||||||.0173|
RD|I|40|109|1037|43818|6|7|008|149|20200427|00:00|0||||ND||||||||||.0173|
RD|I|40|109|1037|43818|6|7|008|149|20200503|00:00||AM||||||||||||||
RD|I|40|109|1037|43818|6|7|008|149|20200507|00:00|0||||ND||||||||||.0173|
RD|I|40|109|1037|43818|6|7|008|149|20200509|00:00|0||||ND||||||||||.0173|
RD|I|40|109|1037|43818|6|7|008|149|20200515|00:00|0||||ND||||||||||.0173|
RD|I|40|109|1037|43818|6|7|008|149|20200521|00:00|0||||ND||||||||||.0173|
RD|I|40|109|1037|43818|6|7|008|149|20200527|00:00|0||||ND||||||||||.0173|
RD|I|40|109|1037|43818|6|7|008|149|20200602|00:00|0||||ND||||||||||.0173|
RD|I|40|109|1037|43818|6|7|008|149|20200608|00:00|0||||ND||||||||||.0173|
RD|I|40|109|1037|43818|6|7|008|149|20200614|00:00|0||||ND||||||||||.0173|
RD|I|40|109|1037|43818|6|7|008|149|20200620|00:00|0||||ND||||||||||.0173|
RD|I|40|109|1037|43818|6|7|008|149|20200626|00:00|0||||ND||||||||||.0173|
RD|I|40|109|1037|43818|6|7|008|149|20200702|00:00|0||||ND||||||||||.0173|
RD|I|40|109|1037|43818|6|7|008|149|20200708|00:00|0||||ND||||||||||.0173|
RD|I|40|109|1037|43818|6|7|008|149|20200714|00:00|0||||ND||||||||||.0173|
RD|I|40|109|1037|43818|6|7|008|149|20200720|00:00|0||||ND||||||||||.0173|
RD|I|40|109|1037|43818|6|7|008|149|20200726|00:00|0||||ND||||||||||.0173|
RD|I|40|109|1037|43818|6|7|008|149|20200801|00:00|0||||ND||||||||||.0173|
RD|I|40|109|1037|43818|6|7|008|149|20200807|00:00|0||||ND||||||||||.0173|
RD|I|40|109|1037|43818|6|7|008|149|20200813|00:00|0||||ND||||||||||.0173|
RD|I|40|109|1037|43818|6|7|008|149|20200819|00:00|0||||ND||||||||||.0173|
RD|I|40|109|1037|43818|6|7|008|149|20200825|00:00|0||||ND||||||||||.0173|
RD|I|40|109|1037|43818|6|7|008|149|20200831|00:00|0||||ND||||||||||.0173|
RD|I|40|109|1037|43818|6|7|008|149|20200906|00:00|0||||ND||||||||||.0173|
RD|I|40|109|1037|43818|6|7|008|149|20200912|00:00|0||||ND||||||||||.0173|
RD|I|40|109|1037|43818|6|7|008|149|20200918|00:00|0||||ND||||||||||.0173|
RD|I|40|109|1037|43818|6|7|008|149|20200924|00:00|0||||ND||||||||||.0173|
RD|I|40|109|1037|43818|6|7|008|149|20200930|00:00|0||||ND||||||||||.0173|
RD|I|40|109|1037|43818|6|7|008|149|20201006|00:00|0||||ND||||||||||.0173|
RD|I|40|109|1037|43818|6|7|008|149|20201012|00:00|0||||ND||||||||||.0173|
RD|I|40|109|1037|43818|6|7|008|149|20201018|00:00|0||||ND||||||||||.0173|
RD|I|40|109|1037|43818|6|7|008|149|20201024|00:00|0||||ND||||||||||.0173|
RD|I|40|109|1037|43818|6|7|008|149|20201030|00:00|0||||ND||||||||||.0173|
RD|I|40|109|1037|43818|6|7|008|149|20201105|00:00|0||||ND||||||||||.0173|
RD|I|40|109|1037|43818|6|7|008|149|20201111|00:00|0||||ND||||||||||.0173|
RD|I|40|109|1037|43818|6|7|008|149|20201117|00:00|0||||ND||||||||||.0173|
RD|I|40|109|1037|43818|6|7|008|149|20201123|00:00|0||||Y|ND|||||||||.0173|
RD|I|40|109|1037|43818|6|7|008|149|20201129|00:00|0||||Y||||||||||.0173|
RD|I|40|109|1037|43818|6|7|008|149|20201205|00:00|0||||3|ND|||||||||.0173|
RD|I|40|109|1037|43818|6|7|008|149|20201211|00:00|0||||ND||||||||||.0173|
RD|I|40|109|1037|43818|6|7|008|149|20201217|00:00|0||||ND||||||||||.0173|
RD|I|40|109|1037|43818|6|7|008|149|20201223|00:00|0||||ND||||||||||.0173|
RD|I|40|109|1037|43818|6|7|008|149|20201229|00:00|0||||ND||||||||||.0173|
RD|I|40|109|1037|43824|6|7|008|149|20200104|00:00|0.00570||||MD||||||||||.0123|
RD|I|40|109|1037|43824|6|7|008|149|20200110|00:00|0.00700||||MD||||||||||.0123|
RD|I|40|109|1037|43824|6|7|008|149|20200116|00:00|0.00530||||MD||||||||||.0123|
RD|I|40|109|1037|43824|6|7|008|149|20200122|00:00|0.00620||||MD||||||||||.0123|
RD|I|40|109|1037|43824|6|7|008|149|20200128|00:00|0.00900||||MD||||||||||.0123|
RD|I|40|109|1037|43824|6|7|008|149|20200203|00:00|0.00520||||MD||||||||||.0123|
RD|I|40|109|1037|43824|6|7|008|149|20200209|00:00|0.00550||||MD||||||||||.0123|
RD|I|40|109|1037|43824|6|7|008|149|20200215|00:00||AA||||||||||||||
RD|I|40|109|1037|43824|6|7|008|149|20200221|00:00|0.00550||||MD||||||||||.0123|
RD|I|40|109|1037|43824|6|7|008|149|20200227|00:00|0.00760||||MD||||||||||.0123|
RD|I|40|109|1037|43824|6|7|008|149|20200304|00:00|0.00750||||MD||||||||||.00897|
RD|I|40|109|1037|43824|6|7|008|149|20200310|00:00|0.00580||||MD||||||||||.00897|
RD|I|40|109|1037|43824|6|7|008|149|20200316|00:00|0.00580||||MD||||||||||.00897|
RD|I|40|109|1037|43824|6|7|008|149|20200322|00:00|0.00540||||MD||||||||||.00897|
RD|I|40|109|1037|43824|6|7|008|149|20200328|00:00|0.00570||||MD||||||||||.00897|
RD|I|40|109|1037|43824|6|7|008|149|20200403|00:00|0.00530||||MD||||||||||.009|
RD|I|40|109|1037|43824|6|7|008|149|20200409|00:00|0.00490||||MD||||||||||.009|
RD|I|40|109|1037|43824|6|7|008|149|20200415|00:00|0.00530||||MD||||||||||.009|
RD|I|40|109|1037|43824|6|7|008|149|20200421|00:00|0.00580||||MD||||||||||.009|
RD|I|40|109|1037|43824|6|7|008|149|20200427|00:00|0.00570||||MD||||||||||.009|
RD|I|40|109|1037|43824|6|7|008|149|20200503|00:00||AM||||||||||||||
RD|I|40|109|1037|43824|6|7|008|149|20200507|00:00|0.00550||||MD||||||||||.009|
RD|I|40|109|1037|43824|6|7|008|149|20200509|00:00|0.00520||||MD||||||||||.009|
RD|I|40|109|1037|43824|6|7|008|149|20200515|00:00|0.00580||||MD||||||||||.009|
RD|I|40|109|1037|43824|6|7|008|149|20200521|00:00|0.00600||||MD||||||||||.009|
RD|I|40|109|1037|43824|6|7|008|149|20200527|00:00|0.00580||||MD||||||||||.009|
RD|I|40|109|1037|43824|6|7|008|149|20200602|00:00|0.00550||||MD||||||||||.009|
RD|I|40|109|1037|43824|6|7|008|149|20200608|00:00|0.00620||||MD||||||||||.009|
RD|I|40|109|1037|43824|6|7|008|149|20200614|00:00|0.00540||||MD||||||||||.009|
RD|I|40|109|1037|43824|6|7|008|149|20200620|00:00|0.00550||||MD||||||||||.009|
RD|I|40|109|1037|43824|6|7|008|149|20200626|00:00|0.00550||||MD||||||||||.009|
RD|I|40|109|1037|43824|6|7|008|149|20200702|00:00|0.00580||||MD||||||||||.009|
RD|I|40|109|1037|43824|6|7|008|149|20200708|00:00|0.00620||||MD||||||||||.009|
RD|I|40|109|1037|43824|6|7|008|149|20200714|00:00|0||||ND||||||||||.009|
RD|I|40|109|1037|43824|6|7|008|149|20200720|00:00|0.00600||||MD||||||||||.009|
RD|I|40|109|1037|43824|6|7|008|149|20200726|00:00|0.00580||||MD||||||||||.009|
RD|I|40|109|1037|43824|6|7|008|149|20200801|00:00|0.00570||||MD||||||||||.009|
RD|I|40|109|1037|43824|6|7|008|149|20200807|00:00|0.00600||||MD||||||||||.009|
RD|I|40|109|1037|43824|6|7|008|149|20200813|00:00|0.00630||||MD||||||||||.009|
RD|I|40|109|1037|43824|6|7|008|149|20200819|00:00|0.0143||||SQ||||||||||.009|
RD|I|40|109|1037|43824|6|7|008|149|20200825|00:00|0.00560||||MD||||||||||.009|
RD|I|40|109|1037|43824|6|7|008|149|20200831|00:00|0.00610||||MD||||||||||.009|
RD|I|40|109|1037|43824|6|7|008|149|20200906|00:00|0.00570||||MD||||||||||.009|
RD|I|40|109|1037|43824|6|7|008|149|20200912|00:00|0.00680||||MD||||||||||.009|
RD|I|40|109|1037|43824|6|7|008|149|20200918|00:00|0||||ND||||||||||.009|
RD|I|40|109|1037|43824|6|7|008|149|20200924|00:00|0.00680||||MD||||||||||.009|
RD|I|40|109|1037|43824|6|7|008|149|20200930|00:00|0.00700||||MD||||||||||.009|
RD|I|40|109|1037|43824|6|7|008|149|20201006|00:00|0.00700||||MD||||||||||.009|
RD|I|40|109|1037|43824|6|7|008|149|20201012|00:00|0.00590||||MD||||||||||.009|
RD|I|40|109|1037|43824|6|7|008|149|20201018|00:00|0.00620||||MD||||||||||.009|
RD|I|40|109|1037|43824|6|7|008|149|20201024|00:00|0.00620||||MD||||||||||.009|
RD|I|40|109|1037|43824|6|7|008|149|20201030|00:00|0.00720||||MD||||||||||.009|
RD|I|40|109|1037|43824|6|7|008|149|20201105|00:00|0.00640||||MD||||||||||.009|
RD|I|40|109|1037|43824|6|7|008|149|20201111|00:00|0.00680||||MD||||||||||.009|
RD|I|40|109|1037|43824|6|7|008|149|20201117|00:00|0.00690||||MD||||||||||.009|
RD|I|40|109|1037|43824|6|7|008|149|20201123|00:00|0.00540||||Y|MD|||||||||.009|
RD|I|40|109|1037|43824|6|7|008|149|20201129|00:00|0.00640||||Y|MD|||||||||.009|
RD|I|40|109|1037|43824|6|7|008|149|20201205|00:00|0||||3|ND|||||||||.009|
RD|I|40|109|1037|43824|6|7|008|149|20201211|00:00|0||||ND||||||||||.009|
RD|I|40|109|1037|43824|6|7|008|149|20201217|00:00|0||||ND||||||||||.009|
RD|I|40|109|1037|43824|6|7|008|149|20201223|00:00|0||||ND||||||||||.009|
RD|I|40|109|1037|43824|6|7|008|149|20201229|00:00|0||||ND||||||||||.009|
RD|I|40|109|1037|43829|6|7|008|149|20200104|00:00|0||||||||||||||.0111|
RD|I|40|109|1037|43829|6|7|008|149|20200110|00:00|0||||||||||||||.0111|
RD|I|40|109|1037|43829|6|7|008|149|20200116|00:00|0||||||||||||||.0111|
RD|I|40|109|1037|43829|6|7|008|149|20200122|00:00|0||||||||||||||.0111|
RD|I|40|109|1037|43829|6|7|008|149|20200128|00:00|0||||||||||||||.0111|
RD|I|40|109|1037|43829|6|7|008|149|20200203|00:00|0||||||||||||||.0111|
RD|I|40|109|1037|43829|6|7|008|149|20200209|00:00|0||||||||||||||.0111|
RD|I|40|109|1037|43829|6|7|008|149|20200215|00:00||AA||||||||||||||
RD|I|40|109|1037|43829|6|7|008|149|20200221|00:00|0||||||||||||||.0111|
RD|I|40|109|1037|43829|6|7|008|149|20200227|00:00|0||||||||||||||.0111|
RD|I|40|109|1037|43829|6|7|008|149|20200304|00:00|0||||||||||||||.0138|
RD|I|40|109|1037|43829|6|7|008|149|20200310|00:00|0||||||||||||||.0138|
RD|I|40|109|1037|43829|6|7|008|149|20200316|00:00|0||||||||||||||.0138|
RD|I|40|109|1037|43829|6|7|008|149|20200322|00:00|0||||||||||||||.0138|
RD|I|40|109|1037|43829|6|7|008|149|20200328|00:00|0||||||||||||||.0138|
RD|I|40|109|1037|43829|6|7|008|149|20200403|00:00|0.00330||||MD||||||||||.0138|
RD|I|40|109|1037|43829|6|7|008|149|20200409|00:00|0||||ND||||||||||.0138|
RD|I|40|109|1037|43829|6|7|008|149|20200415|00:00|0.00270||||MD||||||||||.0138|
RD|I|40|109|1037|43829|6|7|008|149|20200421|00:00|0||||ND||||||||||.0138|
RD|I|40|109|1037|43829|6|7|008|149|20200427|00:00|0||||ND||||||||||.0138|
RD|I|40|109|1037|43829|6|7|008|149|20200503|00:00||AM||||||||||||||
RD|I|40|109|1037|43829|6|7|008|149|20200507|00:00|0||||ND||||||||||.0138|
RD|I|40|109|1037|43829|6|7|008|149|20200509|00:00|0||||ND||||||||||.0138|
RD|I|40|109|1037|43829|6|7|008|149|20200515|00:00|0||||ND||||||||||.0138|
RD|I|40|109|1037|43829|6|7|008|149|20200521|00:00|0||||ND||||||||||.0138|
RD|I|40|109|1037|43829|6|7|008|149|20200527|00:00|0||||ND||||||||||.0138|
RD|I|40|109|1037|43829|6|7|008|149|20200602|00:00|0||||ND||||||||||.0138|
RD|I|40|109|1037|43829|6|7|008|149|20200608|00:00|0||||ND||||||||||.0138|
RD|I|40|109|1037|43829|6|7|008|149|20200614|00:00|0||||ND||||||||||.0138|
RD|I|40|109|1037|43829|6|7|008|149|20200620|00:00|0||||ND||||||||||.0138|
RD|I|40|109|1037|43829|6|7|008|149|20200626|00:00|0||||ND||||||||||.0138|
RD|I|40|109|1037|43829|6|7|008|149|20200702|00:00|0||||ND||||||||||.0138|
RD|I|40|109|1037|43829|6|7|008|149|20200708|00:00|0||||ND||||||||||.0138|
RD|I|40|109|1037|43829|6|7|008|149|20200714|00:00|0||||ND||||||||||.0138|
RD|I|40|109|1037|43829|6|7|008|149|20200720|00:00|0||||ND||||||||||.0138|
RD|I|40|109|1037|43829|6|7|008|149|20200726|00:00|0||||ND||||||||||.0138|
RD|I|40|109|1037|43829|6|7|008|149|20200801|00:00|0||||ND||||||||||.0138|
RD|I|40|109|1037|43829|6|7|008|149|20200807|00:00|0||||ND||||||||||.0138|
RD|I|40|109|1037|43829|6|7|008|149|20200813|00:00|0||||ND||||||||||.0138|
RD|I|40|109|1037|43829|6|7|008|149|20200819|00:00|0||||ND||||||||||.0138|
RD|I|40|109|1037|43829|6|7|008|149|20200825|00:00|0||||ND||||||||||.0138|
RD|I|40|109|1037|43829|6|7|008|149|20200831|00:00|0||||ND||||||||||.0138|
RD|I|40|109|1037|43829|6|7|008|149|20200906|00:00|0||||ND||||||||||.0138|
RD|I|40|109|1037|43829|6|7|008|149|20200912|00:00|0||||ND||||||||||.0138|
RD|I|40|109|1037|43829|6|7|008|149|20200918|00:00|0||||ND||||||||||.0138|
RD|I|40|109|1037|43829|6|7|008|149|20200924|00:00|0||||ND||||||||||.0138|
RD|I|40|109|1037|43829|6|7|008|149|20200930|00:00|0||||ND||||||||||.0138|
RD|I|40|109|1037|43829|6|7|008|149|20201006|00:00|0||||ND||||||||||.0138|
RD|I|40|109|1037|43829|6|7|008|149|20201012|00:00|0||||ND||||||||||.0138|
RD|I|40|109|1037|43829|6|7|008|149|20201018|00:00|0||||ND||||||||||.0138|
RD|I|40|109|1037|43829|6|7|008|149|20201024|00:00|0||||ND||||||||||.0138|
RD|I|40|109|1037|43829|6|7|008|149|20201030|00:00|0||||ND||||||||||.0138|
RD|I|40|109|1037|43829|6|7|008|149|20201105|00:00|0||||ND||||||||||.0138|
RD|I|40|109|1037|43829|6|7|008|149|20201111|00:00|0||||ND||||||||||.0138|
RD|I|40|109|1037|43829|6|7|008|149|20201117|00:00|0||||ND||||||||||.0138|
RD|I|40|109|1037|43829|6|7|008|149|20201123|00:00|0||||Y|ND|||||||||.0138|
RD|I|40|109|1037|43829|6|7|008|149|20201129|00:00|0||||Y||||||||||.0138|
RD|I|40|109|1037|43829|6|7|008|149|20201205|00:00|0||||3|ND|||||||||.0138|
RD|I|40|109|1037|43829|6|7|008|149|20201211|00:00|0||||ND||||||||||.0138|
RD|I|40|109|1037|43829|6|7|008|149|20201217|00:00|0||||ND||||||||||.0138|
RD|I|40|109|1037|43829|6|7|008|149|20201223|00:00|0||||ND||||||||||.0138|
RD|I|40|109|1037|43829|6|7|008|149|20201229|00:00|0||||ND||||||||||.0138|
RD|I|40|109|1037|43830|6|7|008|149|20200104|00:00|0||||||||||||||.0138|
RD|I|40|109|1037|43830|6|7|008|149|20200110|00:00|0||||||||||||||.0138|
RD|I|40|109|1037|43830|6|7|008|149|20200116|00:00|0||||||||||||||.0138|
RD|I|40|109|1037|43830|6|7|008|149|20200122|00:00|0||||||||||||||.0138|
RD|I|40|109|1037|43830|6|7|008|149|20200128|00:00|0||||||||||||||.0138|
RD|I|40|109|1037|43830|6|7|008|149|20200203|00:00|0||||||||||||||.0138|
RD|I|40|109|1037|43830|6|7|008|149|20200209|00:00|0||||||||||||||.0138|
RD|I|40|109|1037|43830|6|7|008|149|20200215|00:00||AA||||||||||||||
RD|I|40|109|1037|43830|6|7|008|149|20200221|00:00|0||||||||||||||.0138|
RD|I|40|109|1037|43830|6|7|008|149|20200227|00:00|0||||||||||||||.0138|
RD|I|40|109|1037|43830|6|7|008|149|20200304|00:00|0||||||||||||||.0149|
RD|I|40|109|1037|43830|6|7|008|149|20200310|00:00|0||||||||||||||.0149|
RD|I|40|109|1037|43830|6|7|008|149|20200316|00:00|0||||||||||||||.0149|
RD|I|40|109|1037|43830|6|7|008|149|20200322|00:00|0||||||||||||||.0149|
RD|I|40|109|1037|43830|6|7|008|149|20200328|00:00|0||||||||||||||.0149|
RD|I|40|109|1037|43830|6|7|008|149|20200403|00:00|0||||ND||||||||||.0149|
RD|I|40|109|1037|43830|6|7|008|149|20200409|00:00|0||||ND||||||||||.0149|
RD|I|40|109|1037|43830|6|7|008|149|20200415|00:00|0||||ND||||||||||.0149|
RD|I|40|109|1037|43830|6|7|008|149|20200421|00:00|0||||ND||||||||||.0149|
RD|I|40|109|1037|43830|6|7|008|149|20200427|00:00|0||||ND||||||||||.0149|
RD|I|40|109|1037|43830|6|7|008|149|20200503|00:00||AM||||||||||||||
RD|I|40|109|1037|43830|6|7|008|149|20200507|00:00|0||||ND||||||||||.0149|
RD|I|40|109|1037|43830|6|7|008|149|20200509|00:00|0||||ND||||||||||.0149|
RD|I|40|109|1037|43830|6|7|008|149|20200515|00:00|0||||ND||||||||||.0149|
RD|I|40|109|1037|43830|6|7|008|149|20200521|00:00|0||||ND||||||||||.0149|
RD|I|40|109|1037|43830|6|7|008|149|20200527|00:00|0||||ND||||||||||.0149|
RD|I|40|109|1037|43830|6|7|008|149|20200602|00:00|0||||ND||||||||||.0149|
RD|I|40|109|1037|43830|6|7|008|149|20200608|00:00|0||||ND||||||||||.0149|
RD|I|40|109|1037|43830|6|7|008|149|20200614|00:00|0||||ND||||||||||.0149|
RD|I|40|109|1037|43830|6|7|008|149|20200620|00:00|0||||ND||||||||||.0149|
RD|I|40|109|1037|43830|6|7|008|149|20200626|00:00|0||||ND||||||||||.0149|
RD|I|40|109|1037|43830|6|7|008|149|20200702|00:00|0||||ND||||||||||.0149|
RD|I|40|109|1037|43830|6|7|008|149|20200708|00:00|0||||ND||||||||||.0149|
RD|I|40|109|1037|43830|6|7|008|149|20200714|00:00|0||||ND||||||||||.0149|
RD|I|40|109|1037|43830|6|7|008|149|20200720|00:00|0||||ND||||||||||.0149|
RD|I|40|109|1037|43830|6|7|008|149|20200726|00:00|0||||ND||||||||||.0149|
RD|I|40|109|1037|43830|6|7|008|149|20200801|00:00|0||||ND||||||||||.0149|
RD|I|40|109|1037|43830|6|7|008|149|20200807|00:00|0||||ND||||||||||.0149|
RD|I|40|109|1037|43830|6|7|008|149|20200813|00:00|0||||ND||||||||||.0149|
RD|I|40|109|1037|43830|6|7|008|149|20200819|00:00|0||||ND||||||||||.0149|
RD|I|40|109|1037|43830|6|7|008|149|20200825|00:00|0||||ND||||||||||.0149|
RD|I|40|109|1037|43830|6|7|008|149|20200831|00:00|0||||ND||||||||||.0149|
RD|I|40|109|1037|43830|6|7|008|149|20200906|00:00|0||||ND||||||||||.0149|
RD|I|40|109|1037|43830|6|7|008|149|20200912|00:00|0||||ND||||||||||.0149|
RD|I|40|109|1037|43830|6|7|008|149|20200918|00:00|0||||ND||||||||||.0149|
RD|I|40|109|1037|43830|6|7|008|149|20200924|00:00|0||||ND||||||||||.0149|
RD|I|40|109|1037|43830|6|7|008|149|20200930|00:00|0||||ND||||||||||.0149|
RD|I|40|109|1037|43830|6|7|008|149|20201006|00:00|0||||ND||||||||||.0149|
RD|I|40|109|1037|43830|6|7|008|149|20201012|00:00|0||||ND||||||||||.0149|
RD|I|40|109|1037|43830|6|7|008|149|20201018|00:00|0||||ND||||||||||.0149|
RD|I|40|109|1037|43830|6|7|008|149|20201024|00:00|0||||ND||||||||||.0149|
RD|I|40|109|1037|43830|6|7|008|149|20201030|00:00|0||||ND||||||||||.0149|
RD|I|40|109|1037|43830|6|7|008|149|20201105|00:00|0||||ND||||||||||.0149|
RD|I|40|109|1037|43830|6|7|008|149|20201111|00:00|0||||ND||||||||||.0149|
RD|I|40|109|1037|43830|6|7|008|149|20201117|00:00|0||||ND||||||||||.0149|
RD|I|40|109|1037|43830|6|7|008|149|20201123|00:00|0||||Y|ND|||||||||.0149|
RD|I|40|109|1037|43830|6|7|008|149|20201129|00:00|0||||Y||||||||||.0149|
RD|I|40|109|1037|43830|6|7|008|149|20201205|00:00|0||||3|ND|||||||||.0149|
RD|I|40|109|1037|43830|6|7|008|149|20201211|00:00|0||||ND||||||||||.0149|
RD|I|40|109|1037|43830|6|7|008|149|20201217|00:00|0||||ND||||||||||.0149|
RD|I|40|109|1037|43830|6|7|008|149|20201223|00:00|0||||ND||||||||||.0149|
RD|I|40|109|1037|43830|6|7|008|149|20201229|00:00|0||||ND||||||||||.0149|
RD|I|40|109|1037|43831|6|7|008|149|20200104|00:00|0||||||||||||||.0099|
RD|I|40|109|1037|43831|6|7|008|149|20200110|00:00|0||||||||||||||.0099|
RD|I|40|109|1037|43831|6|7|008|149|20200116|00:00|0||||||||||||||.0099|
RD|I|40|109|1037|43831|6|7|008|149|20200122|00:00|0||||||||||||||.0099|
RD|I|40|109|1037|43831|6|7|008|149|20200128|00:00|0||||||||||||||.0099|
RD|I|40|109|1037|43831|6|7|008|149|20200203|00:00|0||||||||||||||.0099|
RD|I|40|109|1037|43831|6|7|008|149|20200209|00:00|0||||||||||||||.0099|
RD|I|40|109|1037|43831|6|7|008|149|20200215|00:00||AA||||||||||||||
RD|I|40|109|1037|43831|6|7|008|149|20200221|00:00|0||||||||||||||.0099|
RD|I|40|109|1037|43831|6|7|008|149|20200227|00:00|0||||||||||||||.0099|
RD|I|40|109|1037|43831|6|7|008|149|20200304|00:00|0||||||||||||||.0098|
RD|I|40|109|1037|43831|6|7|008|149|20200310|00:00|0||||||||||||||.0098|
RD|I|40|109|1037|43831|6|7|008|149|20200316|00:00|0||||||||||||||.0098|
RD|I|40|109|1037|43831|6|7|008|149|20200322|00:00|0||||||||||||||.0098|
RD|I|40|109|1037|43831|6|7|008|149|20200328|00:00|0||||||||||||||.0098|
RD|I|40|109|1037|43831|6|7|008|149|20200403|00:00|0||||ND||||||||||.0098|
RD|I|40|109|1037|43831|6|7|008|149|20200409|00:00|0||||ND||||||||||.0098|
RD|I|40|109|1037|43831|6|7|008|149|20200415|00:00|0||||ND||||||||||.0098|
RD|I|40|109|1037|43831|6|7|008|149|20200421|00:00|0||||ND||||||||||.0098|
RD|I|40|109|1037|43831|6|7|008|149|20200427|00:00|0||||ND||||||||||.0098|
RD|I|40|109|1037|43831|6|7|008|149|20200503|00:00||AM||||||||||||||
RD|I|40|109|1037|43831|6|7|008|149|20200507|00:00|0||||ND||||||||||.0098|
RD|I|40|109|1037|43831|6|7|008|149|20200509|00:00|0||||ND||||||||||.0098|
RD|I|40|109|1037|43831|6|7|008|149|20200515|00:00|0||||ND||||||||||.0098|
RD|I|40|109|1037|43831|6|7|008|149|20200521|00:00|0||||ND||||||||||.0098|
RD|I|40|109|1037|43831|6|7|008|149|20200527|00:00|0||||ND||||||||||.0098|
RD|I|40|109|1037|43831|6|7|008|149|20200602|00:00|0||||ND||||||||||.0098|
RD|I|40|109|1037|43831|6|7|008|149|20200608|00:00|0||||ND||||||||||.0098|
RD|I|40|109|1037|43831|6|7|008|149|20200614|00:00|0||||ND||||||||||.0098|
RD|I|40|109|1037|43831|6|7|008|149|20200620|00:00|0||||ND||||||||||.0098|
RD|I|40|109|1037|43831|6|7|008|149|20200626|00:00|0||||ND||||||||||.0098|
RD|I|40|109|1037|43831|6|7|008|149|20200702|00:00|0||||ND||||||||||.0098|
RD|I|40|109|1037|43831|6|7|008|149|20200708|00:00|0||||ND||||||||||.0098|
RD|I|40|109|1037|43831|6|7|008|149|20200714|00:00|0||||ND||||||||||.0098|
RD|I|40|109|1037|43831|6|7|008|149|20200720|00:00|0||||ND||||||||||.0098|
RD|I|40|109|1037|43831|6|7|008|149|20200726|00:00|0||||ND||||||||||.0098|
RD|I|40|109|1037|43831|6|7|008|149|20200801|00:00|0||||ND||||||||||.0098|
RD|I|40|109|1037|43831|6|7|008|149|20200807|00:00|0||||ND||||||||||.0098|
RD|I|40|109|1037|43831|6|7|008|149|20200813|00:00|0||||ND||||||||||.0098|
RD|I|40|109|1037|43831|6|7|008|149|20200819|00:00|0||||ND||||||||||.0098|
RD|I|40|109|1037|43831|6|7|008|149|20200825|00:00|0||||ND||||||||||.0098|
RD|I|40|109|1037|43831|6|7|008|149|20200831|00:00|0||||ND||||||||||.0098|
RD|I|40|109|1037|43831|6|7|008|149|20200906|00:00|0||||ND||||||||||.0098|
RD|I|40|109|1037|43831|6|7|008|149|20200912|00:00|0||||ND||||||||||.0098|
RD|I|40|109|1037|43831|6|7|008|149|20200918|00:00|0||||ND||||||||||.0098|
RD|I|40|109|1037|43831|6|7|008|149|20200924|00:00|0||||ND||||||||||.0098|
RD|I|40|109|1037|43831|6|7|008|149|20200930|00:00|0||||ND||||||||||.0098|
RD|I|40|109|1037|43831|6|7|008|149|20201006|00:00|0||||ND||||||||||.0098|
RD|I|40|109|1037|43831|6|7|008|149|20201012|00:00|0||||ND||||||||||.0098|
RD|I|40|109|1037|43831|6|7|008|149|20201018|00:00|0||||ND||||||||||.0098|
RD|I|40|109|1037|43831|6|7|008|149|20201024|00:00|0||||ND||||||||||.0098|
RD|I|40|109|1037|43831|6|7|008|149|20201030|00:00|0||||ND||||||||||.0098|
RD|I|40|109|1037|43831|6|7|008|149|20201105|00:00|0||||ND||||||||||.0098|
RD|I|40|109|1037|43831|6|7|008|149|20201111|00:00|0||||ND||||||||||.0098|
RD|I|40|109|1037|43831|6|7|008|149|20201117|00:00|0||||ND||||||||||.0098|
RD|I|40|109|1037|43831|6|7|008|149|20201123|00:00|0||||Y|ND|||||||||.0098|
RD|I|40|109|1037|43831|6|7|008|149|20201129|00:00|0||||Y||||||||||.0098|
RD|I|40|109|1037|43831|6|7|008|149|20201205|00:00|0||||3|ND|||||||||.0098|
RD|I|40|109|1037|43831|6|7|008|149|20201211|00:00|0||||ND||||||||||.0098|
RD|I|40|109|1037|43831|6|7|008|149|20201217|00:00|0||||ND||||||||||.0098|
RD|I|40|109|1037|43831|6|7|008|149|20201223|00:00|0||||ND||||||||||.0098|
RD|I|40|109|1037|43831|6|7|008|149|20201229|00:00|0||||ND||||||||||.0098|
RD|I|40|109|1037|43843|6|7|008|149|20200104|00:00|0||||||||||||||.0132|
RD|I|40|109|1037|43843|6|7|008|149|20200110|00:00|0||||||||||||||.0132|
RD|I|40|109|1037|43843|6|7|008|149|20200116|00:00|0||||||||||||||.0132|
RD|I|40|109|1037|43843|6|7|008|149|20200122|00:00|0||||||||||||||.0132|
RD|I|40|109|1037|43843|6|7|008|149|20200128|00:00|0||||||||||||||.0132|
RD|I|40|109|1037|43843|6|7|008|149|20200203|00:00|0||||||||||||||.0132|
RD|I|40|109|1037|43843|6|7|008|149|20200209|00:00|0||||||||||||||.0132|
RD|I|40|109|1037|43843|6|7|008|149|20200215|00:00||AA||||||||||||||
RD|I|40|109|1037|43843|6|7|008|149|20200221|00:00|0||||||||||||||.0132|
RD|I|40|109|1037|43843|6|7|008|149|20200227|00:00|0||||||||||||||.0132|
RD|I|40|109|1037|43843|6|7|008|149|20200304|00:00|0||||||||||||||.0135|
RD|I|40|109|1037|43843|6|7|008|149|20200310|00:00|0||||||||||||||.0135|
RD|I|40|109|1037|43843|6|7|008|149|20200316|00:00|0||||||||||||||.0135|
RD|I|40|109|1037|43843|6|7|008|149|20200322|00:00|0||||||||||||||.0135|
RD|I|40|109|1037|43843|6|7|008|149|20200328|00:00|0||||||||||||||.0135|
RD|I|40|109|1037|43843|6|7|008|149|20200403|00:00|0||||ND||||||||||.0135|
RD|I|40|109|1037|43843|6|7|008|149|20200409|00:00|0||||ND||||||||||.0135|
RD|I|40|109|1037|43843|6|7|008|149|20200415|00:00|0||||ND||||||||||.0135|
RD|I|40|109|1037|43843|6|7|008|149|20200421|00:00|0||||ND||||||||||.0135|
RD|I|40|109|1037|43843|6|7|008|149|20200427|00:00|0||||ND||||||||||.0135|
RD|I|40|109|1037|43843|6|7|008|149|20200503|00:00||AM||||||||||||||
RD|I|40|109|1037|43843|6|7|008|149|20200507|00:00|0||||ND||||||||||.0135|
RD|I|40|109|1037|43843|6|7|008|149|20200509|00:00|0||||ND||||||||||.0135|
RD|I|40|109|1037|43843|6|7|008|149|20200515|00:00|0||||ND||||||||||.0135|
RD|I|40|109|1037|43843|6|7|008|149|20200521|00:00|0||||ND||||||||||.0135|
RD|I|40|109|1037|43843|6|7|008|149|20200527|00:00|0||||ND||||||||||.0135|
RD|I|40|109|1037|43843|6|7|008|149|20200602|00:00|0||||ND||||||||||.0135|
RD|I|40|109|1037|43843|6|7|008|149|20200608|00:00|0||||ND||||||||||.0135|
RD|I|40|109|1037|43843|6|7|008|149|20200614|00:00|0||||ND||||||||||.0135|
RD|I|40|109|1037|43843|6|7|008|149|20200620|00:00|0||||ND||||||||||.0135|
RD|I|40|109|1037|43843|6|7|008|149|20200626|00:00|0||||ND||||||||||.0135|
RD|I|40|109|1037|43843|6|7|008|149|20200702|00:00|0||||ND||||||||||.0135|
RD|I|40|109|1037|43843|6|7|008|149|20200708|00:00|0||||ND||||||||||.0135|
RD|I|40|109|1037|43843|6|7|008|149|20200714|00:00|0||||ND||||||||||.0135|
RD|I|40|109|1037|43843|6|7|008|149|20200720|00:00|0||||ND||||||||||.0135|
RD|I|40|109|1037|43843|6|7|008|149|20200726|00:00|0||||ND||||||||||.0135|
RD|I|40|109|1037|43843|6|7|008|149|20200801|00:00|0||||ND||||||||||.0135|
RD|I|40|109|1037|43843|6|7|008|149|20200807|00:00|0||||ND||||||||||.0135|
RD|I|40|109|1037|43843|6|7|008|149|20200813|00:00|0||||ND||||||||||.0135|
RD|I|40|109|1037|43843|6|7|008|149|20200819|00:00|0||||ND||||||||||.0135|
RD|I|40|109|1037|43843|6|7|008|149|20200825|00:00|0||||ND||||||||||.0135|
RD|I|40|109|1037|43843|6|7|008|149|20200831|00:00|0||||ND||||||||||.0135|
RD|I|40|109|1037|43843|6|7|008|149|20200906|00:00|0||||ND||||||||||.0135|
RD|I|40|109|1037|43843|6|7|008|149|20200912|00:00|0||||ND||||||||||.0135|
RD|I|40|109|1037|43843|6|7|008|149|20200918|00:00|0||||ND||||||||||.0135|
RD|I|40|109|1037|43843|6|7|008|149|20200924|00:00|0||||ND||||||||||.0135|
RD|I|40|109|1037|43843|6|7|008|149|20200930|00:00|0||||ND||||||||||.0135|
RD|I|40|109|1037|43843|6|7|008|149|20201006|00:00|0||||ND||||||||||.0135|
RD|I|40|109|1037|43843|6|7|008|149|20201012|00:00|0||||ND||||||||||.0135|
RD|I|40|109|1037|43843|6|7|008|149|20201018|00:00|0||||ND||||||||||.0135|
RD|I|40|109|1037|43843|6|7|008|149|20201024|00:00|0||||ND||||||||||.0135|
RD|I|40|109|1037|43843|6|7|008|149|20201030|00:00|0||||ND||||||||||.0135|
RD|I|40|109|1037|43843|6|7|008|149|20201105|00:00|0||||ND||||||||||.0135|
RD|I|40|109|1037|43843|6|7|008|149|20201111|00:00|0||||ND||||||||||.0135|
RD|I|40|109|1037|43843|6|7|008|149|20201117|00:00|0||||ND||||||||||.0135|
RD|I|40|109|1037|43843|6|7|008|149|20201123|00:00|0||||Y|ND|||||||||.0135|
RD|I|40|109|1037|43843|6|7|008|149|20201129|00:00|0||||Y||||||||||.0135|
RD|I|40|109|1037|43843|6|7|008|149|20201205|00:00|0||||3|ND|||||||||.0135|
RD|I|40|109|1037|43843|6|7|008|149|20201211|00:00|0||||ND||||||||||.0135|
RD|I|40|109|1037|43843|6|7|008|149|20201217|00:00|0||||ND||||||||||.0135|
RD|I|40|109|1037|43843|6|7|008|149|20201223|00:00|0||||ND||||||||||.0135|
RD|I|40|109|1037|43843|6|7|008|149|20201229|00:00|0||||ND||||||||||.0135|
RD|I|40|109|1037|43860|6|7|008|149|20200104|00:00|0||||||||||||||.0102|
RD|I|40|109|1037|43860|6|7|008|149|20200110|00:00|0||||||||||||||.0102|
RD|I|40|109|1037|43860|6|7|008|149|20200116|00:00|0.00130||||MD||||||||||.0102|
RD|I|40|109|1037|43860|6|7|008|149|20200122|00:00|0||||||||||||||.0102|
RD|I|40|109|1037|43860|6|7|008|149|20200128|00:00|0||||||||||||||.0102|
RD|I|40|109|1037|43860|6|7|008|149|20200203|00:00|0||||||||||||||.0102|
RD|I|40|109|1037|43860|6|7|008|149|20200209|00:00|0||||||||||||||.0102|
RD|I|40|109|1037|43860|6|7|008|149|20200215|00:00||AA||||||||||||||
RD|I|40|109|1037|43860|6|7|008|149|20200221|00:00|0||||||||||||||.0102|
RD|I|40|109|1037|43860|6|7|008|149|20200227|00:00|0||||||||||||||.0102|
RD|I|40|109|1037|43860|6|7|008|149|20200304|00:00|0||||||||||||||.0154|
RD|I|40|109|1037|43860|6|7|008|149|20200310|00:00|0||||||||||||||.0154|
RD|I|40|109|1037|43860|6|7|008|149|20200316|00:00|0||||||||||||||.0154|
RD|I|40|109|1037|43860|6|7|008|149|20200322|00:00|0||||||||||||||.0154|
RD|I|40|109|1037|43860|6|7|008|149|20200328|00:00|0||||||||||||||.0154|
RD|I|40|109|1037|43860|6|7|008|149|20200403|00:00|0||||ND||||||||||.0154|
RD|I|40|109|1037|43860|6|7|008|149|20200409|00:00|0||||ND||||||||||.0154|
RD|I|40|109|1037|43860|6|7|008|149|20200415|00:00|0||||ND||||||||||.0154|
RD|I|40|109|1037|43860|6|7|008|149|20200421|00:00|0||||ND||||||||||.0154|
RD|I|40|109|1037|43860|6|7|008|149|20200427|00:00|0.00180||||MD||||||||||.0154|
RD|I|40|109|1037|43860|6|7|008|149|20200503|00:00||AM||||||||||||||
RD|I|40|109|1037|43860|6|7|008|149|20200507|00:00|0||||ND||||||||||.0154|
RD|I|40|109|1037|43860|6|7|008|149|20200509|00:00|0||||ND||||||||||.0154|
RD|I|40|109|1037|43860|6|7|008|149|20200515|00:00|0||||ND||||||||||.0154|
RD|I|40|109|1037|43860|6|7|008|149|20200521|00:00|0||||ND||||||||||.0154|
RD|I|40|109|1037|43860|6|7|008|149|20200527|00:00|0||||ND||||||||||.0154|
RD|I|40|109|1037|43860|6|7|008|149|20200602|00:00|0||||ND||||||||||.0154|
RD|I|40|109|1037|43860|6|7|008|149|20200608|00:00|0||||ND||||||||||.0154|
RD|I|40|109|1037|43860|6|7|008|149|20200614|00:00|0||||ND||||||||||.0154|
RD|I|40|109|1037|43860|6|7|008|149|20200620|00:00|0||||ND||||||||||.0154|
RD|I|40|109|1037|43860|6|7|008|149|20200626|00:00|0||||ND||||||||||.0154|
RD|I|40|109|1037|43860|6|7|008|149|20200702|00:00|0||||ND||||||||||.0154|
RD|I|40|109|1037|43860|6|7|008|149|20200708|00:00|0||||ND||||||||||.0154|
RD|I|40|109|1037|43860|6|7|008|149|20200714|00:00|0||||ND||||||||||.0154|
RD|I|40|109|1037|43860|6|7|008|149|20200720|00:00|0||||ND||||||||||.0154|
RD|I|40|109|1037|43860|6|7|008|149|20200726|00:00|0||||ND||||||||||.0154|
RD|I|40|109|1037|43860|6|7|008|149|20200801|00:00|0||||ND||||||||||.0154|
RD|I|40|109|1037|43860|6|7|008|149|20200807|00:00|0||||ND||||||||||.0154|
RD|I|40|109|1037|43860|6|7|008|149|20200813|00:00|0||||ND||||||||||.0154|
RD|I|40|109|1037|43860|6|7|008|149|20200819|00:00|0||||ND||||||||||.0154|
RD|I|40|109|1037|43860|6|7|008|149|20200825|00:00|0||||ND||||||||||.0154|
RD|I|40|109|1037|43860|6|7|008|149|20200831|00:00|0||||ND||||||||||.0154|
RD|I|40|109|1037|43860|6|7|008|149|20200906|00:00|0||||ND||||||||||.0154|
RD|I|40|109|1037|43860|6|7|008|149|20200912|00:00|0||||ND||||||||||.0154|
RD|I|40|109|1037|43860|6|7|008|149|20200918|00:00|0||||ND||||||||||.0154|
RD|I|40|109|1037|43860|6|7|008|149|20200924|00:00|0||||ND||||||||||.0154|
RD|I|40|109|1037|43860|6|7|008|149|20200930|00:00|0||||ND||||||||||.0154|
RD|I|40|109|1037|43860|6|7|008|149|20201006|00:00|0||||ND||||||||||.0154|
RD|I|40|109|1037|43860|6|7|008|149|20201012|00:00|0||||ND||||||||||.0154|
RD|I|40|109|1037|43860|6|7|008|149|20201018|00:00|0||||ND||||||||||.0154|
RD|I|40|109|1037|43860|6|7|008|149|20201024|00:00|0||||ND||||||||||.0154|
RD|I|40|109|1037|43860|6|7|008|149|20201030|00:00|0||||ND||||||||||.0154|
RD|I|40|109|1037|43860|6|7|008|149|20201105|00:00|0||||ND||||||||||.0154|
RD|I|40|109|1037|43860|6|7|008|149|20201111|00:00|0||||ND||||||||||.0154|
RD|I|40|109|1037|43860|6|7|008|149|20201117|00:00|0||||ND||||||||||.0154|
RD|I|40|109|1037|43860|6|7|008|149|20201123|00:00|0||||Y|ND|||||||||.0154|
RD|I|40|109|1037|43860|6|7|008|149|20201129|00:00|0||||Y||||||||||.0154|
RD|I|40|109|1037|43860|6|7|008|149|20201205|00:00|0||||3|ND|||||||||.0154|
RD|I|40|109|1037|43860|6|7|008|149|20201211|00:00|0||||ND||||||||||.0154|
RD|I|40|109|1037|43860|6|7|008|149|20201217|00:00|0||||ND||||||||||.0154|
RD|I|40|109|1037|43860|6|7|008|149|20201223|00:00|0||||ND||||||||||.0154|
RD|I|40|109|1037|43860|6|7|008|149|20201229|00:00|0||||ND||||||||||.0154|
RD|I|40|109|1037|45201|6|7|008|149|20200104|00:00|0.206||||||||||||||.0099|
RD|I|40|109|1037|45201|6|7|008|149|20200110|00:00|0.156||||||||||||||.0099|
RD|I|40|109|1037|45201|6|7|008|149|20200116|00:00|0.157||||||||||||||.0099|
RD|I|40|109|1037|45201|6|7|008|149|20200122|00:00|0.210||||||||||||||.0099|
RD|I|40|109|1037|45201|6|7|008|149|20200128|00:00|0.149||||||||||||||.0099|
RD|I|40|109|1037|45201|6|7|008|149|20200203|00:00|0.153||||||||||||||.0099|
RD|I|40|109|1037|45201|6|7|008|149|20200209|00:00|0.169||||||||||||||.0099|
RD|I|40|109|1037|45201|6|7|008|149|20200215|00:00||AA||||||||||||||
RD|I|40|109|1037|45201|6|7|008|149|20200221|00:00|0.205||||||||||||||.0099|
RD|I|40|109|1037|45201|6|7|008|149|20200227|00:00|0.224||||||||||||||.0099|
RD|I|40|109|1037|45201|6|7|008|149|20200304|00:00|0.195||||||||||||||.0102|
RD|I|40|109|1037|45201|6|7|008|149|20200310|00:00|0.151||||||||||||||.0102|
RD|I|40|109|1037|45201|6|7|008|149|20200316|00:00|0.180||||||||||||||.0102|
RD|I|40|109|1037|45201|6|7|008|149|20200322|00:00|0.165||||||||||||||.0102|
RD|I|40|109|1037|45201|6|7|008|149|20200328|00:00|0.0949||||||||||||||.0102|
RD|I|40|109|1037|45201|6|7|008|149|20200403|00:00|0.112||||||||||||||.0102|
RD|I|40|109|1037|45201|6|7|008|149|20200409|00:00|0.133||||||||||||||.0102|
RD|I|40|109|1037|45201|6|7|008|149|20200415|00:00|0.126||||||||||||||.0102|
RD|I|40|109|1037|45201|6|7|008|149|20200421|00:00|0.200||||||||||||||.0102|
RD|I|40|109|1037|45201|6|7|008|149|20200427|00:00|0.112||||||||||||||.0102|
RD|I|40|109|1037|45201|6|7|008|149|20200503|00:00||AM||||||||||||||
RD|I|40|109|1037|45201|6|7|008|149|20200507|00:00|0.114||||||||||||||.0102|
RD|I|40|109|1037|45201|6|7|008|149|20200509|00:00|0.0979||||||||||||||.0102|
RD|I|40|109|1037|45201|6|7|008|149|20200515|00:00|0.0762||||||||||||||.0102|
RD|I|40|109|1037|45201|6|7|008|149|20200521|00:00|0.120||||||||||||||.0102|
RD|I|40|109|1037|45201|6|7|008|149|20200527|00:00|0.106||||||||||||||.0102|
RD|I|40|109|1037|45201|6|7|008|149|20200602|00:00|0.103||||||||||||||.0102|
RD|I|40|109|1037|45201|6|7|008|149|20200608|00:00|0.111||||||||||||||.0102|
RD|I|40|109|1037|45201|6|7|008|149|20200614|00:00|0.0736||||||||||||||.0102|
RD|I|40|109|1037|45201|6|7|008|149|20200620|00:00|0.0890||||||||||||||.0102|
RD|I|40|109|1037|45201|6|7|008|149|20200626|00:00|0.0965||||||||||||||.0102|
RD|I|40|109|1037|45201|6|7|008|149|20200702|00:00|0.0946||||||||||||||.0102|
RD|I|40|109|1037|45201|6|7|008|149|20200708|00:00|0.136||||QX||||||||||.0102|
RD|I|40|109|1037|45201|6|7|008|149|20200714|00:00|0.106||||||||||||||.0102|
RD|I|40|109|1037|45201|6|7|008|149|20200720|00:00|0.0971||||||||||||||.0102|
RD|I|40|109|1037|45201|6|7|008|149|20200726|00:00|0.0692||||||||||||||.0102|
RD|I|40|109|1037|45201|6|7|008|149|20200801|00:00|0.168||||||||||||||.0102|
RD|I|40|109|1037|45201|6|7|008|149|20200807|00:00|0.119||||||||||||||.0102|
RD|I|40|109|1037|45201|6|7|008|149|20200813|00:00|0.0711||||||||||||||.0102|
RD|I|40|109|1037|45201|6|7|008|149|20200819|00:00|0.0854||||||||||||||.0102|
RD|I|40|109|1037|45201|6|7|008|149|20200825|00:00|0.156||||||||||||||.0102|
RD|I|40|109|1037|45201|6|7|008|149|20200831|00:00|0.0550||||||||||||||.0102|
RD|I|40|109|1037|45201|6|7|008|149|20200906|00:00|0.0562||||||||||||||.0102|
RD|I|40|109|1037|45201|6|7|008|149|20200912|00:00|0.362||||QX||||||||||.0102|
RD|I|40|109|1037|45201|6|7|008|149|20200918|00:00|0.153||||||||||||||.0102|
RD|I|40|109|1037|45201|6|7|008|149|20200924|00:00|0.0977||||||||||||||.0102|
RD|I|40|109|1037|45201|6|7|008|149|20200930|00:00|0.126||||||||||||||.0102|
RD|I|40|109|1037|45201|6|7|008|149|20201006|00:00|0.214||||||||||||||.0102|
RD|I|40|109|1037|45201|6|7|008|149|20201012|00:00|0.161||||||||||||||.0102|
RD|I|40|109|1037|45201|6|7|008|149|20201018|00:00|0.130||||||||||||||.0102|
RD|I|40|109|1037|45201|6|7|008|149|20201024|00:00|0.0989||||||||||||||.0102|
RD|I|40|109|1037|45201|6|7|008|149|20201030|00:00|0.658||||||||||||||.0102|
RD|I|40|109|1037|45201|6|7|008|149|20201105|00:00|0.262||||||||||||||.0102|
RD|I|40|109|1037|45201|6|7|008|149|20201111|00:00|0.146||||||||||||||.0102|
RD|I|40|109|1037|45201|6|7|008|149|20201117|00:00|0.353||||||||||||||.0102|
RD|I|40|109|1037|45201|6|7|008|149|20201123|00:00|0.174||||Y||||||||||.0102|
RD|I|40|109|1037|45201|6|7|008|149|20201129|00:00|0.138||||Y||||||||||.0102|
RD|I|40|109|1037|45201|6|7|008|149|20201205|00:00|0.214||||3||||||||||.0102|
RD|I|40|109|1037|45201|6|7|008|149|20201211|00:00|0.169||||||||||||||.0102|
RD|I|40|109|1037|45201|6|7|008|149|20201217|00:00|0.268||||||||||||||.0102|
RD|I|40|109|1037|45201|6|7|008|149|20201223|00:00|0.123||||||||||||||.0102|
RD|I|40|109|1037|45201|6|7|008|149|20201229|00:00|0.135||||||||||||||.0102|
RD|I|40|109|1037|45202|6|7|008|149|20200104|00:00|0.277||||||||||||||.0182|
RD|I|40|109|1037|45202|6|7|008|149|20200110|00:00|0.772||||||||||||||.0182|
RD|I|40|109|1037|45202|6|7|008|149|20200116|00:00|0.110||||||||||||||.0182|
RD|I|40|109|1037|45202|6|7|008|149|20200122|00:00|0.149||||||||||||||.0182|
RD|I|40|109|1037|45202|6|7|008|149|20200128|00:00|0.133||||||||||||||.0182|
RD|I|40|109|1037|45202|6|7|008|149|20200203|00:00|0.153||||||||||||||.0182|
RD|I|40|109|1037|45202|6|7|008|149|20200209|00:00|0.116||||||||||||||.0182|
RD|I|40|109|1037|45202|6|7|008|149|20200215|00:00||AA||||||||||||||
RD|I|40|109|1037|45202|6|7|008|149|20200221|00:00|0.283||||||||||||||.0182|
RD|I|40|109|1037|45202|6|7|008|149|20200227|00:00|0.311||||||||||||||.0182|
RD|I|40|109|1037|45202|6|7|008|149|20200304|00:00|0.419||||||||||||||.0186|
RD|I|40|109|1037|45202|6|7|008|149|20200310|00:00|0.198||||||||||||||.0186|
RD|I|40|109|1037|45202|6|7|008|149|20200316|00:00|0.962||||||||||||||.0186|
RD|I|40|109|1037|45202|6|7|008|149|20200322|00:00|0.122||||||||||||||.0186|
RD|I|40|109|1037|45202|6|7|008|149|20200328|00:00|0.0655||||||||||||||.0186|
RD|I|40|109|1037|45202|6|7|008|149|20200403|00:00|0.0488||||SQ||||||||||.0186|
RD|I|40|109|1037|45202|6|7|008|149|20200409|00:00|0.0707||||||||||||||.0186|
RD|I|40|109|1037|45202|6|7|008|149|20200415|00:00|0.163||||||||||||||.0186|
RD|I|40|109|1037|45202|6|7|008|149|20200421|00:00|0.582||||||||||||||.0186|
RD|I|40|109|1037|45202|6|7|008|149|20200427|00:00|0.125||||||||||||||.0186|
RD|I|40|109|1037|45202|6|7|008|149|20200503|00:00||AM||||||||||||||
RD|I|40|109|1037|45202|6|7|008|149|20200507|00:00|0.182||||||||||||||.0186|
RD|I|40|109|1037|45202|6|7|008|149|20200509|00:00|0.184||||||||||||||.0186|
RD|I|40|109|1037|45202|6|7|008|149|20200515|00:00|0.186||||||||||||||.0186|
RD|I|40|109|1037|45202|6|7|008|149|20200521|00:00|0.733||||||||||||||.0186|
RD|I|40|109|1037|45202|6|7|008|149|20200527|00:00|0.343||||||||||||||.0186|
RD|I|40|109|1037|45202|6|7|008|149|20200602|00:00|0.229||||||||||||||.0186|
RD|I|40|109|1037|45202|6|7|008|149|20200608|00:00|0.416||||||||||||||.0186|
RD|I|40|109|1037|45202|6|7|008|149|20200614|00:00|0.173||||||||||||||.0186|
RD|I|40|109|1037|45202|6|7|008|149|20200620|00:00|0.205||||||||||||||.0186|
RD|I|40|109|1037|45202|6|7|008|149|20200626|00:00|0.190||||||||||||||.0186|
RD|I|40|109|1037|45202|6|7|008|149|20200702|00:00|0.237||||||||||||||.0186|
RD|I|40|109|1037|45202|6|7|008|149|20200708|00:00|0.281||||||||||||||.0186|
RD|I|40|109|1037|45202|6|7|008|149|20200714|00:00|0.282||||||||||||||.0186|
RD|I|40|109|1037|45202|6|7|008|149|20200720|00:00|0.245||||||||||||||.0186|
RD|I|40|109|1037|45202|6|7|008|149|20200726|00:00|0.194||||||||||||||.0186|
RD|I|40|109|1037|45202|6|7|008|149|20200801|00:00|0.402||||||||||||||.0186|
RD|I|40|109|1037|45202|6|7|008|149|20200807|00:00|0.182||||||||||||||.0186|
RD|I|40|109|1037|45202|6|7|008|149|20200813|00:00|0.160||||||||||||||.0186|
RD|I|40|109|1037|45202|6|7|008|149|20200819|00:00|0.310||||||||||||||.0186|
RD|I|40|109|1037|45202|6|7|008|149|20200825|00:00|2.54||||||||||||||.0186|
RD|I|40|109|1037|45202|6|7|008|149|20200831|00:00|0.372||||||||||||||.0186|
RD|I|40|109|1037|45202|6|7|008|149|20200906|00:00|0.181||||||||||||||.0186|
RD|I|40|109|1037|45202|6|7|008|149|20200912|00:00|0.608||||||||||||||.0186|
RD|I|40|109|1037|45202|6|7|008|149|20200918|00:00|0.771||||||||||||||.0186|
RD|I|40|109|1037|45202|6|7|008|149|20200924|00:00|0.488||||||||||||||.0186|
RD|I|40|109|1037|45202|6|7|008|149|20200930|00:00|0.284||||||||||||||.0186|
RD|I|40|109|1037|45202|6|7|008|149|20201006|00:00|0.513||||||||||||||.0186|
RD|I|40|109|1037|45202|6|7|008|149|20201012|00:00|0.316||||||||||||||.0186|
RD|I|40|109|1037|45202|6|7|008|149|20201018|00:00|0.327||||||||||||||.0186|
RD|I|40|109|1037|45202|6|7|008|149|20201024|00:00|0.127||||||||||||||.0186|
RD|I|40|109|1037|45202|6|7|008|149|20201030|00:00|1.79||||||||||||||.0186|
RD|I|40|109|1037|45202|6|7|008|149|20201105|00:00|0.476||||||||||||||.0186|
RD|I|40|109|1037|45202|6|7|008|149|20201111|00:00|0.200||||||||||||||.0186|
RD|I|40|109|1037|45202|6|7|008|149|20201117|00:00|1.82||||||||||||||.0186|
RD|I|40|109|1037|45202|6|7|008|149|20201123|00:00|0.324||||Y||||||||||.0186|
RD|I|40|109|1037|45202|6|7|008|149|20201129|00:00|0.116||||Y||||||||||.0186|
RD|I|40|109|1037|45202|6|7|008|149|20201205|00:00|0.498||||3||||||||||.0186|
RD|I|40|109|1037|45202|6|7|008|149|20201211|00:00|0.358||||||||||||||.0186|
RD|I|40|109|1037|45202|6|7|008|149|20201217|00:00|0.722||||||||||||||.0186|
RD|I|40|109|1037|45202|6|7|008|149|20201223|00:00|0.132||||||||||||||.0186|
RD|I|40|109|1037|45202|6|7|008|149|20201229|00:00|0.156||||||||||||||.0186|
RD|I|40|109|1037|45203|6|7|008|149|20200104|00:00|0.0184||||SQ||||||||||.0178|
RD|I|40|109|1037|45203|6|7|008|149|20200110|00:00|0.0980||||||||||||||.0178|
RD|I|40|109|1037|45203|6|7|008|149|20200116|00:00|0.0105||||MD||||||||||.0178|
RD|I|40|109|1037|45203|6|7|008|149|20200122|00:00|0.0173||||MD||||||||||.0178|
RD|I|40|109|1037|45203|6|7|008|149|20200128|00:00|0.0116||||MD||||||||||.0178|
RD|I|40|109|1037|45203|6|7|008|149|20200203|00:00|0.0111||||MD||||||||||.0178|
RD|I|40|109|1037|45203|6|7|008|149|20200209|00:00|0.0103||||MD||||||||||.0178|
RD|I|40|109|1037|45203|6|7|008|149|20200215|00:00||AA||||||||||||||
RD|I|40|109|1037|45203|6|7|008|149|20200221|00:00|0.0204||||SQ||||||||||.0178|
RD|I|40|109|1037|45203|6|7|008|149|20200227|00:00|0.0220||||SQ||||||||||.0178|
RD|I|40|109|1037|45203|6|7|008|149|20200304|00:00|0.0243||||SQ||||||||||.0093|
RD|I|40|109|1037|45203|6|7|008|149|20200310|00:00|0.0157||||SQ||||||||||.0093|
RD|I|40|109|1037|45203|6|7|008|149|20200316|00:00|0.0183||||SQ||||||||||.0093|
RD|I|40|109|1037|45203|6|7|008|149|20200322|00:00|0.0106||||SQ||||||||||.0093|
RD|I|40|109|1037|45203|6|7|008|149|20200328|00:00|0.00360||||MD||||||||||.0093|
RD|I|40|109|1037|45203|6|7|008|149|20200403|00:00|0.00230||||MD||||||||||.0093|
RD|I|40|109|1037|45203|6|7|008|149|20200409|00:00|0.00380||||MD||||||||||.0093|
RD|I|40|109|1037|45203|6|7|008|149|20200415|00:00|0.00810||||MD||||||||||.0093|
RD|I|40|109|1037|45203|6|7|008|149|20200421|00:00|0.0470||||||||||||||.0093|
RD|I|40|109|1037|45203|6|7|008|149|20200427|00:00|0.0121||||SQ||||||||||.0093|
RD|I|40|109|1037|45203|6|7|008|149|20200503|00:00||AM||||||||||||||
RD|I|40|109|1037|45203|6|7|008|149|20200507|00:00|0.0136||||SQ||||||||||.0093|
RD|I|40|109|1037|45203|6|7|008|149|20200509|00:00|0.0131||||SQ||||||||||.0093|
RD|I|40|109|1037|45203|6|7|008|149|20200515|00:00|0.0150||||SQ||||||||||.0093|
RD|I|40|109|1037|45203|6|7|008|149|20200521|00:00|0.0319||||||||||||||.0093|
RD|I|40|109|1037|45203|6|7|008|149|20200527|00:00|0.0230||||SQ||||||||||.0093|
RD|I|40|109|1037|45203|6|7|008|149|20200602|00:00|0.0204||||SQ||||||||||.0093|
RD|I|40|109|1037|45203|6|7|008|149|20200608|00:00|0.0401||||||||||||||.0093|
RD|I|40|109|1037|45203|6|7|008|149|20200614|00:00|0.0154||||SQ||||||||||.0093|
RD|I|40|109|1037|45203|6|7|008|149|20200620|00:00|0.0175||||SQ||||||||||.0093|
RD|I|40|109|1037|45203|6|7|008|149|20200626|00:00|0.0182||||SQ||||||||||.0093|
RD|I|40|109|1037|45203|6|7|008|149|20200702|00:00|0.0213||||SQ||||||||||.0093|
RD|I|40|109|1037|45203|6|7|008|149|20200708|00:00|0.0310||||||||||||||.0093|
RD|I|40|109|1037|45203|6|7|008|149|20200714|00:00|0.0309||||||||||||||.0093|
RD|I|40|109|1037|45203|6|7|008|149|20200720|00:00|0.0256||||SQ||||||||||.0093|
RD|I|40|109|1037|45203|6|7|008|149|20200726|00:00|0.0195||||SQ||||||||||.0093|
RD|I|40|109|1037|45203|6|7|008|149|20200801|00:00|0.0358||||||||||||||.0093|
RD|I|40|109|1037|45203|6|7|008|149|20200807|00:00|0.0173||||SQ||||||||||.0093|
RD|I|40|109|1037|45203|6|7|008|149|20200813|00:00|0.0132||||SQ||||||||||.0093|
RD|I|40|109|1037|45203|6|7|008|149|20200819|00:00|0.0224||||SQ||||||||||.0093|
RD|I|40|109|1037|45203|6|7|008|149|20200825|00:00|0.0963||||||||||||||.0093|
RD|I|40|109|1037|45203|6|7|008|149|20200831|00:00|0.0408||||||||||||||.0093|
RD|I|40|109|1037|45203|6|7|008|149|20200906|00:00|0.0165||||SQ||||||||||.0093|
RD|I|40|109|1037|45203|6|7|008|149|20200912|00:00|0.0561||||||||||||||.0093|
RD|I|40|109|1037|45203|6|7|008|149|20200918|00:00|0.0320||||||||||||||.0093|
RD|I|40|109|1037|45203|6|7|008|149|20200924|00:00|0.0378||||||||||||||.0093|
RD|I|40|109|1037|45203|6|7|008|149|20200930|00:00|0.0268||||SQ||||||||||.0093|
RD|I|40|109|1037|45203|6|7|008|149|20201006|00:00|0.0554||||||||||||||.0093|
RD|I|40|109|1037|45203|6|7|008|149|20201012|00:00|0.0310||||||||||||||.0093|
RD|I|40|109|1037|45203|6|7|008|149|20201018|00:00|0.0143||||SQ||||||||||.0093|
RD|I|40|109|1037|45203|6|7|008|149|20201024|00:00|0.00710||||MD||||||||||.0093|
RD|I|40|109|1037|45203|6|7|008|149|20201030|00:00|0.151||||||||||||||.0093|
RD|I|40|109|1037|45203|6|7|008|149|20201105|00:00|0.0419||||||||||||||.0093|
RD|I|40|109|1037|45203|6|7|008|149|20201111|00:00|0.0130||||SQ||||||||||.0093|
RD|I|40|109|1037|45203|6|7|008|149|20201117|00:00|0.0672||||||||||||||.0093|
RD|I|40|109|1037|45203|6|7|008|149|20201123|00:00|0.0361||||Y||||||||||.0093|
RD|I|40|109|1037|45203|6|7|008|149|20201129|00:00|0.0103||||Y|SQ|||||||||.0093|
RD|I|40|109|1037|45203|6|7|008|149|20201205|00:00|0.0370||||3||||||||||.0093|
RD|I|40|109|1037|45203|6|7|008|149|20201211|00:00|0.0257||||SQ||||||||||.0093|
RD|I|40|109|1037|45203|6|7|008|149|20201217|00:00|0.0646||||||||||||||.0093|
RD|I|40|109|1037|45203|6|7|008|149|20201223|00:00|0.00820||||MD||||||||||.0093|
RD|I|40|109|1037|45203|6|7|008|149|20201229|00:00|0.0123||||SQ||||||||||.0093|
RD|I|40|109|1037|88103|5|7|105|811|20200104|00:00|-0.00004||||MD||||||||||.00124|.00075
RD|I|40|109|1037|88103|5|7|105|811|20200110|00:00|-0.00002||||MD||||||||||.00124|.00075
RD|I|40|109|1037|88103|5|7|105|811|20200116|00:00|0.00007||||MD||||||||||.00124|.00075
RD|I|40|109|1037|88103|5|7|105|811|20200123|00:00|0.00006||||2|MD|||||||||.00124|.00075
RD|I|40|109|1037|88103|5|7|105|811|20200128|00:00|-0.00002||||MD|TT|||||||||.00124|.00075
RD|I|40|109|1037|88103|5|7|105|811|20200203|00:00|-0.00001||||MD||||||||||.00124|.00075
RD|I|40|109|1037|88103|5|7|105|811|20200209|00:00|-0.00006||||5|MD|TT||||||||.00124|.00075
RD|I|40|109|1037|88103|5|7|105|811|20200215|00:00|-0.00015||||MD||||||||||.00124|.00075
RD|I|40|109|1037|88103|5|7|105|811|20200221|00:00|-0.00015||||MD||||||||||.00124|.00075
RD|I|40|109|1037|88103|5|7|105|811|20200227|00:00|0.00000||||MD|TT|||||||||.00124|.00075
RD|I|40|109|1037|88103|5|7|105|811|20200304|00:00|0.00002||||MD||||||||||.00124|.00075
RD|I|40|109|1037|88103|5|7|105|811|20200313|00:00|0.00010||||2|MD|||||||||.00124|.00075
RD|I|40|109|1037|88103|5|7|105|811|20200317|00:00|0.00009||||2|5|MD|TT|||||||.00124|.00075
RD|I|40|109|1037|88103|5|7|105|811|20200322|00:00|0.00004||||MD||||||||||.00124|.00075
RD|I|40|109|1037|88103|5|7|105|811|20200328|00:00||BJ||||||||||||||
RD|I|40|109|1037|88103|5|7|105|811|20200403|00:00|-0.00010||||3|4|MD||||||||.00124|.00075
RD|I|40|109|1037|88103|5|7|105|811|20200409|00:00|-0.00007||||4|MD|||||||||.00124|.00075
RD|I|40|109|1037|88103|5|7|105|811|20200415|00:00|-0.00004||||4|MD|||||||||.00124|.00075
RD|I|40|109|1037|88103|5|7|105|811|20200421|00:00|0.00000||||4|MD|||||||||.00124|.00075
RD|I|40|109|1037|88103|5|7|105|811|20200427|00:00|-0.00012||||4|MD|||||||||.00124|.00075
RD|I|40|109|1037|88103|5|7|105|811|20200503|00:00|0.00004||||MD|TT|||||||||.00124|.00075
RD|I|40|109|1037|88103|5|7|105|811|20200509|00:00|-0.00005||||MD|TT|||||||||.00124|.00075
RD|I|40|109|1037|88103|5|7|105|811|20200515|00:00|-0.00006||||MD|TT|||||||||.00124|.00075
RD|I|40|109|1037|88103|5|7|105|811|20200521|00:00|-0.00002||||MD|TT|||||||||.00124|.00075
RD|I|40|109|1037|88103|5|7|105|811|20200527|00:00|0.00000||||MD|TT|||||||||.00124|.00075
RD|I|40|109|1037|88103|5|7|105|811|20200602|00:00|0.00000||||MD|TT|||||||||.00124|.00075
RD|I|40|109|1037|88103|5|7|105|811|20200608|00:00|0.00006||||MD||||||||||.00124|.00075
RD|I|40|109|1037|88103|5|7|105|811|20200614|00:00|-0.00002||||MD|TT|||||||||.00124|.00075
RD|I|40|109|1037|88103|5|7|105|811|20200620|00:00|0.00006||||3|MD|TT||||||||.00124|.00075
RD|I|40|109|1037|88103|5|7|105|811|20200626|00:00|0.00002||||MD|TT|||||||||.00124|.00075
RD|I|40|109|1037|88103|5|7|105|811|20200702|00:00|0.00000||||MD|TT|||||||||.00124|.00075
RD|I|40|109|1037|88103|5|7|105|811|20200708|00:00|-0.00010||||MD||||||||||.00124|.00075
RD|I|40|109|1037|88103|5|7|105|811|20200714|00:00|-0.00007||||MD|TT|||||||||.00124|.00075
RD|I|40|109|1037|88103|5|7|105|811|20200720|00:00||AF||||||||||||||
RD|I|40|109|1037|88103|5|7|105|811|20200722|00:00|-0.00005||||2|MD|||||||||.00124|.00075
RD|I|40|109|1037|88103|5|7|105|811|20200726|00:00|0.00000||||MD|TT|||||||||.00124|.00075
RD|I|40|109|1037|88103|5|7|105|811|20200801|00:00|-0.00005||||MD|TT|||||||||.00124|.00075
RD|I|40|109|1037|88103|5|7|105|811|20200807|00:00|0.00004||||MD|TT|||||||||.00124|.00075
RD|I|40|109|1037|88103|5|7|105|811|20200813|00:00|0.00004||||MD|TT|||||||||.00124|.00075
RD|I|40|109|1037|88103|5|7|105|811|20200819|00:00|-0.00007||||MD|TT|||||||||.00124|.00075
RD|I|40|109|1037|88103|5|7|105|811|20200825|00:00|-0.00005||||MD|TT|||||||||.00124|.00075
RD|I|40|109|1037|88103|5|7|105|811|20200831|00:00|0.00004||||MD|TT|||||||||.00124|.00075
RD|I|40|109|1037|88103|5|7|105|811|20200906|00:00|0.00006||||MD||||||||||.00124|.00075
RD|I|40|109|1037|88103|5|7|105|811|20200912|00:00|0.00017||||MD||||||||||.00124|.00075
RD|I|40|109|1037|88103|5|7|105|811|20200918|00:00|0.00016||||MD||||||||||.00123|.00075
RD|I|40|109|1037|88103|5|7|105|811|20200924|00:00|-0.00001||||MD|TT|||||||||.00124|.00075
RD|I|40|109|1037|88103|5|7|105|811|20200930|00:00|-0.00007||||MD||||||||||.00124|.00075
RD|I|40|109|1037|88103|5|7|105|811|20201006|00:00|0.00026||||MD||||||||||.00124|.00075
RD|I|40|109|1037|88103|5|7|105|811|20201012|00:00|-0.00001||||5|MD|||||||||.00124|.00075
RD|I|40|109|1037|88103|5|7|105|811|20201018|00:00|-0.00004||||MD||||||||||.00124|.00075
RD|I|40|109|1037|88103|5|7|105|811|20201024|00:00|0.00033||||FX|MD|||||||||.00124|.00076
RD|I|40|109|1037|88103|5|7|105|811|20201030|00:00|-0.00004||||MD|TT|||||||||.00124|.00075
RD|I|40|109|1037|88103|5|7|105|811|20201105|00:00|-0.00001||||MD||||||||||.00124|.00075
RD|I|40|109|1037|88103|5|7|105|811|20201111|00:00|-0.00002||||MD||||||||||.00124|.00075
RD|I|40|109|1037|88103|5|7|105|811|20201117|00:00|-0.00005||||MD||||||||||.00124|.00075
RD|I|40|109|1037|88103|5|7|105|811|20201123|00:00|-0.00002||||MD|TT|||||||||.00124|.00075
RD|I|40|109|1037|88103|5|7|105|811|20201129|00:00|-0.00002||||MD|TT|||||||||.00124|.00075
RD|I|40|109|1037|88103|5|7|105|811|20201205|00:00|-0.00002||||MD||||||||||.00124|.00075
RD|I|40|109|1037|88103|5|7|105|811|20201211|00:00|0.00000||||MD|TT|||||||||.00124|.00075
RD|I|40|109|1037|88103|5|7|105|811|20201217|00:00||BJ||||||||||||||
RD|I|40|109|1037|88103|5|7|105|811|20201223|00:00||BJ||||||||||||||
RD|I|40|109|1037|88103|5|7|105|811|20201229|00:00|-0.00001||||MD||||||||||.00124|.00075
RD|I|40|109|1037|88110|5|7|105|811|20200104|00:00|0.00271||||MD||||||||||.01779|.01084
RD|I|40|109|1037|88110|5|7|105|811|20200110|00:00|0.00818||||MD||||||||||.01779|.01101
RD|I|40|109|1037|88110|5|7|105|811|20200116|00:00|-0.00686||||MD||||||||||.01774|.01092
RD|I|40|109|1037|88110|5|7|105|811|20200123|00:00|0.00888||||2|MD|||||||||.01781|.01105
RD|I|40|109|1037|88110|5|7|105|811|20200128|00:00|0.01425||||MD|TT|||||||||.01778|.01138
RD|I|40|109|1037|88110|5|7|105|811|20200203|00:00|-0.00655||||MD||||||||||.01333|.00827
RD|I|40|109|1037|88110|5|7|105|811|20200209|00:00|0.00119||||5|MD|TT||||||||.01333|.00811
RD|I|40|109|1037|88110|5|7|105|811|20200215|00:00|0.00258||||MD||||||||||.01332|.00812
RD|I|40|109|1037|88110|5|7|105|811|20200221|00:00|-0.01031||||MD||||||||||.01334|.00851
RD|I|40|109|1037|88110|5|7|105|811|20200227|00:00|0.00166||||MD|TT|||||||||.01332|.00811
RD|I|40|109|1037|88110|5|7|105|811|20200304|00:00|-0.00082||||MD||||||||||.01229|.00747
RD|I|40|109|1037|88110|5|7|105|811|20200313|00:00|-0.00027||||2|MD|||||||||.01229|.00747
RD|I|40|109|1037|88110|5|7|105|811|20200317|00:00|0.00855||||2|5|MD|TT|||||||.01229|.00778
RD|I|40|109|1037|88110|5|7|105|811|20200322|00:00|-0.01596||||MD||||||||||.01228|.00845
RD|I|40|109|1037|88110|5|7|105|811|20200328|00:00||BJ||||||||||||||
RD|I|40|109|1037|88110|5|7|105|811|20200403|00:00|0.00908||||3|4|MD||||||||.01227|.0078
RD|I|40|109|1037|88110|5|7|105|811|20200409|00:00|0.00484||||4|MD|||||||||.01227|.00756
RD|I|40|109|1037|88110|5|7|105|811|20200415|00:00|-0.01170||||4|MD|||||||||.01229|.00802
RD|I|40|109|1037|88110|5|7|105|811|20200421|00:00|0.01093||||4|MD|||||||||.01229|.00795
RD|I|40|109|1037|88110|5|7|105|811|20200427|00:00|0.00528||||4|MD|||||||||.01227|.00758
RD|I|40|109|1037|88110|5|7|105|811|20200503|00:00|0.01963||||TT||||||||||.01227|.00893
RD|I|40|109|1037|88110|5|7|105|811|20200509|00:00|0.01823||||TT||||||||||.01228|.00875
RD|I|40|109|1037|88110|5|7|105|811|20200515|00:00|-0.00259||||MD|TT|||||||||.01229|.0075
RD|I|40|109|1037|88110|5|7|105|811|20200521|00:00|0.00871||||MD|TT|||||||||.0123|.00779
RD|I|40|109|1037|88110|5|7|105|811|20200527|00:00|-0.00554||||MD|TT|||||||||.01228|.00759
RD|I|40|109|1037|88110|5|7|105|811|20200602|00:00|-0.01546||||MD|TT|||||||||.01398|.00934
RD|I|40|109|1037|88110|5|7|105|811|20200608|00:00|-0.01528||||MD||||||||||.01398|.00932
RD|I|40|109|1037|88110|5|7|105|811|20200614|00:00|-0.00571||||MD|TT|||||||||.01396|.00861
RD|I|40|109|1037|88110|5|7|105|811|20200620|00:00|-0.00801||||3|MD|TT||||||||.01397|.00873
RD|I|40|109|1037|88110|5|7|105|811|20200626|00:00|-0.00408||||MD|TT|||||||||.01397|.00856
RD|I|40|109|1037|88110|5|7|105|811|20200702|00:00|0.00168||||MD|TT|||||||||.01227|.00747
RD|I|40|109|1037|88110|5|7|105|811|20200708|00:00|0.00209||||MD||||||||||.01227|.00748
RD|I|40|109|1037|88110|5|7|105|811|20200714|00:00|0.02155||||TT||||||||||.01229|.00921
RD|I|40|109|1037|88110|5|7|105|811|20200720|00:00||AF||||||||||||||
RD|I|40|109|1037|88110|5|7|105|811|20200722|00:00|-0.00109||||2|MD|||||||||.01227|.00746
RD|I|40|109|1037|88110|5|7|105|811|20200726|00:00|0.00560||||MD|TT|||||||||.01228|.00759
RD|I|40|109|1037|88110|5|7|105|811|20200801|00:00|-0.00727||||MD|TT|||||||||.01349|.0084
RD|I|40|109|1037|88110|5|7|105|811|20200807|00:00|-0.01089||||MD|TT|||||||||.0135|.00865
RD|I|40|109|1037|88110|5|7|105|811|20200813|00:00|-0.00064||||MD|TT|||||||||.01348|.0082
RD|I|40|109|1037|88110|5|7|105|811|20200819|00:00|-0.00493||||MD|TT|||||||||.01348|.00829
RD|I|40|109|1037|88110|5|7|105|811|20200825|00:00|0.01187||||MD|TT|||||||||.01348|.00872
RD|I|40|109|1037|88110|5|7|105|811|20200831|00:00|-0.00103||||MD|TT|||||||||.01347|.00819
RD|I|40|109|1037|88110|5|7|105|811|20200906|00:00|-0.01276||||MD||||||||||.01394|.00906
RD|I|40|109|1037|88110|5|7|105|811|20200912|00:00|0.00552||||MD||||||||||.01395|.00859
RD|I|40|109|1037|88110|5|7|105|811|20200918|00:00|0.00079||||MD||||||||||.01392|.00846
RD|I|40|109|1037|88110|5|7|105|811|20200924|00:00|0.00407||||MD|TT|||||||||.01394|.00853
RD|I|40|109|1037|88110|5|7|105|811|20200930|00:00|0.00351||||MD||||||||||.01395|.00852
RD|I|40|109|1037|88110|5|7|105|811|20201006|00:00|-0.00450||||MD||||||||||.01284|.00789
RD|I|40|109|1037|88110|5|7|105|811|20201012|00:00|-0.00601||||5|MD|||||||||.01285|.00796
RD|I|40|109|1037|88110|5|7|105|811|20201018|00:00|-0.00043||||MD||||||||||.01285|.00781
RD|I|40|109|1037|88110|5|7|105|811|20201024|00:00|0.00956||||FX|MD|||||||||.01285|.00817
RD|I|40|109|1037|88110|5|7|105|811|20201030|00:00|-0.00505||||MD|TT|||||||||.01285|.00791
RD|I|40|109|1037|88110|5|7|105|811|20201105|00:00|0.00015||||MD||||||||||.01621|.00985
RD|I|40|109|1037|88110|5|7|105|811|20201111|00:00|-0.00015||||MD||||||||||.01625|.00988
RD|I|40|109|1037|88110|5|7|105|811|20201117|00:00|-0.00925||||MD||||||||||.01623|.01013
RD|I|40|109|1037|88110|5|7|105|811|20201123|00:00|-0.00322||||MD|TT|||||||||.01625|.00991
RD|I|40|109|1037|88110|5|7|105|811|20201129|00:00|-0.00877||||MD|TT|||||||||.01622|.0101
RD|I|40|109|1037|88110|5|7|105|811|20201205|00:00|0.00116||||MD||||||||||.01616|.00983
RD|I|40|109|1037|88110|5|7|105|811|20201211|00:00|-0.00520||||MD|TT|||||||||.01616|.00991
RD|I|40|109|1037|88110|5|7|105|811|20201217|00:00||BJ||||||||||||||
RD|I|40|109|1037|88110|5|7|105|811|20201223|00:00||BJ||||||||||||||
RD|I|40|109|1037|88110|5|7|105|811|20201229|00:00|-0.00533||||MD||||||||||.01616|.00991
RD|I|40|109|1037|88112|5|7|105|811|20200104|00:00|0.00140||||MD||||||||||.00239|.0015
RD|I|40|109|1037|88112|5|7|105|811|20200110|00:00||SC||||||||||||||
RD|I|40|109|1037|88112|5|7|105|811|20200116|00:00|0.00020||||MD||||||||||.00239|.00145
RD|I|40|109|1037|88112|5|7|105|811|20200123|00:00|0.00020||||2|MD|||||||||.00239|.00146
RD|I|40|109|1037|88112|5|7|105|811|20200128|00:00|0.00092||||MD|TT|||||||||.00239|.00147
RD|I|40|109|1037|88112|5|7|105|811|20200203|00:00|0.00064||||MD||||||||||.00192|.00118
RD|I|40|109|1037|88112|5|7|105|811|20200209|00:00|0.00362||||5|TT|||||||||.00192|.00148
RD|I|40|109|1037|88112|5|7|105|811|20200215|00:00|0.00181||||MD||||||||||.00192|.00125
RD|I|40|109|1037|88112|5|7|105|811|20200221|00:00|0.00125||||MD||||||||||.00192|.00121
RD|I|40|109|1037|88112|5|7|105|811|20200227|00:00|0.00064||||MD|TT|||||||||.00192|.00118
RD|I|40|109|1037|88112|5|7|105|811|20200304|00:00|0.00009||||MD||||||||||.00202|.00123
RD|I|40|109|1037|88112|5|7|105|811|20200313|00:00|-0.00026||||2|MD|||||||||.00202|.00123
RD|I|40|109|1037|88112|5|7|105|811|20200317|00:00|-0.00180||||2|5|MD|TT|||||||.00202|.00131
RD|I|40|109|1037|88112|5|7|105|811|20200322|00:00|-0.00181||||MD||||||||||.00202|.00131
RD|I|40|109|1037|88112|5|7|105|811|20200328|00:00||BJ||||||||||||||
RD|I|40|109|1037|88112|5|7|105|811|20200403|00:00|0.00208||||3|4|MD||||||||.00224|.00146
RD|I|40|109|1037|88112|5|7|105|811|20200409|00:00|0.00142||||4|MD|||||||||.00224|.00141
RD|I|40|109|1037|88112|5|7|105|811|20200415|00:00|0.00224||||4||||||||||.00224|.00147
RD|I|40|109|1037|88112|5|7|105|811|20200421|00:00|0.00267||||4||||||||||.00224|.00152
RD|I|40|109|1037|88112|5|7|105|811|20200427|00:00|-0.00076||||4|MD|||||||||.00224|.00137
RD|I|40|109|1037|88112|5|7|105|811|20200503|00:00|-0.00074||||MD|TT|||||||||.00218|.00134
RD|I|40|109|1037|88112|5|7|105|811|20200509|00:00|0.00173||||MD|TT|||||||||.00218|.0014
RD|I|40|109|1037|88112|5|7|105|811|20200515|00:00|0.00296||||TT||||||||||.00219|.00152
RD|I|40|109|1037|88112|5|7|105|811|20200521|00:00|0.00159||||MD|TT|||||||||.00219|.00139
RD|I|40|109|1037|88112|5|7|105|811|20200527|00:00|0.00171||||MD|TT|||||||||.00218|.00139
RD|I|40|109|1037|88112|5|7|105|811|20200602|00:00|0.00002||||MD|TT|||||||||.00226|.00137
RD|I|40|109|1037|88112|5|7|105|811|20200608|00:00|-0.00020||||MD||||||||||.00226|.00137
RD|I|40|109|1037|88112|5|7|105|811|20200614|00:00|0.00186||||MD|TT|||||||||.00225|.00145
RD|I|40|109|1037|88112|5|7|105|811|20200620|00:00|-0.00031||||3|MD|TT||||||||.00226|.00137
RD|I|40|109|1037|88112|5|7|105|811|20200626|00:00|-0.00018||||MD|TT|||||||||.00226|.00137
RD|I|40|109|1037|88112|5|7|105|811|20200702|00:00|0.00072||||MD|TT|||||||||.00224|.00137
RD|I|40|109|1037|88112|5|7|105|811|20200708|00:00|0.00254||||||||||||||.00224|.0015
RD|I|40|109|1037|88112|5|7|105|811|20200714|00:00|0.00105||||MD|TT|||||||||.00224|.00139
RD|I|40|109|1037|88112|5|7|105|811|20200720|00:00||AF||||||||||||||
RD|I|40|109|1037|88112|5|7|105|811|20200722|00:00|0.00344||||2||||||||||.00224|.00161
RD|I|40|109|1037|88112|5|7|105|811|20200726|00:00|-0.00047||||MD|TT|||||||||.00224|.00137
RD|I|40|109|1037|88112|5|7|105|811|20200801|00:00|0.00210||||MD|TT|||||||||.00235|.00152
RD|I|40|109|1037|88112|5|7|105|811|20200807|00:00|0.00212||||MD|TT|||||||||.00235|.00153
RD|I|40|109|1037|88112|5|7|105|811|20200813|00:00|0.00006||||MD|TT|||||||||.00235|.00143
RD|I|40|109|1037|88112|5|7|105|811|20200819|00:00|0.00120||||MD|TT|||||||||.00235|.00146
RD|I|40|109|1037|88112|5|7|105|811|20200825|00:00|0.00069||||MD|TT|||||||||.00235|.00144
RD|I|40|109|1037|88112|5|7|105|811|20200831|00:00|-0.00126||||MD|TT|||||||||.00235|.00146
RD|I|40|109|1037|88112|5|7|105|811|20200906|00:00|-0.00039||||MD||||||||||.00228|.00139
RD|I|40|109|1037|88112|5|7|105|811|20200912|00:00|0.00002||||MD||||||||||.00228|.00139
RD|I|40|109|1037|88112|5|7|105|811|20200918|00:00|0.00854||||||||||||||.00228|.00255
RD|I|40|109|1037|88112|5|7|105|811|20200924|00:00|-0.00094||||MD|TT|||||||||.00228|.00141
RD|I|40|109|1037|88112|5|7|105|811|20200930|00:00|0.00247||||||||||||||.00228|.00152
RD|I|40|109|1037|88112|5|7|105|811|20201006|00:00|0.00019||||MD||||||||||.00263|.0016
RD|I|40|109|1037|88112|5|7|105|811|20201012|00:00|-0.00062||||5|MD|||||||||.00264|.00161
RD|I|40|109|1037|88112|5|7|105|811|20201018|00:00|0.00136||||MD||||||||||.00264|.00164
RD|I|40|109|1037|88112|5|7|105|811|20201024|00:00|0.00076||||FX|MD|||||||||.00264|.00161
RD|I|40|109|1037|88112|5|7|105|811|20201030|00:00|-0.00113||||MD|TT|||||||||.00264|.00163
RD|I|40|109|1037|88112|5|7|105|811|20201105|00:00|0.00095||||MD||||||||||.00231|.00143
RD|I|40|109|1037|88112|5|7|105|811|20201111|00:00|0.00108||||MD||||||||||.00232|.00144
RD|I|40|109|1037|88112|5|7|105|811|20201117|00:00|0.00188||||MD||||||||||.00231|.00148
RD|I|40|109|1037|88112|5|7|105|811|20201123|00:00|-0.00146||||MD|TT|||||||||.00232|.00146
RD|I|40|109|1037|88112|5|7|105|811|20201129|00:00|0.00213||||MD|TT|||||||||.00231|.0015
RD|I|40|109|1037|88112|5|7|105|811|20201205|00:00|-0.00055||||MD||||||||||.00244|.00149
RD|I|40|109|1037|88112|5|7|105|811|20201211|00:00|0.00262||||TT||||||||||.00244|.00162
RD|I|40|109|1037|88112|5|7|105|811|20201217|00:00||BJ||||||||||||||
RD|I|40|109|1037|88112|5|7|105|811|20201223|00:00||BJ||||||||||||||
RD|I|40|109|1037|88112|5|7|105|811|20201229|00:00|-0.00149||||MD||||||||||.00244|.00153
RD|I|40|109|1037|88128|5|7|105|811|20200104|00:00|0.00770||||MD||||||||||.00936|.00601
RD|I|40|109|1037|88128|5|7|105|811|20200110|00:00|0.00515||||MD||||||||||.00936|.00583
RD|I|40|109|1037|88128|5|7|105|811|20200116|00:00|-0.00614||||MD||||||||||.00933|.00588
RD|I|40|109|1037|88128|5|7|105|811|20200123|00:00|0.00152||||2|MD|||||||||.00936|.00571
RD|I|40|109|1037|88128|5|7|105|811|20200128|00:00|0.00526||||MD|TT|||||||||.00935|.00583
RD|I|40|109|1037|88128|5|7|105|811|20200203|00:00|-0.00538||||MD||||||||||.00609|.00394
RD|I|40|109|1037|88128|5|7|105|811|20200209|00:00|0.00138||||5|MD|TT||||||||.00609|.00372
RD|I|40|109|1037|88128|5|7|105|811|20200215|00:00|0.00857||||||||||||||.00608|.00428
RD|I|40|109|1037|88128|5|7|105|811|20200221|00:00|0.00840||||||||||||||.00609|.00426
RD|I|40|109|1037|88128|5|7|105|811|20200227|00:00|0.00037||||MD|TT|||||||||.00609|.0037
RD|I|40|109|1037|88128|5|7|105|811|20200304|00:00|-0.00249||||MD||||||||||.00627|.00386
RD|I|40|109|1037|88128|5|7|105|811|20200313|00:00|-0.00703||||2|MD|||||||||.00628|.00419
RD|I|40|109|1037|88128|5|7|105|811|20200317|00:00|-0.01087||||2|5|MD|TT|||||||.00628|.00466
RD|I|40|109|1037|88128|5|7|105|811|20200322|00:00|-0.00175||||MD||||||||||.00627|.00383
RD|I|40|109|1037|88128|5|7|105|811|20200328|00:00||BJ||||||||||||||
RD|I|40|109|1037|88128|5|7|105|811|20200403|00:00|0.00858||||3|4|||||||||.00609|.00428
RD|I|40|109|1037|88128|5|7|105|811|20200409|00:00|0.00558||||4|MD|||||||||.00608|.00395
RD|I|40|109|1037|88128|5|7|105|811|20200415|00:00|-0.00216||||4|MD|||||||||.00609|.00374
RD|I|40|109|1037|88128|5|7|105|811|20200421|00:00|0.00245||||4|MD|||||||||.00609|.00375
RD|I|40|109|1037|88128|5|7|105|811|20200427|00:00|0.01231||||4||||||||||.00608|.00481
RD|I|40|109|1037|88128|5|7|105|811|20200503|00:00|0.00216||||MD|TT|||||||||.00613|.00377
RD|I|40|109|1037|88128|5|7|105|811|20200509|00:00|0.00780||||TT||||||||||.00614|.00421
RD|I|40|109|1037|88128|5|7|105|811|20200515|00:00|0.01025||||TT||||||||||.00615|.00453
RD|I|40|109|1037|88128|5|7|105|811|20200521|00:00|0.00192||||MD|TT|||||||||.00615|.00377
RD|I|40|109|1037|88128|5|7|105|811|20200527|00:00|-0.00131||||MD|TT|||||||||.00614|.00375
RD|I|40|109|1037|88128|5|7|105|811|20200602|00:00|0.00037||||MD|TT|||||||||.00738|.00449
RD|I|40|109|1037|88128|5|7|105|811|20200608|00:00|0.00026||||MD||||||||||.00739|.00449
RD|I|40|109|1037|88128|5|7|105|811|20200614|00:00|0.00397||||MD|TT|||||||||.00738|.00459
RD|I|40|109|1037|88128|5|7|105|811|20200620|00:00|-0.00368||||3|MD|TT||||||||.00738|.00458
RD|I|40|109|1037|88128|5|7|105|811|20200626|00:00|-0.00252||||MD|TT|||||||||.00738|.00453
RD|I|40|109|1037|88128|5|7|105|811|20200702|00:00|0.00461||||MD|TT|||||||||.00608|.00387
RD|I|40|109|1037|88128|5|7|105|811|20200708|00:00|0.00820||||||||||||||.00609|.00423
RD|I|40|109|1037|88128|5|7|105|811|20200714|00:00|0.00380||||MD|TT|||||||||.00609|.00382
RD|I|40|109|1037|88128|5|7|105|811|20200720|00:00||AF||||||||||||||
RD|I|40|109|1037|88128|5|7|105|811|20200722|00:00|0.00057||||2|MD|||||||||.00608|.0037
RD|I|40|109|1037|88128|5|7|105|811|20200726|00:00|-0.00045||||MD|TT|||||||||.00609|.0037
RD|I|40|109|1037|88128|5|7|105|811|20200801|00:00|0.00700||||TT||||||||||.00609|.00409
RD|I|40|109|1037|88128|5|7|105|811|20200807|00:00|0.00013||||MD|TT|||||||||.00609|.0037
RD|I|40|109|1037|88128|5|7|105|811|20200813|00:00|-0.00050||||MD|TT|||||||||.00608|.0037
RD|I|40|109|1037|88128|5|7|105|811|20200819|00:00|0.00464||||MD|TT|||||||||.00608|.00388
RD|I|40|109|1037|88128|5|7|105|811|20200825|00:00|0.00766||||TT||||||||||.00609|.00417
RD|I|40|109|1037|88128|5|7|105|811|20200831|00:00|0.00161||||MD|TT|||||||||.00608|.00372
RD|I|40|109|1037|88128|5|7|105|811|20200906|00:00|-0.00125||||MD||||||||||.00739|.0045
RD|I|40|109|1037|88128|5|7|105|811|20200912|00:00|-0.00484||||MD||||||||||.0074|.00466
RD|I|40|109|1037|88128|5|7|105|811|20200918|00:00|-0.00618||||MD||||||||||.00738|.00474
RD|I|40|109|1037|88128|5|7|105|811|20200924|00:00|-0.00254||||MD|TT|||||||||.00739|.00454
RD|I|40|109|1037|88128|5|7|105|811|20200930|00:00|0.01151||||||||||||||.00739|.00534
RD|I|40|109|1037|88128|5|7|105|811|20201006|00:00|0.00013||||MD||||||||||.00709|.00431
RD|I|40|109|1037|88128|5|7|105|811|20201012|00:00|0.00196||||5|MD|||||||||.00709|.00434
RD|I|40|109|1037|88128|5|7|105|811|20201018|00:00|0.00942||||||||||||||.00709|.00491
RD|I|40|109|1037|88128|5|7|105|811|20201024|00:00|0.00655||||FX|MD|||||||||.00709|.00461
RD|I|40|109|1037|88128|5|7|105|811|20201030|00:00|0.00451||||MD|TT|||||||||.00709|.00446
RD|I|40|109|1037|88128|5|7|105|811|20201105|00:00|0.00110||||MD||||||||||.00649|.00396
RD|I|40|109|1037|88128|5|7|105|811|20201111|00:00|-0.00183||||MD||||||||||.00651|.00398
RD|I|40|109|1037|88128|5|7|105|811|20201117|00:00|0.00143||||MD||||||||||.0065|.00397
RD|I|40|109|1037|88128|5|7|105|811|20201123|00:00|-0.00100||||MD|TT|||||||||.00651|.00396
RD|I|40|109|1037|88128|5|7|105|811|20201129|00:00|0.00357||||MD|TT|||||||||.0065|.00405
RD|I|40|109|1037|88128|5|7|105|811|20201205|00:00|0.00421||||MD||||||||||.00702|.00439
RD|I|40|109|1037|88128|5|7|105|811|20201211|00:00|0.00044||||MD|TT|||||||||.00702|.00427
RD|I|40|109|1037|88128|5|7|105|811|20201217|00:00||BJ||||||||||||||
RD|I|40|109|1037|88128|5|7|105|811|20201223|00:00||BJ||||||||||||||
RD|I|40|109|1037|88128|5|7|105|811|20201229|00:00|0.00066||||MD||||||||||.00701|.00427
RD|I|40|109|1037|88132|5|7|105|811|20200104|00:00|0.00061||||MD||||||||||.00248|.00151
RD|I|40|109|1037|88132|5|7|105|811|20200110|00:00|0.00119||||MD||||||||||.00248|.00154
RD|I|40|109|1037|88132|5|7|105|811|20200116|00:00|0.00192||||MD||||||||||.00247|.00158
RD|I|40|109|1037|88132|5|7|105|811|20200123|00:00|0.00017||||2|MD|||||||||.00248|.00151
RD|I|40|109|1037|88132|5|7|105|811|20200128|00:00|-0.00113||||MD|TT|||||||||.00247|.00153
RD|I|40|109|1037|88132|5|7|105|811|20200203|00:00|0.00569||||||||||||||.00279|.00221
RD|I|40|109|1037|88132|5|7|105|811|20200209|00:00|-0.00109||||5|MD|TT||||||||.00279|.00171
RD|I|40|109|1037|88132|5|7|105|811|20200215|00:00|0.00209||||MD||||||||||.00278|.00177
RD|I|40|109|1037|88132|5|7|105|811|20200221|00:00|-0.00246||||MD||||||||||.00279|.0018
RD|I|40|109|1037|88132|5|7|105|811|20200227|00:00|-0.00078||||MD|TT|||||||||.00278|.0017
RD|I|40|109|1037|88132|5|7|105|811|20200304|00:00|0.00076||||MD||||||||||.0035|.00213
RD|I|40|109|1037|88132|5|7|105|811|20200313|00:00|0.00191||||2|MD|||||||||.0035|.00218
RD|I|40|109|1037|88132|5|7|105|811|20200317|00:00|0.00000||||2|5|MD|TT|||||||.0035|.00213
RD|I|40|109|1037|88132|5|7|105|811|20200322|00:00|-0.00050||||MD||||||||||.00349|.00213
RD|I|40|109|1037|88132|5|7|105|811|20200328|00:00||BJ||||||||||||||
RD|I|40|109|1037|88132|5|7|105|811|20200403|00:00|0.00221||||3|4|MD||||||||.00277|.00177
RD|I|40|109|1037|88132|5|7|105|811|20200409|00:00|0.00510||||4||||||||||.00276|.00211
RD|I|40|109|1037|88132|5|7|105|811|20200415|00:00|-0.00072||||4|MD|||||||||.00277|.00169
RD|I|40|109|1037|88132|5|7|105|811|20200421|00:00|0.00042||||4|MD|||||||||.00277|.00169
RD|I|40|109|1037|88132|5|7|105|811|20200427|00:00|0.00340||||4||||||||||.00277|.00188
RD|I|40|109|1037|88132|5|7|105|811|20200503|00:00|0.00175||||MD|TT|||||||||.00247|.00157
RD|I|40|109|1037|88132|5|7|105|811|20200509|00:00|-0.00114||||MD|TT|||||||||.00248|.00153
RD|I|40|109|1037|88132|5|7|105|811|20200515|00:00|0.00180||||MD|TT|||||||||.00248|.00157
RD|I|40|109|1037|88132|5|7|105|811|20200521|00:00|-0.00048||||MD|TT|||||||||.00248|.00151
RD|I|40|109|1037|88132|5|7|105|811|20200527|00:00|0.00064||||MD|TT|||||||||.00248|.00151
RD|I|40|109|1037|88132|5|7|105|811|20200602|00:00|0.00562||||TT||||||||||.00262|.00212
RD|I|40|109|1037|88132|5|7|105|811|20200608|00:00|0.00091||||MD||||||||||.00262|.00161
RD|I|40|109|1037|88132|5|7|105|811|20200614|00:00|0.00330||||TT||||||||||.00262|.00179
RD|I|40|109|1037|88132|5|7|105|811|20200620|00:00|0.00065||||3|MD|TT||||||||.00262|.0016
RD|I|40|109|1037|88132|5|7|105|811|20200626|00:00|0.00291||||TT||||||||||.00262|.00175
RD|I|40|109|1037|88132|5|7|105|811|20200702|00:00|0.00390||||TT||||||||||.00329|.00223
RD|I|40|109|1037|88132|5|7|105|811|20200708|00:00|0.00626||||||||||||||.00329|.00254
RD|I|40|109|1037|88132|5|7|105|811|20200714|00:00|0.00640||||TT||||||||||.0033|.00257
RD|I|40|109|1037|88132|5|7|105|811|20200720|00:00||AF||||||||||||||
RD|I|40|109|1037|88132|5|7|105|811|20200722|00:00|0.00091||||2|MD|||||||||.00329|.00201
RD|I|40|109|1037|88132|5|7|105|811|20200726|00:00|0.00162||||MD|TT|||||||||.00329|.00204
RD|I|40|109|1037|88132|5|7|105|811|20200801|00:00|-0.00193||||MD|TT|||||||||.00305|.00192
RD|I|40|109|1037|88132|5|7|105|811|20200807|00:00|0.00463||||TT||||||||||.00305|.00219
RD|I|40|109|1037|88132|5|7|105|811|20200813|00:00|0.00286||||MD|TT|||||||||.00305|.00199
RD|I|40|109|1037|88132|5|7|105|811|20200819|00:00|0.00066||||MD|TT|||||||||.00305|.00186
RD|I|40|109|1037|88132|5|7|105|811|20200825|00:00|-0.00054||||MD|TT|||||||||.00305|.00186
RD|I|40|109|1037|88132|5|7|105|811|20200831|00:00|0.00302||||MD|TT|||||||||.00305|.002
RD|I|40|109|1037|88132|5|7|105|811|20200906|00:00|-0.00055||||MD||||||||||.00313|.0019
RD|I|40|109|1037|88132|5|7|105|811|20200912|00:00|-0.00083||||MD||||||||||.00313|.00191
RD|I|40|109|1037|88132|5|7|105|811|20200918|00:00|-0.00001||||MD||||||||||.00312|.0019
RD|I|40|109|1037|88132|5|7|105|811|20200924|00:00|0.00090||||MD|TT|||||||||.00312|.00191
RD|I|40|109|1037|88132|5|7|105|811|20200930|00:00|0.00028||||MD||||||||||.00313|.0019
RD|I|40|109|1037|88132|5|7|105|811|20201006|00:00|0.00106||||MD||||||||||.00301|.00185
RD|I|40|109|1037|88132|5|7|105|811|20201012|00:00|0.00379||||5||||||||||.00301|.00206
RD|I|40|109|1037|88132|5|7|105|811|20201018|00:00|0.00016||||MD||||||||||.00301|.00183
RD|I|40|109|1037|88132|5|7|105|811|20201024|00:00|0.00035||||FX|MD|||||||||.00301|.00183
RD|I|40|109|1037|88132|5|7|105|811|20201030|00:00|0.00210||||MD|TT|||||||||.00301|.0019
RD|I|40|109|1037|88132|5|7|105|811|20201105|00:00|0.00002||||MD||||||||||.00381|.00232
RD|I|40|109|1037|88132|5|7|105|811|20201111|00:00|0.00062||||MD||||||||||.00382|.00233
RD|I|40|109|1037|88132|5|7|105|811|20201117|00:00|0.00111||||MD||||||||||.00382|.00234
RD|I|40|109|1037|88132|5|7|105|811|20201123|00:00|-0.00006||||MD|TT|||||||||.00382|.00232
RD|I|40|109|1037|88132|5|7|105|811|20201129|00:00|0.00006||||MD|TT|||||||||.00382|.00232
RD|I|40|109|1037|88132|5|7|105|811|20201205|00:00|0.00036||||MD||||||||||.00348|.00212
RD|I|40|109|1037|88132|5|7|105|811|20201211|00:00|0.00549||||TT||||||||||.00348|.00252
RD|I|40|109|1037|88132|5|7|105|811|20201217|00:00||BJ||||||||||||||
RD|I|40|109|1037|88132|5|7|105|811|20201223|00:00||BJ||||||||||||||
RD|I|40|109|1037|88132|5|7|105|811|20201229|00:00|0.00064||||MD||||||||||.00348|.00212
RD|I|40|109|1037|88136|5|7|105|811|20200104|00:00|-0.00061||||MD||||||||||.00148|.00091
RD|I|40|109|1037|88136|5|7|105|811|20200110|00:00||SC||||||||||||||
RD|I|40|109|1037|88136|5|7|105|811|20200116|00:00|-0.00029||||MD||||||||||.00148|.0009
RD|I|40|109|1037|88136|5|7|105|811|20200123|00:00|-0.00092||||2|MD|||||||||.00148|.00093
RD|I|40|109|1037|88136|5|7|105|811|20200128|00:00|-0.00012||||MD|TT|||||||||.00148|.0009
RD|I|40|109|1037|88136|5|7|105|811|20200203|00:00|0.00104||||MD||||||||||.00124|.0008
RD|I|40|109|1037|88136|5|7|105|811|20200209|00:00|0.00116||||5|MD|TT||||||||.00124|.00081
RD|I|40|109|1037|88136|5|7|105|811|20200215|00:00|0.00094||||MD||||||||||.00124|.00079
RD|I|40|109|1037|88136|5|7|105|811|20200221|00:00|0.00092||||MD||||||||||.00124|.00079
RD|I|40|109|1037|88136|5|7|105|811|20200227|00:00|-0.00064||||MD|TT|||||||||.00124|.00077
RD|I|40|109|1037|88136|5|7|105|811|20200304|00:00|0.00026||||MD||||||||||.00124|.00076
RD|I|40|109|1037|88136|5|7|105|811|20200313|00:00|-0.00067||||2|MD|||||||||.00124|.00077
RD|I|40|109|1037|88136|5|7|105|811|20200317|00:00|-0.00135||||2|5|MD|TT|||||||.00124|.00082
RD|I|40|109|1037|88136|5|7|105|811|20200322|00:00|-0.00010||||MD||||||||||.00124|.00075
RD|I|40|109|1037|88136|5|7|105|811|20200328|00:00||BJ||||||||||||||
RD|I|40|109|1037|88136|5|7|105|811|20200403|00:00|0.00006||||3|4|MD||||||||.00124|.00075
RD|I|40|109|1037|88136|5|7|105|811|20200409|00:00|-0.00006||||4|MD|||||||||.00124|.00075
RD|I|40|109|1037|88136|5|7|105|811|20200415|00:00|0.00077||||4|MD|||||||||.00124|.00078
RD|I|40|109|1037|88136|5|7|105|811|20200421|00:00|0.00031||||4|MD|||||||||.00124|.00076
RD|I|40|109|1037|88136|5|7|105|811|20200427|00:00|-0.00013||||4|MD|||||||||.00124|.00075
RD|I|40|109|1037|88136|5|7|105|811|20200503|00:00|0.00002||||MD|TT|||||||||.00124|.00075
RD|I|40|109|1037|88136|5|7|105|811|20200509|00:00|0.00000||||TT|MD|||||||||.00124|.00075
RD|I|40|109|1037|88136|5|7|105|811|20200515|00:00|0.00031||||MD|TT|||||||||.00124|.00076
RD|I|40|109|1037|88136|5|7|105|811|20200521|00:00|0.00067||||MD|TT|||||||||.00124|.00077
RD|I|40|109|1037|88136|5|7|105|811|20200527|00:00|0.00024||||MD|TT|||||||||.00124|.00076
RD|I|40|109|1037|88136|5|7|105|811|20200602|00:00|-0.00088||||MD|TT|||||||||.00138|.00087
RD|I|40|109|1037|88136|5|7|105|811|20200608|00:00|0.00075||||MD||||||||||.00138|.00086
RD|I|40|109|1037|88136|5|7|105|811|20200614|00:00|0.00030||||MD|TT|||||||||.00138|.00084
RD|I|40|109|1037|88136|5|7|105|811|20200620|00:00|0.00009||||3|MD|TT||||||||.00138|.00084
RD|I|40|109|1037|88136|5|7|105|811|20200626|00:00|-0.00019||||MD|TT|||||||||.00138|.00084
RD|I|40|109|1037|88136|5|7|105|811|20200702|00:00|0.00015||||MD|TT|||||||||.00124|.00075
RD|I|40|109|1037|88136|5|7|105|811|20200708|00:00|0.00084||||MD||||||||||.00124|.00078
RD|I|40|109|1037|88136|5|7|105|811|20200714|00:00|0.00109||||MD|TT|||||||||.00124|.0008
RD|I|40|109|1037|88136|5|7|105|811|20200720|00:00||AF||||||||||||||
RD|I|40|109|1037|88136|5|7|105|811|20200722|00:00|0.00156||||2||||||||||.00124|.00085
RD|I|40|109|1037|88136|5|7|105|811|20200726|00:00|0.00103||||MD|TT|||||||||.00124|.0008
RD|I|40|109|1037|88136|5|7|105|811|20200801|00:00|-0.00005||||MD|TT|||||||||.00124|.00075
RD|I|40|109|1037|88136|5|7|105|811|20200807|00:00|0.00162||||TT||||||||||.00124|.00085
RD|I|40|109|1037|88136|5|7|105|811|20200813|00:00|0.00057||||MD|TT|||||||||.00124|.00077
RD|I|40|109|1037|88136|5|7|105|811|20200819|00:00|-0.00042||||MD|TT|||||||||.00124|.00076
RD|I|40|109|1037|88136|5|7|105|811|20200825|00:00|0.00104||||MD|TT|||||||||.00124|.0008
RD|I|40|109|1037|88136|5|7|105|811|20200831|00:00|-0.00057||||MD|TT|||||||||.00124|.00077
RD|I|40|109|1037|88136|5|7|105|811|20200906|00:00|0.00017||||MD||||||||||.00136|.00083
RD|I|40|109|1037|88136|5|7|105|811|20200912|00:00|-0.00028||||MD||||||||||.00136|.00083
RD|I|40|109|1037|88136|5|7|105|811|20200918|00:00|0.00225||||||||||||||.00136|.001
RD|I|40|109|1037|88136|5|7|105|811|20200924|00:00|0.00207||||TT||||||||||.00136|.00097
RD|I|40|109|1037|88136|5|7|105|811|20200930|00:00|0.00010||||MD||||||||||.00136|.00083
RD|I|40|109|1037|88136|5|7|105|811|20201006|00:00|-0.00053||||MD||||||||||.00124|.00076
RD|I|40|109|1037|88136|5|7|105|811|20201012|00:00|0.00037||||5|MD|||||||||.00124|.00076
RD|I|40|109|1037|88136|5|7|105|811|20201018|00:00|0.00062||||MD||||||||||.00124|.00077
RD|I|40|109|1037|88136|5|7|105|811|20201024|00:00|-0.00015||||FX|MD|||||||||.00124|.00075
RD|I|40|109|1037|88136|5|7|105|811|20201030|00:00|-0.00072||||MD|TT|||||||||.00124|.00077
RD|I|40|109|1037|88136|5|7|105|811|20201105|00:00|0.00045||||MD||||||||||.00124|.00076
RD|I|40|109|1037|88136|5|7|105|811|20201111|00:00|0.00040||||MD||||||||||.00124|.00076
RD|I|40|109|1037|88136|5|7|105|811|20201117|00:00|-0.00075||||MD||||||||||.00124|.00078
RD|I|40|109|1037|88136|5|7|105|811|20201123|00:00|-0.00016||||MD|TT|||||||||.00124|.00075
RD|I|40|109|1037|88136|5|7|105|811|20201129|00:00|0.00068||||MD|TT|||||||||.00124|.00077
RD|I|40|109|1037|88136|5|7|105|811|20201205|00:00|0.00021||||MD||||||||||.00125|.00076
RD|I|40|109|1037|88136|5|7|105|811|20201211|00:00|0.00178||||TT||||||||||.00125|.00088
RD|I|40|109|1037|88136|5|7|105|811|20201217|00:00||BJ||||||||||||||
RD|I|40|109|1037|88136|5|7|105|811|20201223|00:00||BJ||||||||||||||
RD|I|40|109|1037|88136|5|7|105|811|20201229|00:00|0.00016||||MD||||||||||.00125|.00076
RD|I|40|143|0235|12103|6|7|003|089|20200104|00:00|1.54||||||||||||||.00684|
RD|I|40|143|0235|12103|6|7|003|089|20200110|00:00|0.414||||||||||||||.00732|
RD|I|40|143|0235|12103|6|7|003|089|20200116|00:00|0.435||||||||||||||.00673|
RD|I|40|143|0235|12103|6|7|003|089|20200122|00:00|0.230||||||||||||||.0075|
RD|I|40|143|0235|12103|6|7|003|089|20200128|00:00|0.276||||||||||||||.00763|
RD|I|40|143|0235|12103|6|7|003|089|20200203|00:00|0.886||||||||||||||.00794|
RD|I|40|143|0235|12103|6|7|003|089|20200209|00:00|0.498||||||||||||||.00722|
RD|I|40|143|0235|12103|6|7|003|089|20200215|00:00|0.598||||||||||||||.00761|
RD|I|40|143|0235|12103|6|7|003|089|20200221|00:00|0.584||||||||||||||.0072|
RD|I|40|143|0235|12103|6|7|003|089|20200227|00:00|0.441||||||||||||||.00731|
RD|I|40|143|0235|12103|6|7|003|089|20200304|00:00|1.54||||||||||||||.00755|
RD|I|40|143|0235|12103|6|7|003|089|20200310|00:00|0.496||||||||||||||.00754|
RD|I|40|143|0235|12103|6|7|003|089|20200316|00:00|0.479||||||||||||||.00744|
RD|I|40|143|0235|12103|6|7|003|089|20200322|00:00|0.906||||||||||||||.00747|
RD|I|40|143|0235|12103|6|7|003|089|20200328|00:00|0.495||||||||||||||.00672|
RD|I|40|143|0235|12103|6|7|003|089|20200403|00:00|0.225||||||||||||||.00623|
RD|I|40|143|0235|12103|6|7|003|089|20200409|00:00|0.636||||||||||||||.0066|
RD|I|40|143|0235|12103|6|7|003|089|20200415|00:00|0.569||||||||||||||.00636|
RD|I|40|143|0235|12103|6|7|003|089|20200421|00:00|1.31||||||||||||||.00669|
RD|I|40|143|0235|12103|6|7|003|089|20200427|00:00|0.744||||||||||||||.00667|
RD|I|40|143|0235|12103|6|7|003|089|20200503|00:00|1.07||||||||||||||.00684|
RD|I|40|143|0235|12103|6|7|003|089|20200509|00:00|0.876||||||||||||||.0065|
RD|I|40|143|0235|12103|6|7|003|089|20200515|00:00|0.509||||||||||||||.00671|
RD|I|40|143|0235|12103|6|7|003|089|20200521|00:00|0.947||||||||||||||.00673|
RD|I|40|143|0235|12103|6|7|003|089|20200527|00:00|0.580||||||||||||||.0066|
RD|I|40|143|0235|12103|6|7|003|089|20200602|00:00|0.931||||||||||||||.00675|
RD|I|40|143|0235|12103|6|7|003|089|20200608|00:00|0.887||||||||||||||.00696|
RD|I|40|143|0235|12103|6|7|003|089|20200614|00:00|2.68||||||||||||||.00687|
RD|I|40|143|0235|12103|6|7|003|089|20200620|00:00|0.750||||||||||||||.00677|
RD|I|40|143|0235|12103|6|7|003|089|20200626|00:00|0.617||||||||||||||.00698|
RD|I|40|143|0235|12103|6|7|003|089|20200702|00:00|0.871||||||||||||||.00691|
RD|I|40|143|0235|12103|6|7|003|089|20200708|00:00|0.559||||||||||||||.00701|
RD|I|40|143|0235|12103|6|7|003|089|20200714|00:00|0.702||||||||||||||.00708|
RD|I|40|143|0235|12103|6|7|003|089|20200720|00:00|0.720||||||||||||||.00707|
RD|I|40|143|0235|12103|6|7|003|089|20200726|00:00|0.665||||QX||||||||||.00701|
RD|I|40|143|0235|12103|6|7|003|089|20200801|00:00|0.941||||||||||||||.00683|
RD|I|40|143|0235|12103|6|7|003|089|20200807|00:00|0.598||||||||||||||.0069|
RD|I|40|143|0235|12103|6|7|003|089|20200813|00:00|0.528||||||||||||||.00691|
RD|I|40|143|0235|12103|6|7|003|089|20200819|00:00|0.956||||QX||||||||||.00682|
RD|I|40|143|0235|12103|6|7|003|089|20200825|00:00|5.40||||||||||||||.00701|
RD|I|40|143|0235|12103|6|7|003|089|20200831|00:00|0.557||||||||||||||.00699|
RD|I|40|143|0235|12103|6|7|003|089|20200906|00:00|0.705||||||||||||||.00683|
RD|I|40|143|0235|12103|6|7|003|089|20200912|00:00|0.935||||||||||||||.00667|
RD|I|40|143|0235|12103|6|7|003|089|20200918|00:00|0.831||||||||||||||.00668|
RD|I|40|143|0235|12103|6|7|003|089|20200924|00:00|1.43||||||||||||||.00665|
RD|I|40|143|0235|12103|6|7|003|089|20200930|00:00|0.741||||||||||||||.0067|
RD|I|40|143|0235|12103|6|7|003|089|20201006|00:00|1.03||||||||||||||.00661|
RD|I|40|143|0235|12103|6|7|003|089|20201012|00:00|1.07||||||||||||||.00655|
RD|I|40|143|0235|12103|6|7|003|089|20201018|00:00|0.651||||||||||||||.00628|
RD|I|40|143|0235|12103|6|7|003|089|20201024|00:00|0.442||||||||||||||.00616|
RD|I|40|143|0235|12103|6|7|003|089|20201030|00:00|0.931||||||||||||||.00619|
RD|I|40|143|0235|12103|6|7|003|089|20201105|00:00|0.856||||||||||||||.00625|
RD|I|40|143|0235|12103|6|7|003|089|20201111|00:00|0.925||||||||||||||.00628|
RD|I|40|143|0235|12103|6|7|003|089|20201117|00:00|1.01||||||||||||||.00612|
RD|I|40|143|0235|12103|6|7|003|089|20201123|00:00|1.07||||||||||||||.00599|
RD|I|40|143|0235|12103|6|7|003|089|20201129|00:00|0.457||||||||||||||.00596|
RD|I|40|143|0235|12103|6|7|003|089|20201205|00:00|1.22||||QX||||||||||.00593|
RD|I|40|143|0235|12103|6|7|003|089|20201211|00:00|0.582||||||||||||||.00617|
RD|I|40|143|0235|12103|6|7|003|089|20201217|00:00|0.745||||||||||||||.00591|
RD|I|40|143|0235|12103|6|7|003|089|20201223|00:00|0.680||||||||||||||.00613|
RD|I|40|143|0235|12103|6|7|003|089|20201229|00:00|0.646||||||||||||||.0061|
RD|I|40|143|0235|12103|7|7|003|089|20200104|00:00|1.48||||||||||||||.00724|
RD|I|40|143|0235|12103|7|7|003|089|20200110|00:00|0.407||||||||||||||.00769|
RD|I|40|143|0235|12103|7|7|003|089|20200116|00:00|0.399||||||||||||||.00707|
RD|I|40|143|0235|12103|7|7|003|089|20200122|00:00|0.226||||||||||||||.00721|
RD|I|40|143|0235|12103|7|7|003|089|20200128|00:00|0.262||||||||||||||.00728|
RD|I|40|143|0235|12103|7|7|003|089|20200203|00:00|0.883||||||||||||||.00773|
RD|I|40|143|0235|12103|7|7|003|089|20200209|00:00|0.472||||||||||||||.00755|
RD|I|40|143|0235|12103|7|7|003|089|20200215|00:00|0.579||||||||||||||.00739|
RD|I|40|143|0235|12103|7|7|003|089|20200221|00:00|0.523||||||||||||||.00703|
RD|I|40|143|0235|12103|7|7|003|089|20200227|00:00|0.447||||||||||||||.00723|
RD|I|40|143|0235|12103|7|7|003|089|20200304|00:00|1.42||||||||||||||.00744|
RD|I|40|143|0235|12103|7|7|003|089|20200310|00:00|0.453||||||||||||||.00735|
RD|I|40|143|0235|12103|7|7|003|089|20200316|00:00|0.464||||||||||||||.00734|
RD|I|40|143|0235|12103|7|7|003|089|20200322|00:00|0.931||||||||||||||.00738|
RD|I|40|143|0235|12103|7|7|003|089|20200328|00:00|0.560||||||||||||||.00683|
RD|I|40|143|0235|12103|7|7|003|089|20200403|00:00|0.253||||||||||||||.00645|
RD|I|40|143|0235|12103|7|7|003|089|20200409|00:00|0.595||||||||||||||.00677|
RD|I|40|143|0235|12103|7|7|003|089|20200415|00:00|0.611||||||||||||||.0065|
RD|I|40|143|0235|12103|7|7|003|089|20200421|00:00|1.40||||||||||||||.00682|
RD|I|40|143|0235|12103|7|7|003|089|20200427|00:00|0.766||||||||||||||.00675|
RD|I|40|143|0235|12103|7|7|003|089|20200503|00:00|1.05||||||||||||||.00692|
RD|I|40|143|0235|12103|7|7|003|089|20200509|00:00|0.762||||||||||||||.00654|
RD|I|40|143|0235|12103|7|7|003|089|20200515|00:00|0.516||||||||||||||.00678|
RD|I|40|143|0235|12103|7|7|003|089|20200521|00:00|0.884||||||||||||||.00674|
RD|I|40|143|0235|12103|7|7|003|089|20200527|00:00|0.590||||||||||||||.00668|
RD|I|40|143|0235|12103|7|7|003|089|20200602|00:00|0.943||||||||||||||.00677|
RD|I|40|143|0235|12103|7|7|003|089|20200608|00:00|0.848||||||||||||||.00703|
RD|I|40|143|0235|12103|7|7|003|089|20200614|00:00|2.71||||||||||||||.007|
RD|I|40|143|0235|12103|7|7|003|089|20200620|00:00|0.706||||||||||||||.00695|
RD|I|40|143|0235|12103|7|7|003|089|20200626|00:00|0.612||||||||||||||.00692|
RD|I|40|143|0235|12103|7|7|003|089|20200702|00:00|0.862||||||||||||||.00695|
RD|I|40|143|0235|12103|7|7|003|089|20200708|00:00|0.564||||||||||||||.00709|
RD|I|40|143|0235|12103|7|7|003|089|20200714|00:00|0.736||||||||||||||.0071|
RD|I|40|143|0235|12103|7|7|003|089|20200720|00:00|0.725||||||||||||||.00705|
RD|I|40|143|0235|12103|7|7|003|089|20200726|00:00|0.533||||QX||||||||||.00706|
RD|I|40|143|0235|12103|7|7|003|089|20200801|00:00|0.949||||||||||||||.00691|
RD|I|40|143|0235|12103|7|7|003|089|20200807|00:00|0.571||||||||||||||.00687|
RD|I|40|143|0235|12103|7|7|003|089|20200813|00:00|0.484||||||||||||||.00701|
RD|I|40|143|0235|12103|7|7|003|089|20200819|00:00|0.732||||QX||||||||||.00685|
RD|I|40|143|0235|12103|7|7|003|089|20200825|00:00|5.81||||||||||||||.00675|
RD|I|40|143|0235|12103|7|7|003|089|20200831|00:00|0.567||||||||||||||.00693|
RD|I|40|143|0235|12103|7|7|003|089|20200906|00:00|0.703||||||||||||||.0069|
RD|I|40|143|0235|12103|7|7|003|089|20200912|00:00|0.898||||||||||||||.00673|
RD|I|40|143|0235|12103|7|7|003|089|20200918|00:00|0.812||||||||||||||.0067|
RD|I|40|143|0235|12103|7|7|003|089|20200924|00:00|1.55||||||||||||||.00677|
RD|I|40|143|0235|12103|7|7|003|089|20200930|00:00|0.746||||||||||||||.00673|
RD|I|40|143|0235|12103|7|7|003|089|20201006|00:00|0.996||||||||||||||.00666|
RD|I|40|143|0235|12103|7|7|003|089|20201012|00:00|0.965||||||||||||||.00677|
RD|I|40|143|0235|12103|7|7|003|089|20201018|00:00|0.696||||||||||||||.00658|
RD|I|40|143|0235|12103|7|7|003|089|20201024|00:00|0.407||||||||||||||.00633|
RD|I|40|143|0235|12103|7|7|003|089|20201030|00:00|1.04||||||||||||||.00639|
RD|I|40|143|0235|12103|7|7|003|089|20201105|00:00|0.865||||||||||||||.00639|
RD|I|40|143|0235|12103|7|7|003|089|20201111|00:00|1.05||||||||||||||.00603|
RD|I|40|143|0235|12103|7|7|003|089|20201117|00:00|1.09||||||||||||||.00624|
RD|I|40|143|0235|12103|7|7|003|089|20201123|00:00|1.24||||||||||||||.00615|
RD|I|40|143|0235|12103|7|7|003|089|20201129|00:00|0.549||||||||||||||.00616|
RD|I|40|143|0235|12103|7|7|003|089|20201205|00:00|0.950||||QX||||||||||.0061|
RD|I|40|143|0235|12103|7|7|003|089|20201211|00:00|0.570||||||||||||||.00636|
RD|I|40|143|0235|12103|7|7|003|089|20201217|00:00|0.754||||||||||||||.00601|
RD|I|40|143|0235|12103|7|7|003|089|20201223|00:00|0.724||||||||||||||.0062|
RD|I|40|143|0235|12103|7|7|003|089|20201229|00:00|0.639||||||||||||||.00615|
RD|I|40|143|0235|12105|6|7|003|089|20200104|00:00|0.00538||||||||||||||.00142|
RD|I|40|143|0235|12105|6|7|003|089|20200110|00:00|0.00361||||SQ||||||||||.00151|
RD|I|40|143|0235|12105|6|7|003|089|20200116|00:00|0.00951||||||||||||||.00139|
RD|I|40|143|0235|12105|6|7|003|089|20200122|00:00|0.00106||||MD||||||||||.00155|
RD|I|40|143|0235|12105|6|7|003|089|20200128|00:00|0.00360||||SQ||||||||||.00158|
RD|I|40|143|0235|12105|6|7|003|089|20200203|00:00|0.0216||||||||||||||.00164|
RD|I|40|143|0235|12105|6|7|003|089|20200209|00:00|0.00468||||SQ||||||||||.00149|
RD|I|40|143|0235|12105|6|7|003|089|20200215|00:00|0.0100||||||||||||||.00157|
RD|I|40|143|0235|12105|6|7|003|089|20200221|00:00|0.0191||||||||||||||.00149|
RD|I|40|143|0235|12105|6|7|003|089|20200227|00:00|0.0121||||QX||||||||||.00151|
RD|I|40|143|0235|12105|6|7|003|089|20200304|00:00|0.0309||||||||||||||.00156|
RD|I|40|143|0235|12105|6|7|003|089|20200310|00:00|0.00879||||||||||||||.00156|
RD|I|40|143|0235|12105|6|7|003|089|20200316|00:00|0.00273||||SQ||||||||||.00154|
RD|I|40|143|0235|12105|6|7|003|089|20200322|00:00|0.00387||||SQ||||||||||.00154|
RD|I|40|143|0235|12105|6|7|003|089|20200328|00:00|0.0242||||||||||||||.00139|
RD|I|40|143|0235|12105|6|7|003|089|20200403|00:00|0.00389||||SQ||||||||||.00129|
RD|I|40|143|0235|12105|6|7|003|089|20200409|00:00|0.0234||||||||||||||.00136|
RD|I|40|143|0235|12105|6|7|003|089|20200415|00:00|0.0107||||||||||||||.00132|
RD|I|40|143|0235|12105|6|7|003|089|20200421|00:00|0.0188||||||||||||||.00138|
RD|I|40|143|0235|12105|6|7|003|089|20200427|00:00|0.0116||||||||||||||.00138|
RD|I|40|143|0235|12105|6|7|003|089|20200503|00:00|0.0105||||||||||||||.00141|
RD|I|40|143|0235|12105|6|7|003|089|20200509|00:00|0.00899||||||||||||||.00134|
RD|I|40|143|0235|12105|6|7|003|089|20200515|00:00|0.00504||||||||||||||.00139|
RD|I|40|143|0235|12105|6|7|003|089|20200521|00:00|0.0149||||||||||||||.00139|
RD|I|40|143|0235|12105|6|7|003|089|20200527|00:00|0.00625||||||||||||||.00136|
RD|I|40|143|0235|12105|6|7|003|089|20200602|00:00|0.0150||||||||||||||.0014|
RD|I|40|143|0235|12105|6|7|003|089|20200608|00:00|0.0245||||QX||||||||||.00144|
RD|I|40|143|0235|12105|6|7|003|089|20200614|00:00|0.0188||||||||||||||.00142|
RD|I|40|143|0235|12105|6|7|003|089|20200620|00:00|0.00653||||||||||||||.0014|
RD|I|40|143|0235|12105|6|7|003|089|20200626|00:00|0.0208||||||||||||||.00144|
RD|I|40|143|0235|12105|6|7|003|089|20200702|00:00|0.0383||||||||||||||.00143|
RD|I|40|143|0235|12105|6|7|003|089|20200708|00:00|0.0200||||||||||||||.00145|
RD|I|40|143|0235|12105|6|7|003|089|20200714|00:00|0.0342||||||||||||||.00146|
RD|I|40|143|0235|12105|6|7|003|089|20200720|00:00|0.0252||||||||||||||.00146|
RD|I|40|143|0235|12105|6|7|003|089|20200726|00:00|0.00938||||||||||||||.00145|
RD|I|40|143|0235|12105|6|7|003|089|20200801|00:00|0.00615||||||||||||||.00141|
RD|I|40|143|0235|12105|6|7|003|089|20200807|00:00|0.00740||||||||||||||.00143|
RD|I|40|143|0235|12105|6|7|003|089|20200813|00:00|0.00818||||||||||||||.00143|
RD|I|40|143|0235|12105|6|7|003|089|20200819|00:00|0.0178||||||||||||||.00141|
RD|I|40|143|0235|12105|6|7|003|089|20200825|00:00|0.0323||||||||||||||.00145|
RD|I|40|143|0235|12105|6|7|003|089|20200831|00:00|0.0121||||||||||||||.00144|
RD|I|40|143|0235|12105|6|7|003|089|20200906|00:00|0.0109||||||||||||||.00141|
RD|I|40|143|0235|12105|6|7|003|089|20200912|00:00|0.00646||||||||||||||.00138|
RD|I|40|143|0235|12105|6|7|003|089|20200918|00:00|0.0186||||||||||||||.00138|
RD|I|40|143|0235|12105|6|7|003|089|20200924|00:00|0.0124||||||||||||||.00138|
RD|I|40|143|0235|12105|6|7|003|089|20200930|00:00|0.0351||||||||||||||.00139|
RD|I|40|143|0235|12105|6|7|003|089|20201006|00:00|0.0306||||||||||||||.00137|
RD|I|40|143|0235|12105|6|7|003|089|20201012|00:00|0.0859||||||||||||||.00135|
RD|I|40|143|0235|12105|6|7|003|089|20201018|00:00|0.0152||||||||||||||.0013|
RD|I|40|143|0235|12105|6|7|003|089|20201024|00:00|0.00589||||||||||||||.00127|
RD|I|40|143|0235|12105|6|7|003|089|20201030|00:00|0.00756||||||||||||||.00128|
RD|I|40|143|0235|12105|6|7|003|089|20201105|00:00|0.0192||||||||||||||.00136|
RD|I|40|143|0235|12105|6|7|003|089|20201111|00:00|0.0120||||||||||||||.00136|
RD|I|40|143|0235|12105|6|7|003|089|20201117|00:00|0.0341||||||||||||||.00133|
RD|I|40|143|0235|12105|6|7|003|089|20201123|00:00|0.00772||||||||||||||.0013|
RD|I|40|143|0235|12105|6|7|003|089|20201129|00:00|0.00533||||||||||||||.00129|
RD|I|40|143|0235|12105|6|7|003|089|20201205|00:00|0.0121||||||||||||||.00129|
RD|I|40|143|0235|12105|6|7|003|089|20201211|00:00|0.0152||||||||||||||.00134|
RD|I|40|143|0235|12105|6|7|003|089|20201217|00:00|0.00639||||||||||||||.00128|
RD|I|40|143|0235|12105|6|7|003|089|20201223|00:00|0.0317||||||||||||||.00133|
RD|I|40|143|0235|12105|6|7|003|089|20201229|00:00|0.00529||||||||||||||.00132|
RD|I|40|143|0235|12105|7|7|003|089|20200104|00:00|0.00500||||||||||||||.0015|
RD|I|40|143|0235|12105|7|7|003|089|20200110|00:00|0.00341||||SQ||||||||||.00159|
RD|I|40|143|0235|12105|7|7|003|089|20200116|00:00|0.00879||||||||||||||.00146|
RD|I|40|143|0235|12105|7|7|003|089|20200122|00:00|0.00139||||MD||||||||||.00149|
RD|I|40|143|0235|12105|7|7|003|089|20200128|00:00|0.00315||||SQ||||||||||.0015|
RD|I|40|143|0235|12105|7|7|003|089|20200203|00:00|0.0227||||||||||||||.0016|
RD|I|40|143|0235|12105|7|7|003|089|20200209|00:00|0.00507||||||||||||||.00156|
RD|I|40|143|0235|12105|7|7|003|089|20200215|00:00|0.0107||||||||||||||.00153|
RD|I|40|143|0235|12105|7|7|003|089|20200221|00:00|0.0166||||||||||||||.00145|
RD|I|40|143|0235|12105|7|7|003|089|20200227|00:00|0.00969||||QX||||||||||.00149|
RD|I|40|143|0235|12105|7|7|003|089|20200304|00:00|0.0276||||||||||||||.00154|
RD|I|40|143|0235|12105|7|7|003|089|20200310|00:00|0.00785||||||||||||||.00152|
RD|I|40|143|0235|12105|7|7|003|089|20200316|00:00|0.00247||||SQ||||||||||.00152|
RD|I|40|143|0235|12105|7|7|003|089|20200322|00:00|0.00357||||SQ||||||||||.00153|
RD|I|40|143|0235|12105|7|7|003|089|20200328|00:00|0.0265||||||||||||||.00141|
RD|I|40|143|0235|12105|7|7|003|089|20200403|00:00|0.00414||||SQ||||||||||.00133|
RD|I|40|143|0235|12105|7|7|003|089|20200409|00:00|0.0205||||||||||||||.0014|
RD|I|40|143|0235|12105|7|7|003|089|20200415|00:00|0.0103||||||||||||||.00134|
RD|I|40|143|0235|12105|7|7|003|089|20200421|00:00|0.0188||||||||||||||.00141|
RD|I|40|143|0235|12105|7|7|003|089|20200427|00:00|0.0115||||||||||||||.00139|
RD|I|40|143|0235|12105|7|7|003|089|20200503|00:00|0.00957||||||||||||||.00143|
RD|I|40|143|0235|12105|7|7|003|089|20200509|00:00|0.00840||||||||||||||.00135|
RD|I|40|143|0235|12105|7|7|003|089|20200515|00:00|0.00698||||||||||||||.0014|
RD|I|40|143|0235|12105|7|7|003|089|20200521|00:00|0.0129||||||||||||||.00139|
RD|I|40|143|0235|12105|7|7|003|089|20200527|00:00|0.00619||||||||||||||.00138|
RD|I|40|143|0235|12105|7|7|003|089|20200602|00:00|0.0142||||||||||||||.0014|
RD|I|40|143|0235|12105|7|7|003|089|20200608|00:00|0.0236||||||||||||||.00145|
RD|I|40|143|0235|12105|7|7|003|089|20200614|00:00|0.0192||||||||||||||.00145|
RD|I|40|143|0235|12105|7|7|003|089|20200620|00:00|0.00672||||||||||||||.00144|
RD|I|40|143|0235|12105|7|7|003|089|20200626|00:00|0.0174||||||||||||||.00143|
RD|I|40|143|0235|12105|7|7|003|089|20200702|00:00|0.0370||||||||||||||.00144|
RD|I|40|143|0235|12105|7|7|003|089|20200708|00:00|0.0177||||||||||||||.00147|
RD|I|40|143|0235|12105|7|7|003|089|20200714|00:00|0.0315||||||||||||||.00147|
RD|I|40|143|0235|12105|7|7|003|089|20200720|00:00|0.0256||||||||||||||.00146|
RD|I|40|143|0235|12105|7|7|003|089|20200726|00:00|0.00919||||||||||||||.00146|
RD|I|40|143|0235|12105|7|7|003|089|20200801|00:00|0.00629||||||||||||||.00143|
RD|I|40|143|0235|12105|7|7|003|089|20200807|00:00|0.00692||||||||||||||.00142|
RD|I|40|143|0235|12105|7|7|003|089|20200813|00:00|0.00789||||||||||||||.00145|
RD|I|40|143|0235|12105|7|7|003|089|20200819|00:00|0.0171||||||||||||||.00142|
RD|I|40|143|0235|12105|7|7|003|089|20200825|00:00|0.0324||||||||||||||.00139|
RD|I|40|143|0235|12105|7|7|003|089|20200831|00:00|0.0117||||||||||||||.00143|
RD|I|40|143|0235|12105|7|7|003|089|20200906|00:00|0.0112||||||||||||||.00143|
RD|I|40|143|0235|12105|7|7|003|089|20200912|00:00|0.00646||||||||||||||.00139|
RD|I|40|143|0235|12105|7|7|003|089|20200918|00:00|0.0192||||||||||||||.00138|
RD|I|40|143|0235|12105|7|7|003|089|20200924|00:00|0.0128||||||||||||||.0014|
RD|I|40|143|0235|12105|7|7|003|089|20200930|00:00|0.0355||||||||||||||.00139|
RD|I|40|143|0235|12105|7|7|003|089|20201006|00:00|0.0294||||||||||||||.00138|
RD|I|40|143|0235|12105|7|7|003|089|20201012|00:00|0.0806||||||||||||||.0014|
RD|I|40|143|0235|12105|7|7|003|089|20201018|00:00|0.0159||||||||||||||.00136|
RD|I|40|143|0235|12105|7|7|003|089|20201024|00:00|0.00575||||||||||||||.00131|
RD|I|40|143|0235|12105|7|7|003|089|20201030|00:00|0.00812||||||||||||||.00132|
RD|I|40|143|0235|12105|7|7|003|089|20201105|00:00|0.0198||||||||||||||.00139|
RD|I|40|143|0235|12105|7|7|003|089|20201111|00:00|0.0103||||QX||||||||||.00131|
RD|I|40|143|0235|12105|7|7|003|089|20201117|00:00|0.0359||||||||||||||.00135|
RD|I|40|143|0235|12105|7|7|003|089|20201123|00:00|0.00779||||||||||||||.00133|
RD|I|40|143|0235|12105|7|7|003|089|20201129|00:00|0.00585||||||||||||||.00134|
RD|I|40|143|0235|12105|7|7|003|089|20201205|00:00|0.0128||||||||||||||.00132|
RD|I|40|143|0235|12105|7|7|003|089|20201211|00:00|0.0141||||||||||||||.00138|
RD|I|40|143|0235|12105|7|7|003|089|20201217|00:00|0.00585||||||||||||||.0013|
RD|I|40|143|0235|12105|7|7|003|089|20201223|00:00|0.0332||||||||||||||.00134|
RD|I|40|143|0235|12105|7|7|003|089|20201229|00:00|0.00534||||||||||||||.00133|
RD|I|40|143|0235|12110|6|7|003|089|20200104|00:00|0.0736||||||||||||||.00442|
RD|I|40|143|0235|12110|6|7|003|089|20200110|00:00|0.0571||||||||||||||.00472|
RD|I|40|143|0235|12110|6|7|003|089|20200116|00:00|0.106||||QX||||||||||.00434|
RD|I|40|143|0235|12110|6|7|003|089|20200122|00:00|0.0569||||||||||||||.00484|
RD|I|40|143|0235|12110|6|7|003|089|20200128|00:00|0.0886||||||||||||||.00492|
RD|I|40|143|0235|12110|6|7|003|089|20200203|00:00|0.234||||||||||||||.00512|
RD|I|40|143|0235|12110|6|7|003|089|20200209|00:00|0.0900||||QX||||||||||.00466|
RD|I|40|143|0235|12110|6|7|003|089|20200215|00:00|0.152||||QX||||||||||.00491|
RD|I|40|143|0235|12110|6|7|003|089|20200221|00:00|0.173||||||||||||||.00465|
RD|I|40|143|0235|12110|6|7|003|089|20200227|00:00|0.151||||||||||||||.00472|
RD|I|40|143|0235|12110|6|7|003|089|20200304|00:00|0.599||||||||||||||.00487|
RD|I|40|143|0235|12110|6|7|003|089|20200310|00:00|0.102||||||||||||||.00487|
RD|I|40|143|0235|12110|6|7|003|089|20200316|00:00|0.0529||||||||||||||.0048|
RD|I|40|143|0235|12110|6|7|003|089|20200322|00:00|0.109||||QX||||||||||.00482|
RD|I|40|143|0235|12110|6|7|003|089|20200328|00:00|0.315||||QX||||||||||.00433|
RD|I|40|143|0235|12110|6|7|003|089|20200403|00:00|0.0464||||QX||||||||||.00402|
RD|I|40|143|0235|12110|6|7|003|089|20200409|00:00|0.261||||||||||||||.00426|
RD|I|40|143|0235|12110|6|7|003|089|20200415|00:00|0.149||||||||||||||.00411|
RD|I|40|143|0235|12110|6|7|003|089|20200421|00:00|0.195||||||||||||||.00432|
RD|I|40|143|0235|12110|6|7|003|089|20200427|00:00|0.135||||QX||||||||||.00431|
RD|I|40|143|0235|12110|6|7|003|089|20200503|00:00|0.166||||||||||||||.00441|
RD|I|40|143|0235|12110|6|7|003|089|20200509|00:00|0.160||||||||||||||.00419|
RD|I|40|143|0235|12110|6|7|003|089|20200515|00:00|0.0487||||QX||||||||||.00433|
RD|I|40|143|0235|12110|6|7|003|089|20200521|00:00|0.126||||||||||||||.00434|
RD|I|40|143|0235|12110|6|7|003|089|20200527|00:00|0.0893||||||||||||||.00426|
RD|I|40|143|0235|12110|6|7|003|089|20200602|00:00|0.201||||QX||||||||||.00436|
RD|I|40|143|0235|12110|6|7|003|089|20200608|00:00|0.216||||||||||||||.00449|
RD|I|40|143|0235|12110|6|7|003|089|20200614|00:00|0.138||||||||||||||.00444|
RD|I|40|143|0235|12110|6|7|003|089|20200620|00:00|0.123||||||||||||||.00437|
RD|I|40|143|0235|12110|6|7|003|089|20200626|00:00|0.152||||QX||||||||||.00451|
RD|I|40|143|0235|12110|6|7|003|089|20200702|00:00|0.195||||||||||||||.00446|
RD|I|40|143|0235|12110|6|7|003|089|20200708|00:00|0.0924||||||||||||||.00452|
RD|I|40|143|0235|12110|6|7|003|089|20200714|00:00|0.111||||||||||||||.00457|
RD|I|40|143|0235|12110|6|7|003|089|20200720|00:00|0.134||||||||||||||.00457|
RD|I|40|143|0235|12110|6|7|003|089|20200726|00:00|0.115||||QX||||||||||.00452|
RD|I|40|143|0235|12110|6|7|003|089|20200801|00:00|0.108||||QX||||||||||.00441|
RD|I|40|143|0235|12110|6|7|003|089|20200807|00:00|0.0594||||QX||||||||||.00445|
RD|I|40|143|0235|12110|6|7|003|089|20200813|00:00|0.0435||||QX||||||||||.00446|
RD|I|40|143|0235|12110|6|7|003|089|20200819|00:00|0.171||||||||||||||.0044|
RD|I|40|143|0235|12110|6|7|003|089|20200825|00:00|0.256||||||||||||||.00452|
RD|I|40|143|0235|12110|6|7|003|089|20200831|00:00|0.0886||||||||||||||.00451|
RD|I|40|143|0235|12110|6|7|003|089|20200906|00:00|0.0940||||||||||||||.00441|
RD|I|40|143|0235|12110|6|7|003|089|20200912|00:00|0.0944||||QX||||||||||.00431|
RD|I|40|143|0235|12110|6|7|003|089|20200918|00:00|0.176||||||||||||||.00431|
RD|I|40|143|0235|12110|6|7|003|089|20200924|00:00|0.171||||QX||||||||||.00429|
RD|I|40|143|0235|12110|6|7|003|089|20200930|00:00|0.164||||||||||||||.00432|
RD|I|40|143|0235|12110|6|7|003|089|20201006|00:00|0.146||||||||||||||.00427|
RD|I|40|143|0235|12110|6|7|003|089|20201012|00:00|0.638||||QX||||||||||.00422|
RD|I|40|143|0235|12110|6|7|003|089|20201018|00:00|0.131||||QX||||||||||.00405|
RD|I|40|143|0235|12110|6|7|003|089|20201024|00:00|0.0618||||||||||||||.00397|
RD|I|40|143|0235|12110|6|7|003|089|20201030|00:00|0.127||||||||||||||.004|
RD|I|40|143|0235|12110|6|7|003|089|20201105|00:00|0.118||||||||||||||.00394|
RD|I|40|143|0235|12110|6|7|003|089|20201111|00:00|0.156||||||||||||||.00396|
RD|I|40|143|0235|12110|6|7|003|089|20201117|00:00|0.242||||||||||||||.00386|
RD|I|40|143|0235|12110|6|7|003|089|20201123|00:00|0.113||||QX||||||||||.00378|
RD|I|40|143|0235|12110|6|7|003|089|20201129|00:00|0.155||||||||||||||.00376|
RD|I|40|143|0235|12110|6|7|003|089|20201205|00:00|0.185||||||||||||||.00374|
RD|I|40|143|0235|12110|6|7|003|089|20201211|00:00|0.125||||||||||||||.00389|
RD|I|40|143|0235|12110|6|7|003|089|20201217|00:00|0.268||||||||||||||.00373|
RD|I|40|143|0235|12110|6|7|003|089|20201223|00:00|0.627||||QX||||||||||.00387|
RD|I|40|143|0235|12110|6|7|003|089|20201229|00:00|0.127||||||||||||||.00384|
RD|I|40|143|0235|12110|7|7|003|089|20200104|00:00|0.0748||||||||||||||.00467|
RD|I|40|143|0235|12110|7|7|003|089|20200110|00:00|0.0572||||||||||||||.00496|
RD|I|40|143|0235|12110|7|7|003|089|20200116|00:00|0.151||||QX||||||||||.00456|
RD|I|40|143|0235|12110|7|7|003|089|20200122|00:00|0.0572||||||||||||||.00465|
RD|I|40|143|0235|12110|7|7|003|089|20200128|00:00|0.0852||||||||||||||.0047|
RD|I|40|143|0235|12110|7|7|003|089|20200203|00:00|0.204||||||||||||||.00499|
RD|I|40|143|0235|12110|7|7|003|089|20200209|00:00|0.0980||||||||||||||.00487|
RD|I|40|143|0235|12110|7|7|003|089|20200215|00:00|0.190||||QX||||||||||.00477|
RD|I|40|143|0235|12110|7|7|003|089|20200221|00:00|0.152||||||||||||||.00453|
RD|I|40|143|0235|12110|7|7|003|089|20200227|00:00|0.125||||||||||||||.00466|
RD|I|40|143|0235|12110|7|7|003|089|20200304|00:00|0.554||||||||||||||.0048|
RD|I|40|143|0235|12110|7|7|003|089|20200310|00:00|0.0935||||||||||||||.00475|
RD|I|40|143|0235|12110|7|7|003|089|20200316|00:00|0.0634||||||||||||||.00474|
RD|I|40|143|0235|12110|7|7|003|089|20200322|00:00|0.136||||QX||||||||||.00477|
RD|I|40|143|0235|12110|7|7|003|089|20200328|00:00|0.426||||QX||||||||||.00441|
RD|I|40|143|0235|12110|7|7|003|089|20200403|00:00|0.0687||||QX||||||||||.00417|
RD|I|40|143|0235|12110|7|7|003|089|20200409|00:00|0.290||||||||||||||.00437|
RD|I|40|143|0235|12110|7|7|003|089|20200415|00:00|0.171||||||||||||||.00419|
RD|I|40|143|0235|12110|7|7|003|089|20200421|00:00|0.209||||||||||||||.0044|
RD|I|40|143|0235|12110|7|7|003|089|20200427|00:00|0.172||||QX||||||||||.00435|
RD|I|40|143|0235|12110|7|7|003|089|20200503|00:00|0.167||||||||||||||.00447|
RD|I|40|143|0235|12110|7|7|003|089|20200509|00:00|0.145||||||||||||||.00422|
RD|I|40|143|0235|12110|7|7|003|089|20200515|00:00|0.0684||||QX||||||||||.00437|
RD|I|40|143|0235|12110|7|7|003|089|20200521|00:00|0.106||||||||||||||.00435|
RD|I|40|143|0235|12110|7|7|003|089|20200527|00:00|0.103||||||||||||||.00431|
RD|I|40|143|0235|12110|7|7|003|089|20200602|00:00|0.116||||QX||||||||||.00437|
RD|I|40|143|0235|12110|7|7|003|089|20200608|00:00|0.222||||||||||||||.00453|
RD|I|40|143|0235|12110|7|7|003|089|20200614|00:00|0.143||||||||||||||.00452|
RD|I|40|143|0235|12110|7|7|003|089|20200620|00:00|0.122||||||||||||||.00448|
RD|I|40|143|0235|12110|7|7|003|089|20200626|00:00|0.220||||QX||||||||||.00447|
RD|I|40|143|0235|12110|7|7|003|089|20200702|00:00|0.206||||||||||||||.00449|
RD|I|40|143|0235|12110|7|7|003|089|20200708|00:00|0.0907||||||||||||||.00458|
RD|I|40|143|0235|12110|7|7|003|089|20200714|00:00|0.128||||||||||||||.00458|
RD|I|40|143|0235|12110|7|7|003|089|20200720|00:00|0.111||||||||||||||.00455|
RD|I|40|143|0235|12110|7|7|003|089|20200726|00:00|0.0627||||QX||||||||||.00456|
RD|I|40|143|0235|12110|7|7|003|089|20200801|00:00|0.137||||QX||||||||||.00446|
RD|I|40|143|0235|12110|7|7|003|089|20200807|00:00|0.150||||QX||||||||||.00443|
RD|I|40|143|0235|12110|7|7|003|089|20200813|00:00|0.0709||||QX||||||||||.00452|
RD|I|40|143|0235|12110|7|7|003|089|20200819|00:00|0.169||||||||||||||.00442|
RD|I|40|143|0235|12110|7|7|003|089|20200825|00:00|0.292||||||||||||||.00435|
RD|I|40|143|0235|12110|7|7|003|089|20200831|00:00|0.0964||||||||||||||.00447|
RD|I|40|143|0235|12110|7|7|003|089|20200906|00:00|0.112||||||||||||||.00445|
RD|I|40|143|0235|12110|7|7|003|089|20200912|00:00|0.116||||QX||||||||||.00434|
RD|I|40|143|0235|12110|7|7|003|089|20200918|00:00|0.188||||||||||||||.00432|
RD|I|40|143|0235|12110|7|7|003|089|20200924|00:00|0.249||||QX||||||||||.00437|
RD|I|40|143|0235|12110|7|7|003|089|20200930|00:00|0.157||||||||||||||.00435|
RD|I|40|143|0235|12110|7|7|003|089|20201006|00:00|0.162||||||||||||||.0043|
RD|I|40|143|0235|12110|7|7|003|089|20201012|00:00|0.355||||QX||||||||||.00437|
RD|I|40|143|0235|12110|7|7|003|089|20201018|00:00|0.172||||QX||||||||||.00425|
RD|I|40|143|0235|12110|7|7|003|089|20201024|00:00|0.0686||||||||||||||.00409|
RD|I|40|143|0235|12110|7|7|003|089|20201030|00:00|0.117||||||||||||||.00412|
RD|I|40|143|0235|12110|7|7|003|089|20201105|00:00|0.125||||||||||||||.00403|
RD|I|40|143|0235|12110|7|7|003|089|20201111|00:00|0.154||||||||||||||.0038|
RD|I|40|143|0235|12110|7|7|003|089|20201117|00:00|0.267||||||||||||||.00393|
RD|I|40|143|0235|12110|7|7|003|089|20201123|00:00|0.143||||QX||||||||||.00387|
RD|I|40|143|0235|12110|7|7|003|089|20201129|00:00|0.177||||||||||||||.00388|
RD|I|40|143|0235|12110|7|7|003|089|20201205|00:00|0.191||||||||||||||.00385|
RD|I|40|143|0235|12110|7|7|003|089|20201211|00:00|0.127||||||||||||||.00401|
RD|I|40|143|0235|12110|7|7|003|089|20201217|00:00|0.287||||||||||||||.00379|
RD|I|40|143|0235|12110|7|7|003|089|20201223|00:00|0.265||||QX||||||||||.00391|
RD|I|40|143|0235|12110|7|7|003|089|20201229|00:00|0.123||||||||||||||.00388|
RD|I|40|143|0235|12112|6|7|003|089|20200104|00:00|1.23||||SQ||||||||||1.02|
RD|I|40|143|0235|12112|6|7|003|089|20200110|00:00|1.40||||SQ||||||||||1.09|
RD|I|40|143|0235|12112|6|7|003|089|20200116|00:00|1.90||||SQ||||||||||1|
RD|I|40|143|0235|12112|6|7|003|089|20200122|00:00|1.02||||MD||||||||||1.12|
RD|I|40|143|0235|12112|6|7|003|089|20200128|00:00|1.37||||SQ||||||||||1.14|
RD|I|40|143|0235|12112|6|7|003|089|20200203|00:00|2.57||||SQ||||||||||1.18|
RD|I|40|143|0235|12112|6|7|003|089|20200209|00:00|1.12||||SQ||||||||||1.08|
RD|I|40|143|0235|12112|6|7|003|089|20200215|00:00|1.60||||SQ||||||||||1.14|
RD|I|40|143|0235|12112|6|7|003|089|20200221|00:00|8.12||||||||||||||1.07|
RD|I|40|143|0235|12112|6|7|003|089|20200227|00:00|7.96||||||||||||||1.09|
RD|I|40|143|0235|12112|6|7|003|089|20200304|00:00|5.38||||||||||||||1.13|
RD|I|40|143|0235|12112|6|7|003|089|20200310|00:00|1.60||||SQ||||||||||1.12|
RD|I|40|143|0235|12112|6|7|003|089|20200316|00:00|1.31||||SQ||||||||||1.11|
RD|I|40|143|0235|12112|6|7|003|089|20200322|00:00|1.21||||SQ||||||||||1.11|
RD|I|40|143|0235|12112|6|7|003|089|20200328|00:00|1.62||||SQ||||||||||1|
RD|I|40|143|0235|12112|6|7|003|089|20200403|00:00|0.913||||MD||||||||||.929|
RD|I|40|143|0235|12112|6|7|003|089|20200409|00:00|1.85||||SQ||||||||||.984|
RD|I|40|143|0235|12112|6|7|003|089|20200415|00:00|1.34||||SQ||||||||||.949|
RD|I|40|143|0235|12112|6|7|003|089|20200421|00:00|3.04||||SQ||||||||||.998|
RD|I|40|143|0235|12112|6|7|003|089|20200427|00:00|1.35||||SQ||||||||||.995|
RD|I|40|143|0235|12112|6|7|003|089|20200503|00:00|1.21||||SQ||||||||||1.02|
RD|I|40|143|0235|12112|6|7|003|089|20200509|00:00|29.4||||DI||||||||||1.94|
RD|I|40|143|0235|12112|6|7|003|089|20200515|00:00|1.42||||SQ||||||||||1|
RD|I|40|143|0235|12112|6|7|003|089|20200521|00:00|1.49||||SQ||||||||||1|
RD|I|40|143|0235|12112|6|7|003|089|20200527|00:00|1.87||||SQ||||||||||.984|
RD|I|40|143|0235|12112|6|7|003|089|20200602|00:00|1.61||||SQ||||||||||1.01|
RD|I|40|143|0235|12112|6|7|003|089|20200608|00:00|1.68||||SQ||||||||||1.04|
RD|I|40|143|0235|12112|6|7|003|089|20200614|00:00|1.54||||SQ||||||||||1.02|
RD|I|40|143|0235|12112|6|7|003|089|20200620|00:00|1.18||||SQ||||||||||1.01|
RD|I|40|143|0235|12112|6|7|003|089|20200626|00:00|1.98||||SQ||||||||||1.04|
RD|I|40|143|0235|12112|6|7|003|089|20200702|00:00|4.14||||||||||||||1.03|
RD|I|40|143|0235|12112|6|7|003|089|20200708|00:00|1.68||||SQ||||||||||1.05|
RD|I|40|143|0235|12112|6|7|003|089|20200714|00:00|1.85||||SQ||||||||||1.06|
RD|I|40|143|0235|12112|6|7|003|089|20200720|00:00|1.76||||SQ||||||||||1.05|
RD|I|40|143|0235|12112|6|7|003|089|20200726|00:00|1.17||||SQ||||||||||1.04|
RD|I|40|143|0235|12112|6|7|003|089|20200801|00:00|1.75||||SQ||||||||||1.02|
RD|I|40|143|0235|12112|6|7|003|089|20200807|00:00|1.23||||SQ||||||||||1.03|
RD|I|40|143|0235|12112|6|7|003|089|20200813|00:00|1.39||||SQ||||||||||1.03|
RD|I|40|143|0235|12112|6|7|003|089|20200819|00:00|2.70||||SQ||||||||||1.02|
RD|I|40|143|0235|12112|6|7|003|089|20200825|00:00|4.57||||||||||||||1.04|
RD|I|40|143|0235|12112|6|7|003|089|20200831|00:00|2.10||||SQ||||||||||1.04|
RD|I|40|143|0235|12112|6|7|003|089|20200906|00:00|1.82||||SQ||||||||||1.02|
RD|I|40|143|0235|12112|6|7|003|089|20200912|00:00|2.18||||SQ||||||||||.995|
RD|I|40|143|0235|12112|6|7|003|089|20200918|00:00|2.75||||SQ||||||||||.996|
RD|I|40|143|0235|12112|6|7|003|089|20200924|00:00|34.6||||DI||||||||||1.98|
RD|I|40|143|0235|12112|6|7|003|089|20200930|00:00|3.19||||||||||||||.999|
RD|I|40|143|0235|12112|6|7|003|089|20201006|00:00|2.35||||SQ||||||||||.986|
RD|I|40|143|0235|12112|6|7|003|089|20201012|00:00|4.30||||||||||||||.976|
RD|I|40|143|0235|12112|6|7|003|089|20201018|00:00|1.32||||SQ||||||||||.936|
RD|I|40|143|0235|12112|6|7|003|089|20201024|00:00|1.02||||SQ||||||||||.918|
RD|I|40|143|0235|12112|6|7|003|089|20201030|00:00|1.89||||SQ||||||||||.923|
RD|I|40|143|0235|12112|6|7|003|089|20201105|00:00|1.79||||SQ||||||||||.986|
RD|I|40|143|0235|12112|6|7|003|089|20201111|00:00|3.91||||||||||||||.989|
RD|I|40|143|0235|12112|6|7|003|089|20201117|00:00|26.1||||DI||||||||||1.93|
RD|I|40|143|0235|12112|6|7|003|089|20201123|00:00|5.68||||||||||||||.944|
RD|I|40|143|0235|12112|6|7|003|089|20201129|00:00|1.13||||SQ||||||||||.939|
RD|I|40|143|0235|12112|6|7|003|089|20201205|00:00|1.98||||SQ||||||||||.934|
RD|I|40|143|0235|12112|6|7|003|089|20201211|00:00|1.88||||SQ||||||||||.973|
RD|I|40|143|0235|12112|6|7|003|089|20201217|00:00|1.97||||SQ||||||||||.932|
RD|I|40|143|0235|12112|6|7|003|089|20201223|00:00|8.14||||||||||||||.966|
RD|I|40|143|0235|12112|6|7|003|089|20201229|00:00|1.02||||SQ||||||||||.961|
RD|I|40|143|0235|12112|7|7|003|089|20200104|00:00|1.26||||SQ||||||||||1.08|
RD|I|40|143|0235|12112|7|7|003|089|20200110|00:00|1.43||||SQ||||||||||1.15|
RD|I|40|143|0235|12112|7|7|003|089|20200116|00:00|1.90||||SQ||||||||||1.05|
RD|I|40|143|0235|12112|7|7|003|089|20200122|00:00|0.979||||MD||||||||||1.07|
RD|I|40|143|0235|12112|7|7|003|089|20200128|00:00|1.21||||SQ||||||||||1.09|
RD|I|40|143|0235|12112|7|7|003|089|20200203|00:00|2.56||||SQ||||||||||1.15|
RD|I|40|143|0235|12112|7|7|003|089|20200209|00:00|1.11||||MD||||||||||1.13|
RD|I|40|143|0235|12112|7|7|003|089|20200215|00:00|1.57||||SQ||||||||||1.1|
RD|I|40|143|0235|12112|7|7|003|089|20200221|00:00|7.43||||||||||||||1.05|
RD|I|40|143|0235|12112|7|7|003|089|20200227|00:00|7.77||||||||||||||1.08|
RD|I|40|143|0235|12112|7|7|003|089|20200304|00:00|4.74||||||||||||||1.11|
RD|I|40|143|0235|12112|7|7|003|089|20200310|00:00|1.58||||SQ||||||||||1.1|
RD|I|40|143|0235|12112|7|7|003|089|20200316|00:00|1.27||||SQ||||||||||1.09|
RD|I|40|143|0235|12112|7|7|003|089|20200322|00:00|1.21||||SQ||||||||||1.1|
RD|I|40|143|0235|12112|7|7|003|089|20200328|00:00|1.67||||SQ||||||||||1.02|
RD|I|40|143|0235|12112|7|7|003|089|20200403|00:00|0.991||||SQ||||||||||.962|
RD|I|40|143|0235|12112|7|7|003|089|20200409|00:00|2.01||||SQ||||||||||1.01|
RD|I|40|143|0235|12112|7|7|003|089|20200415|00:00|1.38||||SQ||||||||||.969|
RD|I|40|143|0235|12112|7|7|003|089|20200421|00:00|3.07||||SQ||||||||||1.02|
RD|I|40|143|0235|12112|7|7|003|089|20200427|00:00|1.34||||SQ||||||||||1.01|
RD|I|40|143|0235|12112|7|7|003|089|20200503|00:00|1.16||||SQ||||||||||1.03|
RD|I|40|143|0235|12112|7|7|003|089|20200509|00:00|29.4||||DI||||||||||1.95|
RD|I|40|143|0235|12112|7|7|003|089|20200515|00:00|1.63||||SQ||||||||||1.01|
RD|I|40|143|0235|12112|7|7|003|089|20200521|00:00|1.45||||SQ||||||||||1.01|
RD|I|40|143|0235|12112|7|7|003|089|20200527|00:00|1.86||||SQ||||||||||.996|
RD|I|40|143|0235|12112|7|7|003|089|20200602|00:00|1.72||||SQ||||||||||1.01|
RD|I|40|143|0235|12112|7|7|003|089|20200608|00:00|1.67||||SQ||||||||||1.05|
RD|I|40|143|0235|12112|7|7|003|089|20200614|00:00|1.62||||SQ||||||||||1.04|
RD|I|40|143|0235|12112|7|7|003|089|20200620|00:00|1.29||||SQ||||||||||1.04|
RD|I|40|143|0235|12112|7|7|003|089|20200626|00:00|1.87||||SQ||||||||||1.03|
RD|I|40|143|0235|12112|7|7|003|089|20200702|00:00|4.15||||||||||||||1.04|
RD|I|40|143|0235|12112|7|7|003|089|20200708|00:00|1.77||||SQ||||||||||1.06|
RD|I|40|143|0235|12112|7|7|003|089|20200714|00:00|1.87||||SQ||||||||||1.06|
RD|I|40|143|0235|12112|7|7|003|089|20200720|00:00|1.81||||SQ||||||||||1.05|
RD|I|40|143|0235|12112|7|7|003|089|20200726|00:00|1.19||||SQ||||||||||1.05|
RD|I|40|143|0235|12112|7|7|003|089|20200801|00:00|1.66||||SQ||||||||||1.03|
RD|I|40|143|0235|12112|7|7|003|089|20200807|00:00|1.30||||SQ||||||||||1.02|
RD|I|40|143|0235|12112|7|7|003|089|20200813|00:00|1.60||||SQ||||||||||1.05|
RD|I|40|143|0235|12112|7|7|003|089|20200819|00:00|2.48||||SQ||||||||||1.02|
RD|I|40|143|0235|12112|7|7|003|089|20200825|00:00|4.89||||||||||||||1.01|
RD|I|40|143|0235|12112|7|7|003|089|20200831|00:00|2.08||||SQ||||||||||1.03|
RD|I|40|143|0235|12112|7|7|003|089|20200906|00:00|1.85||||SQ||||||||||1.03|
RD|I|40|143|0235|12112|7|7|003|089|20200912|00:00|2.77||||SQ||||||||||1|
RD|I|40|143|0235|12112|7|7|003|089|20200918|00:00|2.75||||SQ||||||||||.998|
RD|I|40|143|0235|12112|7|7|003|089|20200924|00:00|34.6||||DI||||||||||2.02|
RD|I|40|143|0235|12112|7|7|003|089|20200930|00:00|3.28||||||||||||||1|
RD|I|40|143|0235|12112|7|7|003|089|20201006|00:00|2.32||||SQ||||||||||.993|
RD|I|40|143|0235|12112|7|7|003|089|20201012|00:00|3.88||||||||||||||1.01|
RD|I|40|143|0235|12112|7|7|003|089|20201018|00:00|1.39||||SQ||||||||||.981|
RD|I|40|143|0235|12112|7|7|003|089|20201024|00:00|1.08||||SQ||||||||||.945|
RD|I|40|143|0235|12112|7|7|003|089|20201030|00:00|1.95||||SQ||||||||||.953|
RD|I|40|143|0235|12112|7|7|003|089|20201105|00:00|1.69||||SQ||||||||||1.01|
RD|I|40|143|0235|12112|7|7|003|089|20201111|00:00|4.10||||||||||||||.951|
RD|I|40|143|0235|12112|7|7|003|089|20201117|00:00|28.0||||DI||||||||||1.97|
RD|I|40|143|0235|12112|7|7|003|089|20201123|00:00|5.99||||||||||||||.969|
RD|I|40|143|0235|12112|7|7|003|089|20201129|00:00|1.24||||SQ||||||||||.97|
RD|I|40|143|0235|12112|7|7|003|089|20201205|00:00|1.98||||SQ||||||||||.962|
RD|I|40|143|0235|12112|7|7|003|089|20201211|00:00|1.92||||SQ||||||||||1|
RD|I|40|143|0235|12112|7|7|003|089|20201217|00:00|2.03||||SQ||||||||||.947|
RD|I|40|143|0235|12112|7|7|003|089|20201223|00:00|8.07||||||||||||||.977|
RD|I|40|143|0235|12112|7|7|003|089|20201229|00:00|1.05||||SQ||||||||||.969|
RD|I|40|143|0235|12128|6|7|003|089|20200104|00:00|2.25||||||||||||||.126|
RD|I|40|143|0235|12128|6|7|003|089|20200110|00:00|1.23||||||||||||||.135|
RD|I|40|143|0235|12128|6|7|003|089|20200116|00:00|2.11||||||||||||||.124|
RD|I|40|143|0235|12128|6|7|003|089|20200122|00:00|0.671||||||||||||||.138|
RD|I|40|143|0235|12128|6|7|003|089|20200128|00:00|1.38||||||||||||||.14|
RD|I|40|143|0235|12128|6|7|003|089|20200203|00:00|5.00||||||||||||||.146|
RD|I|40|143|0235|12128|6|7|003|089|20200209|00:00|1.93||||||||||||||.133|
RD|I|40|143|0235|12128|6|7|003|089|20200215|00:00|3.46||||||||||||||.14|
RD|I|40|143|0235|12128|6|7|003|089|20200221|00:00|5.87||||||||||||||.133|
RD|I|40|143|0235|12128|6|7|003|089|20200227|00:00|3.12||||||||||||||.135|
RD|I|40|143|0235|12128|6|7|003|089|20200304|00:00|12.5||||||||||||||.139|
RD|I|40|143|0235|12128|6|7|003|089|20200310|00:00|2.29||||||||||||||.139|
RD|I|40|143|0235|12128|6|7|003|089|20200316|00:00|1.05||||||||||||||.137|
RD|I|40|143|0235|12128|6|7|003|089|20200322|00:00|1.56||||||||||||||.138|
RD|I|40|143|0235|12128|6|7|003|089|20200328|00:00|2.65||||||||||||||.124|
RD|I|40|143|0235|12128|6|7|003|089|20200403|00:00|0.767||||||||||||||.115|
RD|I|40|143|0235|12128|6|7|003|089|20200409|00:00|2.61||||||||||||||.122|
RD|I|40|143|0235|12128|6|7|003|089|20200415|00:00|14.5||||||||||||||.117|
RD|I|40|143|0235|12128|6|7|003|089|20200421|00:00|5.61||||||||||||||.123|
RD|I|40|143|0235|12128|6|7|003|089|20200427|00:00|2.94||||||||||||||.123|
RD|I|40|143|0235|12128|6|7|003|089|20200503|00:00|3.33||||||||||||||.126|
RD|I|40|143|0235|12128|6|7|003|089|20200509|00:00|3.40||||||||||||||.12|
RD|I|40|143|0235|12128|6|7|003|089|20200515|00:00|1.14||||||||||||||.124|
RD|I|40|143|0235|12128|6|7|003|089|20200521|00:00|2.43||||||||||||||.124|
RD|I|40|143|0235|12128|6|7|003|089|20200527|00:00|4.13||||||||||||||.122|
RD|I|40|143|0235|12128|6|7|003|089|20200602|00:00|2.80||||||||||||||.124|
RD|I|40|143|0235|12128|6|7|003|089|20200608|00:00|3.17||||||||||||||.128|
RD|I|40|143|0235|12128|6|7|003|089|20200614|00:00|3.53||||||||||||||.127|
RD|I|40|143|0235|12128|6|7|003|089|20200620|00:00|1.67||||||||||||||.125|
RD|I|40|143|0235|12128|6|7|003|089|20200626|00:00|2.47||||||||||||||.129|
RD|I|40|143|0235|12128|6|7|003|089|20200702|00:00|3.77||||||||||||||.127|
RD|I|40|143|0235|12128|6|7|003|089|20200708|00:00|2.47||||||||||||||.129|
RD|I|40|143|0235|12128|6|7|003|089|20200714|00:00|2.71||||||||||||||.13|
RD|I|40|143|0235|12128|6|7|003|089|20200720|00:00|4.11||||||||||||||.13|
RD|I|40|143|0235|12128|6|7|003|089|20200726|00:00|2.37||||QX||||||||||.129|
RD|I|40|143|0235|12128|6|7|003|089|20200801|00:00|3.91||||||||||||||.126|
RD|I|40|143|0235|12128|6|7|003|089|20200807|00:00|1.65||||||||||||||.127|
RD|I|40|143|0235|12128|6|7|003|089|20200813|00:00|1.69||||||||||||||.127|
RD|I|40|143|0235|12128|6|7|003|089|20200819|00:00|5.56||||QX||||||||||.126|
RD|I|40|143|0235|12128|6|7|003|089|20200825|00:00|10.2||||QX||||||||||.129|
RD|I|40|143|0235|12128|6|7|003|089|20200831|00:00|2.48||||||||||||||.129|
RD|I|40|143|0235|12128|6|7|003|089|20200906|00:00|2.03||||||||||||||.126|
RD|I|40|143|0235|12128|6|7|003|089|20200912|00:00|2.14||||||||||||||.123|
RD|I|40|143|0235|12128|6|7|003|089|20200918|00:00|4.23||||||||||||||.123|
RD|I|40|143|0235|12128|6|7|003|089|20200924|00:00|5.46||||||||||||||.123|
RD|I|40|143|0235|12128|6|7|003|089|20200930|00:00|5.03||||||||||||||.123|
RD|I|40|143|0235|12128|6|7|003|089|20201006|00:00|4.37||||||||||||||.122|
RD|I|40|143|0235|12128|6|7|003|089|20201012|00:00|12.6||||||||||||||.121|
RD|I|40|143|0235|12128|6|7|003|089|20201018|00:00|2.29||||||||||||||.116|
RD|I|40|143|0235|12128|6|7|003|089|20201024|00:00|1.45||||QX||||||||||.113|
RD|I|40|143|0235|12128|6|7|003|089|20201030|00:00|4.08||||||||||||||.114|
RD|I|40|143|0235|12128|6|7|003|089|20201105|00:00|3.87||||||||||||||.116|
RD|I|40|143|0235|12128|6|7|003|089|20201111|00:00|6.45||||||||||||||.117|
RD|I|40|143|0235|12128|6|7|003|089|20201117|00:00|5.80||||||||||||||.114|
RD|I|40|143|0235|12128|6|7|003|089|20201123|00:00|2.24||||||||||||||.111|
RD|I|40|143|0235|12128|6|7|003|089|20201129|00:00|1.51||||||||||||||.111|
RD|I|40|143|0235|12128|6|7|003|089|20201205|00:00|3.03||||||||||||||.11|
RD|I|40|143|0235|12128|6|7|003|089|20201211|00:00|2.75||||||||||||||.115|
RD|I|40|143|0235|12128|6|7|003|089|20201217|00:00|7.01||||||||||||||.11|
RD|I|40|143|0235|12128|6|7|003|089|20201223|00:00|4.46||||||||||||||.114|
RD|I|40|143|0235|12128|6|7|003|089|20201229|00:00|2.28||||||||||||||.113|
RD|I|40|143|0235|12128|7|7|003|089|20200104|00:00|2.14||||||||||||||.133|
RD|I|40|143|0235|12128|7|7|003|089|20200110|00:00|1.06||||||||||||||.142|
RD|I|40|143|0235|12128|7|7|003|089|20200116|00:00|2.08||||||||||||||.13|
RD|I|40|143|0235|12128|7|7|003|089|20200122|00:00|0.751||||||||||||||.133|
RD|I|40|143|0235|12128|7|7|003|089|20200128|00:00|1.31||||||||||||||.134|
RD|I|40|143|0235|12128|7|7|003|089|20200203|00:00|5.04||||||||||||||.142|
RD|I|40|143|0235|12128|7|7|003|089|20200209|00:00|1.78||||||||||||||.139|
RD|I|40|143|0235|12128|7|7|003|089|20200215|00:00|3.36||||||||||||||.136|
RD|I|40|143|0235|12128|7|7|003|089|20200221|00:00|5.17||||||||||||||.129|
RD|I|40|143|0235|12128|7|7|003|089|20200227|00:00|3.15||||||||||||||.133|
RD|I|40|143|0235|12128|7|7|003|089|20200304|00:00|10.9||||||||||||||.137|
RD|I|40|143|0235|12128|7|7|003|089|20200310|00:00|2.12||||||||||||||.135|
RD|I|40|143|0235|12128|7|7|003|089|20200316|00:00|1.07||||||||||||||.135|
RD|I|40|143|0235|12128|7|7|003|089|20200322|00:00|1.61||||||||||||||.136|
RD|I|40|143|0235|12128|7|7|003|089|20200328|00:00|2.66||||||||||||||.126|
RD|I|40|143|0235|12128|7|7|003|089|20200403|00:00|0.810||||||||||||||.119|
RD|I|40|143|0235|12128|7|7|003|089|20200409|00:00|2.50||||||||||||||.125|
RD|I|40|143|0235|12128|7|7|003|089|20200415|00:00|14.5||||||||||||||.12|
RD|I|40|143|0235|12128|7|7|003|089|20200421|00:00|5.85||||||||||||||.126|
RD|I|40|143|0235|12128|7|7|003|089|20200427|00:00|3.17||||||||||||||.124|
RD|I|40|143|0235|12128|7|7|003|089|20200503|00:00|3.18||||||||||||||.128|
RD|I|40|143|0235|12128|7|7|003|089|20200509|00:00|2.98||||||||||||||.12|
RD|I|40|143|0235|12128|7|7|003|089|20200515|00:00|1.31||||||||||||||.125|
RD|I|40|143|0235|12128|7|7|003|089|20200521|00:00|2.18||||||||||||||.124|
RD|I|40|143|0235|12128|7|7|003|089|20200527|00:00|4.05||||||||||||||.123|
RD|I|40|143|0235|12128|7|7|003|089|20200602|00:00|2.92||||||||||||||.125|
RD|I|40|143|0235|12128|7|7|003|089|20200608|00:00|3.13||||||||||||||.129|
RD|I|40|143|0235|12128|7|7|003|089|20200614|00:00|2.89||||||||||||||.129|
RD|I|40|143|0235|12128|7|7|003|089|20200620|00:00|1.89||||||||||||||.128|
RD|I|40|143|0235|12128|7|7|003|089|20200626|00:00|2.57||||||||||||||.127|
RD|I|40|143|0235|12128|7|7|003|089|20200702|00:00|4.00||||||||||||||.128|
RD|I|40|143|0235|12128|7|7|003|089|20200708|00:00|2.42||||||||||||||.131|
RD|I|40|143|0235|12128|7|7|003|089|20200714|00:00|2.75||||||||||||||.131|
RD|I|40|143|0235|12128|7|7|003|089|20200720|00:00|3.98||||||||||||||.13|
RD|I|40|143|0235|12128|7|7|003|089|20200726|00:00|1.60||||QX||||||||||.13|
RD|I|40|143|0235|12128|7|7|003|089|20200801|00:00|3.87||||||||||||||.127|
RD|I|40|143|0235|12128|7|7|003|089|20200807|00:00|1.68||||||||||||||.127|
RD|I|40|143|0235|12128|7|7|003|089|20200813|00:00|1.70||||||||||||||.129|
RD|I|40|143|0235|12128|7|7|003|089|20200819|00:00|4.10||||QX||||||||||.126|
RD|I|40|143|0235|12128|7|7|003|089|20200825|00:00|12.8||||QX||||||||||.124|
RD|I|40|143|0235|12128|7|7|003|089|20200831|00:00|2.61||||||||||||||.128|
RD|I|40|143|0235|12128|7|7|003|089|20200906|00:00|2.13||||||||||||||.127|
RD|I|40|143|0235|12128|7|7|003|089|20200912|00:00|2.21||||||||||||||.124|
RD|I|40|143|0235|12128|7|7|003|089|20200918|00:00|4.50||||||||||||||.123|
RD|I|40|143|0235|12128|7|7|003|089|20200924|00:00|5.53||||||||||||||.125|
RD|I|40|143|0235|12128|7|7|003|089|20200930|00:00|4.81||||||||||||||.124|
RD|I|40|143|0235|12128|7|7|003|089|20201006|00:00|4.23||||||||||||||.123|
RD|I|40|143|0235|12128|7|7|003|089|20201012|00:00|10.5||||||||||||||.125|
RD|I|40|143|0235|12128|7|7|003|089|20201018|00:00|2.39||||||||||||||.121|
RD|I|40|143|0235|12128|7|7|003|089|20201024|00:00|2.19||||QX||||||||||.117|
RD|I|40|143|0235|12128|7|7|003|089|20201030|00:00|4.10||||||||||||||.118|
RD|I|40|143|0235|12128|7|7|003|089|20201105|00:00|3.82||||||||||||||.119|
RD|I|40|143|0235|12128|7|7|003|089|20201111|00:00|6.31||||||||||||||.112|
RD|I|40|143|0235|12128|7|7|003|089|20201117|00:00|6.07||||||||||||||.116|
RD|I|40|143|0235|12128|7|7|003|089|20201123|00:00|2.42||||||||||||||.114|
RD|I|40|143|0235|12128|7|7|003|089|20201129|00:00|1.62||||||||||||||.115|
RD|I|40|143|0235|12128|7|7|003|089|20201205|00:00|3.40||||||||||||||.114|
RD|I|40|143|0235|12128|7|7|003|089|20201211|00:00|2.71||||||||||||||.118|
RD|I|40|143|0235|12128|7|7|003|089|20201217|00:00|7.04||||||||||||||.112|
RD|I|40|143|0235|12128|7|7|003|089|20201223|00:00|4.59||||||||||||||.115|
RD|I|40|143|0235|12128|7|7|003|089|20201229|00:00|2.30||||||||||||||.114|
RD|I|40|143|0235|12132|6|7|003|089|20200104|00:00|8.25||||||||||||||.449|
RD|I|40|143|0235|12132|6|7|003|089|20200110|00:00|5.09||||||||||||||.48|
RD|I|40|143|0235|12132|6|7|003|089|20200116|00:00|14.6||||||||||||||.441|
RD|I|40|143|0235|12132|6|7|003|089|20200122|00:00|1.99||||||||||||||.491|
RD|I|40|143|0235|12132|6|7|003|089|20200128|00:00|7.33||||||||||||||.5|
RD|I|40|143|0235|12132|6|7|003|089|20200203|00:00|34.9||||||||||||||.52|
RD|I|40|143|0235|12132|6|7|003|089|20200209|00:00|6.99||||||||||||||.473|
RD|I|40|143|0235|12132|6|7|003|089|20200215|00:00|18.5||||||||||||||.499|
RD|I|40|143|0235|12132|6|7|003|089|20200221|00:00|32.0||||||||||||||.472|
RD|I|40|143|0235|12132|6|7|003|089|20200227|00:00|22.2||||||||||||||.479|
RD|I|40|143|0235|12132|6|7|003|089|20200304|00:00|60.3||||||||||||||.495|
RD|I|40|143|0235|12132|6|7|003|089|20200310|00:00|12.6||||||||||||||.494|
RD|I|40|143|0235|12132|6|7|003|089|20200316|00:00|4.65||||||||||||||.487|
RD|I|40|143|0235|12132|6|7|003|089|20200322|00:00|3.81||||||||||||||.489|
RD|I|40|143|0235|12132|6|7|003|089|20200328|00:00|21.4||||||||||||||.44|
RD|I|40|143|0235|12132|6|7|003|089|20200403|00:00|5.29||||||||||||||.409|
RD|I|40|143|0235|12132|6|7|003|089|20200409|00:00|41.0||||||||||||||.433|
RD|I|40|143|0235|12132|6|7|003|089|20200415|00:00|15.9||||||||||||||.417|
RD|I|40|143|0235|12132|6|7|003|089|20200421|00:00|34.4||||||||||||||.439|
RD|I|40|143|0235|12132|6|7|003|089|20200427|00:00|17.5||||||||||||||.437|
RD|I|40|143|0235|12132|6|7|003|089|20200503|00:00|12.7||||||||||||||.448|
RD|I|40|143|0235|12132|6|7|003|089|20200509|00:00|18.2||||||||||||||.426|
RD|I|40|143|0235|12132|6|7|003|089|20200515|00:00|8.19||||||||||||||.44|
RD|I|40|143|0235|12132|6|7|003|089|20200521|00:00|17.4||||||||||||||.441|
RD|I|40|143|0235|12132|6|7|003|089|20200527|00:00|9.30||||||||||||||.432|
RD|I|40|143|0235|12132|6|7|003|089|20200602|00:00|19.4||||||||||||||.443|
RD|I|40|143|0235|12132|6|7|003|089|20200608|00:00|24.5||||||||||||||.456|
RD|I|40|143|0235|12132|6|7|003|089|20200614|00:00|20.4||||||||||||||.45|
RD|I|40|143|0235|12132|6|7|003|089|20200620|00:00|9.24||||||||||||||.444|
RD|I|40|143|0235|12132|6|7|003|089|20200626|00:00|20.7||||||||||||||.458|
RD|I|40|143|0235|12132|6|7|003|089|20200702|00:00|32.9||||||||||||||.453|
RD|I|40|143|0235|12132|6|7|003|089|20200708|00:00|20.4||||||||||||||.459|
RD|I|40|143|0235|12132|6|7|003|089|20200714|00:00|28.4||||||||||||||.464|
RD|I|40|143|0235|12132|6|7|003|089|20200720|00:00|27.3||||||||||||||.464|
RD|I|40|143|0235|12132|6|7|003|089|20200726|00:00|11.0||||||||||||||.459|
RD|I|40|143|0235|12132|6|7|003|089|20200801|00:00|11.6||||||||||||||.448|
RD|I|40|143|0235|12132|6|7|003|089|20200807|00:00|10.6||||||||||||||.452|
RD|I|40|143|0235|12132|6|7|003|089|20200813|00:00|9.29||||||||||||||.453|
RD|I|40|143|0235|12132|6|7|003|089|20200819|00:00|32.3||||||||||||||.447|
RD|I|40|143|0235|12132|6|7|003|089|20200825|00:00|56.3||||||||||||||.459|
RD|I|40|143|0235|12132|6|7|003|089|20200831|00:00|15.5||||||||||||||.458|
RD|I|40|143|0235|12132|6|7|003|089|20200906|00:00|14.0||||||||||||||.448|
RD|I|40|143|0235|12132|6|7|003|089|20200912|00:00|10.8||||||||||||||.437|
RD|I|40|143|0235|12132|6|7|003|089|20200918|00:00|39.1||||||||||||||.438|
RD|I|40|143|0235|12132|6|7|003|089|20200924|00:00|28.7||||||||||||||.436|
RD|I|40|143|0235|12132|6|7|003|089|20200930|00:00|51.6||||||||||||||.439|
RD|I|40|143|0235|12132|6|7|003|089|20201006|00:00|37.6||||||||||||||.433|
RD|I|40|143|0235|12132|6|7|003|089|20201012|00:00|81.4||||||||||||||.429|
RD|I|40|143|0235|12132|6|7|003|089|20201018|00:00|19.7||||||||||||||.411|
RD|I|40|143|0235|12132|6|7|003|089|20201024|00:00|7.44||||||||||||||.404|
RD|I|40|143|0235|12132|6|7|003|089|20201030|00:00|14.0||||||||||||||.406|
RD|I|40|143|0235|12132|6|7|003|089|20201105|00:00|24.7||||||||||||||.415|
RD|I|40|143|0235|12132|6|7|003|089|20201111|00:00|24.3||||||||||||||.416|
RD|I|40|143|0235|12132|6|7|003|089|20201117|00:00|53.6||||||||||||||.406|
RD|I|40|143|0235|12132|6|7|003|089|20201123|00:00|11.0||||||||||||||.397|
RD|I|40|143|0235|12132|6|7|003|089|20201129|00:00|9.37||||||||||||||.395|
RD|I|40|143|0235|12132|6|7|003|089|20201205|00:00|17.3||||||||||||||.393|
RD|I|40|143|0235|12132|6|7|003|089|20201211|00:00|29.7||||||||||||||.409|
RD|I|40|143|0235|12132|6|7|003|089|20201217|00:00|16.2||||||||||||||.392|
RD|I|40|143|0235|12132|6|7|003|089|20201223|00:00|30.5||||||||||||||.406|
RD|I|40|143|0235|12132|6|7|003|089|20201229|00:00|6.97||||||||||||||.404|
RD|I|40|143|0235|12132|7|7|003|089|20200104|00:00|7.80||||||||||||||.475|
RD|I|40|143|0235|12132|7|7|003|089|20200110|00:00|5.17||||||||||||||.504|
RD|I|40|143|0235|12132|7|7|003|089|20200116|00:00|14.2||||||||||||||.463|
RD|I|40|143|0235|12132|7|7|003|089|20200122|00:00|2.06||||||||||||||.472|
RD|I|40|143|0235|12132|7|7|003|089|20200128|00:00|6.71||||||||||||||.477|
RD|I|40|143|0235|12132|7|7|003|089|20200203|00:00|35.4||||||||||||||.506|
RD|I|40|143|0235|12132|7|7|003|089|20200209|00:00|6.56||||||||||||||.495|
RD|I|40|143|0235|12132|7|7|003|089|20200215|00:00|17.9||||||||||||||.484|
RD|I|40|143|0235|12132|7|7|003|089|20200221|00:00|28.9||||||||||||||.46|
RD|I|40|143|0235|12132|7|7|003|089|20200227|00:00|22.8||||||||||||||.474|
RD|I|40|143|0235|12132|7|7|003|089|20200304|00:00|53.1||||||||||||||.487|
RD|I|40|143|0235|12132|7|7|003|089|20200310|00:00|11.8||||||||||||||.482|
RD|I|40|143|0235|12132|7|7|003|089|20200316|00:00|4.04||||||||||||||.481|
RD|I|40|143|0235|12132|7|7|003|089|20200322|00:00|4.04||||||||||||||.484|
RD|I|40|143|0235|12132|7|7|003|089|20200328|00:00|24.0||||||||||||||.448|
RD|I|40|143|0235|12132|7|7|003|089|20200403|00:00|5.71||||||||||||||.423|
RD|I|40|143|0235|12132|7|7|003|089|20200409|00:00|37.3||||||||||||||.444|
RD|I|40|143|0235|12132|7|7|003|089|20200415|00:00|16.2||||||||||||||.426|
RD|I|40|143|0235|12132|7|7|003|089|20200421|00:00|35.4||||||||||||||.447|
RD|I|40|143|0235|12132|7|7|003|089|20200427|00:00|17.5||||||||||||||.442|
RD|I|40|143|0235|12132|7|7|003|089|20200503|00:00|12.7||||||||||||||.454|
RD|I|40|143|0235|12132|7|7|003|089|20200509|00:00|16.8||||||||||||||.429|
RD|I|40|143|0235|12132|7|7|003|089|20200515|00:00|7.69||||||||||||||.444|
RD|I|40|143|0235|12132|7|7|003|089|20200521|00:00|15.7||||||||||||||.442|
RD|I|40|143|0235|12132|7|7|003|089|20200527|00:00|8.75||||||||||||||.438|
RD|I|40|143|0235|12132|7|7|003|089|20200602|00:00|19.8||||||||||||||.443|
RD|I|40|143|0235|12132|7|7|003|089|20200608|00:00|23.9||||||||||||||.461|
RD|I|40|143|0235|12132|7|7|003|089|20200614|00:00|20.8||||||||||||||.459|
RD|I|40|143|0235|12132|7|7|003|089|20200620|00:00|9.14||||||||||||||.455|
RD|I|40|143|0235|12132|7|7|003|089|20200626|00:00|18.6||||||||||||||.454|
RD|I|40|143|0235|12132|7|7|003|089|20200702|00:00|32.3||||||||||||||.456|
RD|I|40|143|0235|12132|7|7|003|089|20200708|00:00|19.2||||||||||||||.465|
RD|I|40|143|0235|12132|7|7|003|089|20200714|00:00|27.3||||||||||||||.465|
RD|I|40|143|0235|12132|7|7|003|089|20200720|00:00|26.9||||||||||||||.462|
RD|I|40|143|0235|12132|7|7|003|089|20200726|00:00|10.8||||||||||||||.463|
RD|I|40|143|0235|12132|7|7|003|089|20200801|00:00|11.3||||||||||||||.453|
RD|I|40|143|0235|12132|7|7|003|089|20200807|00:00|9.93||||||||||||||.45|
RD|I|40|143|0235|12132|7|7|003|089|20200813|00:00|9.13||||||||||||||.459|
RD|I|40|143|0235|12132|7|7|003|089|20200819|00:00|29.2||||||||||||||.449|
RD|I|40|143|0235|12132|7|7|003|089|20200825|00:00|59.7||||||||||||||.442|
RD|I|40|143|0235|12132|7|7|003|089|20200831|00:00|15.7||||||||||||||.454|
RD|I|40|143|0235|12132|7|7|003|089|20200906|00:00|14.2||||||||||||||.452|
RD|I|40|143|0235|12132|7|7|003|089|20200912|00:00|10.5||||||||||||||.441|
RD|I|40|143|0235|12132|7|7|003|089|20200918|00:00|41.7||||||||||||||.439|
RD|I|40|143|0235|12132|7|7|003|089|20200924|00:00|29.3||||||||||||||.444|
RD|I|40|143|0235|12132|7|7|003|089|20200930|00:00|51.6||||||||||||||.441|
RD|I|40|143|0235|12132|7|7|003|089|20201006|00:00|36.4||||||||||||||.437|
RD|I|40|143|0235|12132|7|7|003|089|20201012|00:00|73.5||||||||||||||.443|
RD|I|40|143|0235|12132|7|7|003|089|20201018|00:00|20.1||||||||||||||.431|
RD|I|40|143|0235|12132|7|7|003|089|20201024|00:00|7.72||||||||||||||.415|
RD|I|40|143|0235|12132|7|7|003|089|20201030|00:00|14.4||||||||||||||.419|
RD|I|40|143|0235|12132|7|7|003|089|20201105|00:00|23.6||||||||||||||.423|
RD|I|40|143|0235|12132|7|7|003|089|20201111|00:00|24.5||||||||||||||.4|
RD|I|40|143|0235|12132|7|7|003|089|20201117|00:00|55.4||||||||||||||.414|
RD|I|40|143|0235|12132|7|7|003|089|20201123|00:00|12.4||||||||||||||.407|
RD|I|40|143|0235|12132|7|7|003|089|20201129|00:00|9.24||||||||||||||.408|
RD|I|40|143|0235|12132|7|7|003|089|20201205|00:00|17.0||||||||||||||.404|
RD|I|40|143|0235|12132|7|7|003|089|20201211|00:00|29.4||||||||||||||.421|
RD|I|40|143|0235|12132|7|7|003|089|20201217|00:00|16.5||||||||||||||.398|
RD|I|40|143|0235|12132|7|7|003|089|20201223|00:00|30.9||||||||||||||.411|
RD|I|40|143|0235|12132|7|7|003|089|20201229|00:00|7.01||||||||||||||.408|
RD|I|40|143|0235|12136|6|7|003|089|20200104|00:00|0.580||||SQ||||||||||.333|
RD|I|40|143|0235|12136|6|7|003|089|20200110|00:00|0.653||||SQ||||||||||.356|
RD|I|40|143|0235|12136|6|7|003|089|20200116|00:00|1.52||||||||||||||.327|
RD|I|40|143|0235|12136|6|7|003|089|20200122|00:00|0.318||||MD||||||||||.365|
RD|I|40|143|0235|12136|6|7|003|089|20200128|00:00|0.796||||SQ||||||||||.371|
RD|I|40|143|0235|12136|6|7|003|089|20200203|00:00|2.08||||||||||||||.386|
RD|I|40|143|0235|12136|6|7|003|089|20200209|00:00|0.539||||SQ||||||||||.351|
RD|I|40|143|0235|12136|6|7|003|089|20200215|00:00|1.08||||SQ||||||||||.37|
RD|I|40|143|0235|12136|6|7|003|089|20200221|00:00|2.70||||||||||||||.35|
RD|I|40|143|0235|12136|6|7|003|089|20200227|00:00|7.01||||||||||||||.356|
RD|I|40|143|0235|12136|6|7|003|089|20200304|00:00|3.92||||||||||||||.367|
RD|I|40|143|0235|12136|6|7|003|089|20200310|00:00|0.985||||SQ||||||||||.367|
RD|I|40|143|0235|12136|6|7|003|089|20200316|00:00|0.747||||SQ||||||||||.362|
RD|I|40|143|0235|12136|6|7|003|089|20200322|00:00|0.504||||SQ||||||||||.363|
RD|I|40|143|0235|12136|6|7|003|089|20200328|00:00|1.17||||||||||||||.327|
RD|I|40|143|0235|12136|6|7|003|089|20200403|00:00|0.439||||SQ||||||||||.303|
RD|I|40|143|0235|12136|6|7|003|089|20200409|00:00|1.55||||||||||||||.321|
RD|I|40|143|0235|12136|6|7|003|089|20200415|00:00|0.802||||SQ||||||||||.309|
RD|I|40|143|0235|12136|6|7|003|089|20200421|00:00|2.23||||||||||||||.325|
RD|I|40|143|0235|12136|6|7|003|089|20200427|00:00|1.04||||||||||||||.325|
RD|I|40|143|0235|12136|6|7|003|089|20200503|00:00|0.707||||SQ||||||||||.332|
RD|I|40|143|0235|12136|6|7|003|089|20200509|00:00|9.96||||||||||||||.316|
RD|I|40|143|0235|12136|6|7|003|089|20200515|00:00|0.899||||SQ||||||||||.326|
RD|I|40|143|0235|12136|6|7|003|089|20200521|00:00|0.909||||SQ||||||||||.327|
RD|I|40|143|0235|12136|6|7|003|089|20200527|00:00|0.844||||SQ||||||||||.321|
RD|I|40|143|0235|12136|6|7|003|089|20200602|00:00|1.16||||||||||||||.328|
RD|I|40|143|0235|12136|6|7|003|089|20200608|00:00|1.35||||||||||||||.338|
RD|I|40|143|0235|12136|6|7|003|089|20200614|00:00|1.03||||SQ||||||||||.334|
RD|I|40|143|0235|12136|6|7|003|089|20200620|00:00|0.624||||SQ||||||||||.329|
RD|I|40|143|0235|12136|6|7|003|089|20200626|00:00|1.65||||||||||||||.34|
RD|I|40|143|0235|12136|6|7|003|089|20200702|00:00|4.34||||||||||||||.336|
RD|I|40|143|0235|12136|6|7|003|089|20200708|00:00|1.08||||SQ||||||||||.341|
RD|I|40|143|0235|12136|6|7|003|089|20200714|00:00|1.45||||||||||||||.344|
RD|I|40|143|0235|12136|6|7|003|089|20200720|00:00|1.35||||||||||||||.344|
RD|I|40|143|0235|12136|6|7|003|089|20200726|00:00|0.654||||SQ||||||||||.341|
RD|I|40|143|0235|12136|6|7|003|089|20200801|00:00|1.11||||||||||||||.332|
RD|I|40|143|0235|12136|6|7|003|089|20200807|00:00|0.653||||SQ||||||||||.336|
RD|I|40|143|0235|12136|6|7|003|089|20200813|00:00|0.727||||SQ||||||||||.336|
RD|I|40|143|0235|12136|6|7|003|089|20200819|00:00|2.08||||||||||||||.332|
RD|I|40|143|0235|12136|6|7|003|089|20200825|00:00|3.43||||||||||||||.341|
RD|I|40|143|0235|12136|6|7|003|089|20200831|00:00|0.994||||SQ||||||||||.34|
RD|I|40|143|0235|12136|6|7|003|089|20200906|00:00|0.939||||SQ||||||||||.332|
RD|I|40|143|0235|12136|6|7|003|089|20200912|00:00|0.900||||SQ||||||||||.325|
RD|I|40|143|0235|12136|6|7|003|089|20200918|00:00|2.15||||||||||||||.325|
RD|I|40|143|0235|12136|6|7|003|089|20200924|00:00|8.10||||||||||||||.323|
RD|I|40|143|0235|12136|6|7|003|089|20200930|00:00|2.63||||||||||||||.326|
RD|I|40|143|0235|12136|6|7|003|089|20201006|00:00|1.86||||||||||||||.322|
RD|I|40|143|0235|12136|6|7|003|089|20201012|00:00|3.54||||||||||||||.318|
RD|I|40|143|0235|12136|6|7|003|089|20201018|00:00|0.902||||SQ||||||||||.305|
RD|I|40|143|0235|12136|6|7|003|089|20201024|00:00|0.479||||SQ||||||||||.299|
RD|I|40|143|0235|12136|6|7|003|089|20201030|00:00|1.26||||||||||||||.301|
RD|I|40|143|0235|12136|6|7|003|089|20201105|00:00|1.28||||||||||||||.282|
RD|I|40|143|0235|12136|6|7|003|089|20201111|00:00|2.88||||||||||||||.283|
RD|I|40|143|0235|12136|6|7|003|089|20201117|00:00|7.19||||||||||||||.276|
RD|I|40|143|0235|12136|6|7|003|089|20201123|00:00|3.84||||||||||||||.27|
RD|I|40|143|0235|12136|6|7|003|089|20201129|00:00|0.773||||SQ||||||||||.269|
RD|I|40|143|0235|12136|6|7|003|089|20201205|00:00|1.39||||||||||||||.267|
RD|I|40|143|0235|12136|6|7|003|089|20201211|00:00|1.81||||||||||||||.278|
RD|I|40|143|0235|12136|6|7|003|089|20201217|00:00|1.45||||||||||||||.267|
RD|I|40|143|0235|12136|6|7|003|089|20201223|00:00|5.93||||||||||||||.276|
RD|I|40|143|0235|12136|6|7|003|089|20201229|00:00|0.529||||SQ||||||||||.275|
RD|I|40|143|0235|12136|7|7|003|089|20200104|00:00|0.786||||SQ||||||||||.352|
RD|I|40|143|0235|12136|7|7|003|089|20200110|00:00|0.588||||SQ||||||||||.374|
RD|I|40|143|0235|12136|7|7|003|089|20200116|00:00|1.37||||||||||||||.344|
RD|I|40|143|0235|12136|7|7|003|089|20200122|00:00|0.320||||MD||||||||||.35|
RD|I|40|143|0235|12136|7|7|003|089|20200128|00:00|0.673||||SQ||||||||||.354|
RD|I|40|143|0235|12136|7|7|003|089|20200203|00:00|2.15||||||||||||||.376|
RD|I|40|143|0235|12136|7|7|003|089|20200209|00:00|0.488||||SQ||||||||||.367|
RD|I|40|143|0235|12136|7|7|003|089|20200215|00:00|1.14||||SQ||||||||||.359|
RD|I|40|143|0235|12136|7|7|003|089|20200221|00:00|2.68||||||||||||||.342|
RD|I|40|143|0235|12136|7|7|003|089|20200227|00:00|7.03||||||||||||||.351|
RD|I|40|143|0235|12136|7|7|003|089|20200304|00:00|3.63||||||||||||||.362|
RD|I|40|143|0235|12136|7|7|003|089|20200310|00:00|0.959||||SQ||||||||||.358|
RD|I|40|143|0235|12136|7|7|003|089|20200316|00:00|0.524||||SQ||||||||||.357|
RD|I|40|143|0235|12136|7|7|003|089|20200322|00:00|0.440||||SQ||||||||||.359|
RD|I|40|143|0235|12136|7|7|003|089|20200328|00:00|1.30||||||||||||||.332|
RD|I|40|143|0235|12136|7|7|003|089|20200403|00:00|0.526||||SQ||||||||||.314|
RD|I|40|143|0235|12136|7|7|003|089|20200409|00:00|1.53||||||||||||||.329|
RD|I|40|143|0235|12136|7|7|003|089|20200415|00:00|0.854||||SQ||||||||||.316|
RD|I|40|143|0235|12136|7|7|003|089|20200421|00:00|2.28||||||||||||||.331|
RD|I|40|143|0235|12136|7|7|003|089|20200427|00:00|0.901||||SQ||||||||||.328|
RD|I|40|143|0235|12136|7|7|003|089|20200503|00:00|0.766||||SQ||||||||||.337|
RD|I|40|143|0235|12136|7|7|003|089|20200509|00:00|9.36||||||||||||||.318|
RD|I|40|143|0235|12136|7|7|003|089|20200515|00:00|0.879||||SQ||||||||||.33|
RD|I|40|143|0235|12136|7|7|003|089|20200521|00:00|0.794||||SQ||||||||||.328|
RD|I|40|143|0235|12136|7|7|003|089|20200527|00:00|0.745||||SQ||||||||||.325|
RD|I|40|143|0235|12136|7|7|003|089|20200602|00:00|1.25||||||||||||||.329|
RD|I|40|143|0235|12136|7|7|003|089|20200608|00:00|1.23||||||||||||||.342|
RD|I|40|143|0235|12136|7|7|003|089|20200614|00:00|1.11||||||||||||||.34|
RD|I|40|143|0235|12136|7|7|003|089|20200620|00:00|0.590||||SQ||||||||||.338|
RD|I|40|143|0235|12136|7|7|003|089|20200626|00:00|1.45||||||||||||||.336|
RD|I|40|143|0235|12136|7|7|003|089|20200702|00:00|4.37||||||||||||||.338|
RD|I|40|143|0235|12136|7|7|003|089|20200708|00:00|1.11||||||||||||||.345|
RD|I|40|143|0235|12136|7|7|003|089|20200714|00:00|1.41||||||||||||||.345|
RD|I|40|143|0235|12136|7|7|003|089|20200720|00:00|1.39||||||||||||||.343|
RD|I|40|143|0235|12136|7|7|003|089|20200726|00:00|0.648||||SQ||||||||||.343|
RD|I|40|143|0235|12136|7|7|003|089|20200801|00:00|0.996||||SQ||||||||||.336|
RD|I|40|143|0235|12136|7|7|003|089|20200807|00:00|0.646||||SQ||||||||||.334|
RD|I|40|143|0235|12136|7|7|003|089|20200813|00:00|0.784||||SQ||||||||||.341|
RD|I|40|143|0235|12136|7|7|003|089|20200819|00:00|1.94||||||||||||||.333|
RD|I|40|143|0235|12136|7|7|003|089|20200825|00:00|3.59||||||||||||||.328|
RD|I|40|143|0235|12136|7|7|003|089|20200831|00:00|1.02||||SQ||||||||||.337|
RD|I|40|143|0235|12136|7|7|003|089|20200906|00:00|0.945||||SQ||||||||||.335|
RD|I|40|143|0235|12136|7|7|003|089|20200912|00:00|1.01||||SQ||||||||||.327|
RD|I|40|143|0235|12136|7|7|003|089|20200918|00:00|2.40||||||||||||||.326|
RD|I|40|143|0235|12136|7|7|003|089|20200924|00:00|8.48||||||||||||||.329|
RD|I|40|143|0235|12136|7|7|003|089|20200930|00:00|3.01||||||||||||||.327|
RD|I|40|143|0235|12136|7|7|003|089|20201006|00:00|1.89||||||||||||||.324|
RD|I|40|143|0235|12136|7|7|003|089|20201012|00:00|3.20||||||||||||||.329|
RD|I|40|143|0235|12136|7|7|003|089|20201018|00:00|0.986||||SQ||||||||||.32|
RD|I|40|143|0235|12136|7|7|003|089|20201024|00:00|0.678||||SQ||||||||||.308|
RD|I|40|143|0235|12136|7|7|003|089|20201030|00:00|1.21||||||||||||||.311|
RD|I|40|143|0235|12136|7|7|003|089|20201105|00:00|1.22||||||||||||||.288|
RD|I|40|143|0235|12136|7|7|003|089|20201111|00:00|2.79||||||||||||||.272|
RD|I|40|143|0235|12136|7|7|003|089|20201117|00:00|8.09||||||||||||||.281|
RD|I|40|143|0235|12136|7|7|003|089|20201123|00:00|4.09||||||||||||||.277|
RD|I|40|143|0235|12136|7|7|003|089|20201129|00:00|0.830||||SQ||||||||||.278|
RD|I|40|143|0235|12136|7|7|003|089|20201205|00:00|1.38||||||||||||||.275|
RD|I|40|143|0235|12136|7|7|003|089|20201211|00:00|1.68||||||||||||||.287|
RD|I|40|143|0235|12136|7|7|003|089|20201217|00:00|1.61||||||||||||||.271|
RD|I|40|143|0235|12136|7|7|003|089|20201223|00:00|5.68||||||||||||||.279|
RD|I|40|143|0235|12136|7|7|003|089|20201229|00:00|0.477||||SQ||||||||||.277|
RD|I|40|143|0235|43218|6|7|008|149|20200104|00:00|0.0102||||MD||||||||||.011|
RD|I|40|143|0235|43218|6|7|008|149|20200110|00:00|0.0206||||SQ||||||||||.011|
RD|I|40|143|0235|43218|6|7|008|149|20200116|00:00|0.00970||||MD||||||||||.011|
RD|I|40|143|0235|43218|6|7|008|149|20200122|00:00|0.0124||||SQ||||||||||.011|
RD|I|40|143|0235|43218|6|7|008|149|20200128|00:00|0||||||||||||||.011|
RD|I|40|143|0235|43218|6|7|008|149|20200203|00:00|0.00970||||MD||||||||||.011|
RD|I|40|143|0235|43218|6|7|008|149|20200209|00:00|0.00650||||MD||||||||||.011|
RD|I|40|143|0235|43218|6|7|008|149|20200215|00:00|0.00590||||MD||||||||||.011|
RD|I|40|143|0235|43218|6|7|008|149|20200221|00:00|0.0190||||SQ||||||||||.011|
RD|I|40|143|0235|43218|6|7|008|149|20200227|00:00|0.0251||||SQ||||||||||.011|
RD|I|40|143|0235|43218|6|7|008|149|20200304|00:00|0.0505||||||||||||||.0119|
RD|I|40|143|0235|43218|6|7|008|149|20200310|00:00|0.0116||||MD||||||||||.0119|
RD|I|40|143|0235|43218|6|7|008|149|20200316|00:00|0.0125||||SQ||||||||||.0119|
RD|I|40|143|0235|43218|6|7|008|149|20200322|00:00|0.00950||||MD||||||||||.0119|
RD|I|40|143|0235|43218|6|7|008|149|20200328|00:00|0.00520||||MD||||||||||.0119|
RD|I|40|143|0235|43218|6|7|008|149|20200403|00:00|0.00940||||MD||||||||||.0119|
RD|I|40|143|0235|43218|6|7|008|149|20200409|00:00|0.0131||||SQ||||||||||.0119|
RD|I|40|143|0235|43218|6|7|008|149|20200415|00:00|0.0175||||SQ||||||||||.0119|
RD|I|40|143|0235|43218|6|7|008|149|20200421|00:00|0.0539||||||||||||||.0119|
RD|I|40|143|0235|43218|6|7|008|149|20200427|00:00|0.0106||||MD||||||||||.0119|
RD|I|40|143|0235|43218|6|7|008|149|20200503|00:00|0.00820||||MD||||||||||.0119|
RD|I|40|143|0235|43218|6|7|008|149|20200509|00:00|0.0297||||SQ||||||||||.0119|
RD|I|40|143|0235|43218|6|7|008|149|20200515|00:00|0.0113||||MD||||||||||.0119|
RD|I|40|143|0235|43218|6|7|008|149|20200521|00:00|0.0112||||MD||||||||||.0119|
RD|I|40|143|0235|43218|6|7|008|149|20200527|00:00|0.0199||||SQ||||||||||.0119|
RD|I|40|143|0235|43218|6|7|008|149|20200602|00:00|0.0107||||MD||||||||||.0119|
RD|I|40|143|0235|43218|6|7|008|149|20200608|00:00|0.00930||||MD||||||||||.0119|
RD|I|40|143|0235|43218|6|7|008|149|20200614|00:00|0.0153||||SQ||||||||||.0119|
RD|I|40|143|0235|43218|6|7|008|149|20200620|00:00|0.00850||||MD||||||||||.0119|
RD|I|40|143|0235|43218|6|7|008|149|20200626|00:00|0.00560||||MD||||||||||.0119|
RD|I|40|143|0235|43218|6|7|008|149|20200702|00:00|0.00920||||MD||||||||||.0119|
RD|I|40|143|0235|43218|6|7|008|149|20200708|00:00|0.00950||||MD||||||||||.0119|
RD|I|40|143|0235|43218|6|7|008|149|20200714|00:00|0.00930||||MD||||||||||.0119|
RD|I|40|143|0235|43218|6|7|008|149|20200720|00:00|0.00700||||MD||||||||||.0119|
RD|I|40|143|0235|43218|6|7|008|149|20200726|00:00|0.00440||||MD||||||||||.0119|
RD|I|40|143|0235|43218|6|7|008|149|20200801|00:00|0.0130||||SQ||||||||||.0119|
RD|I|40|143|0235|43218|6|7|008|149|20200807|00:00|0.00520||||MD||||||||||.0119|
RD|I|40|143|0235|43218|6|7|008|149|20200813|00:00|0.00530||||MD||||||||||.0119|
RD|I|40|143|0235|43218|6|7|008|149|20200819|00:00|0.0155||||SQ||||||||||.0119|
RD|I|40|143|0235|43218|6|7|008|149|20200825|00:00|0.0251||||SQ||||||||||.0119|
RD|I|40|143|0235|43218|6|7|008|149|20200831|00:00|0.0108||||MD||||||||||.0119|
RD|I|40|143|0235|43218|6|7|008|149|20200906|00:00|0.00920||||MD||||||||||.0119|
RD|I|40|143|0235|43218|6|7|008|149|20200912|00:00|0.0138||||SQ||||||||||.0119|
RD|I|40|143|0235|43218|6|7|008|149|20200918|00:00|0.00980||||MD||||||||||.0119|
RD|I|40|143|0235|43218|6|7|008|149|20200924|00:00|0.0357||||SQ||||||||||.0119|
RD|I|40|143|0235|43218|6|7|008|149|20200930|00:00|0.0224||||SQ||||||||||.0119|
RD|I|40|143|0235|43218|6|7|008|149|20201006|00:00||AA||||||||||||||
RD|I|40|143|0235|43218|6|7|008|149|20201012|00:00|0.0297||||SQ||||||||||.0119|
RD|I|40|143|0235|43218|6|7|008|149|20201018|00:00|0.00740||||MD||||||||||.0119|
RD|I|40|143|0235|43218|6|7|008|149|20201020|00:00|0.0152||||SQ||||||||||.0119|
RD|I|40|143|0235|43218|6|7|008|149|20201024|00:00|0.00660||||MD||||||||||.0119|
RD|I|40|143|0235|43218|6|7|008|149|20201030|00:00|0.0333||||SQ||||||||||.0119|
RD|I|40|143|0235|43218|6|7|008|149|20201105|00:00|0.0115||||MD||||||||||.0119|
RD|I|40|143|0235|43218|6|7|008|149|20201111|00:00|0.0347||||SQ||||||||||.0119|
RD|I|40|143|0235|43218|6|7|008|149|20201117|00:00|0.0625||||||||||||||.0119|
RD|I|40|143|0235|43218|6|7|008|149|20201123|00:00|0.0480||||||||||||||.0119|
RD|I|40|143|0235|43218|6|7|008|149|20201129|00:00|0.0284||||SQ||||||||||.0119|
RD|I|40|143|0235|43218|6|7|008|149|20201205|00:00|0.0483||||||||||||||.0119|
RD|I|40|143|0235|43218|6|7|008|149|20201211|00:00|0.0196||||SQ||||||||||.0119|
RD|I|40|143|0235|43218|6|7|008|149|20201217|00:00|0.0592||||||||||||||.0119|
RD|I|40|143|0235|43218|6|7|008|149|20201223|00:00|0.00810||||MD||||||||||.0119|
RD|I|40|143|0235|43218|6|7|008|149|20201229|00:00|0.0136||||SQ||||||||||.0119|
RD|I|40|143|0235|43502|6|7|001|202|20200104|00:00|1.44||||||||||||||.0447|
RD|I|40|143|0235|43502|6|7|001|202|20200110|00:00|1.15||||||||||||||.0447|
RD|I|40|143|0235|43502|6|7|001|202|20200116|00:00|1.08||||||||||||||.0447|
RD|I|40|143|0235|43502|6|7|001|202|20200122|00:00|1.20||||||||||||||.0449|
RD|I|40|143|0235|43502|6|7|001|202|20200128|00:00|0.986||||||||||||||.0447|
RD|I|40|143|0235|43502|6|7|001|202|20200203|00:00|2.50||||||||||||||.0447|
RD|I|40|143|0235|43502|6|7|001|202|20200209|00:00|1.67||||||||||||||.0448|
RD|I|40|143|0235|43502|6|7|001|202|20200215|00:00|1.94||||||||||||||.0447|
RD|I|40|143|0235|43502|6|7|001|202|20200221|00:00|1.81||||||||||||||.0447|
RD|I|40|143|0235|43502|6|7|001|202|20200227|00:00|1.68||||||||||||||.0448|
RD|I|40|143|0235|43502|6|7|001|202|20200304|00:00|2.81||||||||||||||.0447|
RD|I|40|143|0235|43502|6|7|001|202|20200310|00:00|2.31||||||||||||||.0447|
RD|I|40|143|0235|43502|6|7|001|202|20200316|00:00|0.944||||||||||||||.0447|
RD|I|40|143|0235|43502|6|7|001|202|20200322|00:00|1.47||||||||||||||.0448|
RD|I|40|143|0235|43502|6|7|001|202|20200328|00:00|1.90||||||||||||||.0447|
RD|I|40|143|0235|43502|6|7|001|202|20200403|00:00|0.945||||||||||||||.0447|
RD|I|40|143|0235|43502|6|7|001|202|20200409|00:00|3.75||||||||||||||.0447|
RD|I|40|143|0235|43502|6|7|001|202|20200415|00:00|2.22||||||||||||||.0448|
RD|I|40|143|0235|43502|6|7|001|202|20200421|00:00|3.92||||||||||||||.0447|
RD|I|40|143|0235|43502|6|7|001|202|20200427|00:00|3.75||||||||||||||.0448|
RD|I|40|143|0235|43502|6|7|001|202|20200503|00:00|3.69||||||||||||||.0448|
RD|I|40|143|0235|43502|6|7|001|202|20200509|00:00|2.79||||||||||||||.0447|
RD|I|40|143|0235|43502|6|7|001|202|20200515|00:00|2.20||||||||||||||.0447|
RD|I|40|143|0235|43502|6|7|001|202|20200521|00:00|3.24||||||||||||||.0448|
RD|I|40|143|0235|43502|6|7|001|202|20200527|00:00|2.31||||||||||||||.0448|
RD|I|40|143|0235|43502|6|7|001|202|20200602|00:00|5.34||||||||||||||.0509|
RD|I|40|143|0235|43502|6|7|001|202|20200608|00:00|7.97||||||||||||||.0509|
RD|I|40|143|0235|43502|6|7|001|202|20200614|00:00|7.23||||||||||||||.0522|
RD|I|40|143|0235|43502|6|7|001|202|20200620|00:00|3.29||||||||||||||.0509|
RD|I|40|143|0235|43502|6|7|001|202|20200626|00:00|4.84||||||||||||||.0509|
RD|I|40|143|0235|43502|6|7|001|202|20200702|00:00|4.60||||||||||||||.0509|
RD|I|40|143|0235|43502|6|7|001|202|20200708|00:00|4.91||||||||||||||.0509|
RD|I|40|143|0235|43502|6|7|001|202|20200714|00:00|7.59||||||||||||||.0509|
RD|I|40|143|0235|43502|6|7|001|202|20200720|00:00|6.57||||||||||||||.0509|
RD|I|40|143|0235|43502|6|7|001|202|20200726|00:00|5.36||||||||||||||.051|
RD|I|40|143|0235|43502|6|7|001|202|20200801|00:00|4.48||||||||||||||.051|
RD|I|40|143|0235|43502|6|7|001|202|20200807|00:00|4.91||||||||||||||.051|
RD|I|40|143|0235|43502|6|7|001|202|20200813|00:00|4.18||||||||||||||.051|
RD|I|40|143|0235|43502|6|7|001|202|20200819|00:00|5.46||||||||||||||.051|
RD|I|40|143|0235|43502|6|7|001|202|20200825|00:00|8.36||||||||||||||.051|
RD|I|40|143|0235|43502|6|7|001|202|20200831|00:00|5.15||||||||||||||.051|
RD|I|40|143|0235|43502|6|7|001|202|20200906|00:00|4.79||||||||||||||.051|
RD|I|40|143|0235|43502|6|7|001|202|20200912|00:00|2.77||||||||||||||.051|
RD|I|40|143|0235|43502|6|7|001|202|20200918|00:00|2.83||||||||||||||.051|
RD|I|40|143|0235|43502|6|7|001|202|20200924|00:00|2.26||||||||||||||.051|
RD|I|40|143|0235|43502|6|7|001|202|20200930|00:00|3.28||||||||||||||.051|
RD|I|40|143|0235|43502|6|7|001|202|20201006|00:00|3.04||||||||||||||.0507|
RD|I|40|143|0235|43502|6|7|001|202|20201012|00:00|2.70||||||||||||||.0508|
RD|I|40|143|0235|43502|6|7|001|202|20201018|00:00|2.01||||||||||||||.0508|
RD|I|40|143|0235|43502|6|7|001|202|20201020|00:00|1.58||||||||||||||.0508|
RD|I|40|143|0235|43502|6|7|001|202|20201024|00:00|1.32||||||||||||||.0508|
RD|I|40|143|0235|43502|6|7|001|202|20201030|00:00|2.33||||||||||||||.0508|
RD|I|40|143|0235|43502|6|7|001|202|20201105|00:00|3.80||||||||||||||.0508|
RD|I|40|143|0235|43502|6|7|001|202|20201111|00:00|1.97||||||||||||||.051|
RD|I|40|143|0235|43502|6|7|001|202|20201117|00:00|3.45||||||||||||||.051|
RD|I|40|143|0235|43502|6|7|001|202|20201123|00:00|1.68||||||||||||||.051|
RD|I|40|143|0235|43502|6|7|001|202|20201129|00:00|1.87||||||||||||||.051|
RD|I|40|143|0235|43502|6|7|001|202|20201205|00:00|2.33||||||||||||||.051|
RD|I|40|143|0235|43502|6|7|001|202|20201211|00:00|2.38||||||||||||||.051|
RD|I|40|143|0235|43502|6|7|001|202|20201217|00:00|2.04||||||||||||||.051|
RD|I|40|143|0235|43502|6|7|001|202|20201223|00:00|2.11||||||||||||||.051|
RD|I|40|143|0235|43502|6|7|001|202|20201229|00:00|1.80||||||||||||||.051|
RD|I|40|143|0235|43503|6|7|001|202|20200104|00:00|0.890||||||||||||||.0319|
RD|I|40|143|0235|43503|6|7|001|202|20200110|00:00|1.09||||||||||||||.0319|
RD|I|40|143|0235|43503|6|7|001|202|20200116|00:00|0.942||||||||||||||.0319|
RD|I|40|143|0235|43503|6|7|001|202|20200122|00:00|0.717||||||||||||||.032|
RD|I|40|143|0235|43503|6|7|001|202|20200128|00:00|0.648||||||||||||||.0319|
RD|I|40|143|0235|43503|6|7|001|202|20200203|00:00|2.02||||||||||||||.0319|
RD|I|40|143|0235|43503|6|7|001|202|20200209|00:00|1.15||||||||||||||.0319|
RD|I|40|143|0235|43503|6|7|001|202|20200215|00:00|1.16||||||||||||||.0319|
RD|I|40|143|0235|43503|6|7|001|202|20200221|00:00|1.26||||||||||||||.0319|
RD|I|40|143|0235|43503|6|7|001|202|20200227|00:00|1.25||||||||||||||.032|
RD|I|40|143|0235|43503|6|7|001|202|20200304|00:00|2.05||||||||||||||.0319|
RD|I|40|143|0235|43503|6|7|001|202|20200310|00:00|1.72||||||||||||||.0319|
RD|I|40|143|0235|43503|6|7|001|202|20200316|00:00|0.673||||||||||||||.0319|
RD|I|40|143|0235|43503|6|7|001|202|20200322|00:00|0.992||||||||||||||.0319|
RD|I|40|143|0235|43503|6|7|001|202|20200328|00:00|1.30||||||||||||||.0319|
RD|I|40|143|0235|43503|6|7|001|202|20200403|00:00|0.679||||||||||||||.0319|
RD|I|40|143|0235|43503|6|7|001|202|20200409|00:00|1.71||||||||||||||.0319|
RD|I|40|143|0235|43503|6|7|001|202|20200415|00:00|1.66||||||||||||||.0319|
RD|I|40|143|0235|43503|6|7|001|202|20200421|00:00|3.31||||||||||||||.0319|
RD|I|40|143|0235|43503|6|7|001|202|20200427|00:00|1.82||||||||||||||.0319|
RD|I|40|143|0235|43503|6|7|001|202|20200503|00:00|1.92||||||||||||||.0319|
RD|I|40|143|0235|43503|6|7|001|202|20200509|00:00|2.22||||||||||||||.0319|
RD|I|40|143|0235|43503|6|7|001|202|20200515|00:00|1.20||||||||||||||.0319|
RD|I|40|143|0235|43503|6|7|001|202|20200521|00:00|1.76||||||||||||||.0319|
RD|I|40|143|0235|43503|6|7|001|202|20200527|00:00|1.77||||||||||||||.0319|
RD|I|40|143|0235|43503|6|7|001|202|20200602|00:00|2.49||||||||||||||.0365|
RD|I|40|143|0235|43503|6|7|001|202|20200608|00:00|3.84||||||||||||||.0365|
RD|I|40|143|0235|43503|6|7|001|202|20200614|00:00|4.43||||||||||||||.0374|
RD|I|40|143|0235|43503|6|7|001|202|20200620|00:00|2.08||||||||||||||.0365|
RD|I|40|143|0235|43503|6|7|001|202|20200626|00:00|2.16||||||||||||||.0365|
RD|I|40|143|0235|43503|6|7|001|202|20200702|00:00|2.36||||||||||||||.0365|
RD|I|40|143|0235|43503|6|7|001|202|20200708|00:00|2.43||||||||||||||.0365|
RD|I|40|143|0235|43503|6|7|001|202|20200714|00:00|2.55||||||||||||||.0365|
RD|I|40|143|0235|43503|6|7|001|202|20200720|00:00|2.80||||||||||||||.0365|
RD|I|40|143|0235|43503|6|7|001|202|20200726|00:00|3.20||||||||||||||.0366|
RD|I|40|143|0235|43503|6|7|001|202|20200801|00:00|3.27||||||||||||||.0366|
RD|I|40|143|0235|43503|6|7|001|202|20200807|00:00|2.33||||||||||||||.0366|
RD|I|40|143|0235|43503|6|7|001|202|20200813|00:00|2.10||||||||||||||.0366|
RD|I|40|143|0235|43503|6|7|001|202|20200819|00:00|2.91||||||||||||||.0366|
RD|I|40|143|0235|43503|6|7|001|202|20200825|00:00|6.19||||||||||||||.0366|
RD|I|40|143|0235|43503|6|7|001|202|20200831|00:00|2.44||||||||||||||.0366|
RD|I|40|143|0235|43503|6|7|001|202|20200906|00:00|2.42||||||||||||||.0366|
RD|I|40|143|0235|43503|6|7|001|202|20200912|00:00|2.50||||||||||||||.0366|
RD|I|40|143|0235|43503|6|7|001|202|20200918|00:00|1.59||||||||||||||.0366|
RD|I|40|143|0235|43503|6|7|001|202|20200924|00:00|1.96||||||||||||||.0366|
RD|I|40|143|0235|43503|6|7|001|202|20200930|00:00|2.66||||||||||||||.0366|
RD|I|40|143|0235|43503|6|7|001|202|20201006|00:00|2.34||||||||||||||.0364|
RD|I|40|143|0235|43503|6|7|001|202|20201012|00:00|2.07||||||||||||||.0365|
RD|I|40|143|0235|43503|6|7|001|202|20201018|00:00|1.56||||||||||||||.0365|
RD|I|40|143|0235|43503|6|7|001|202|20201020|00:00|1.11||||||||||||||.0365|
RD|I|40|143|0235|43503|6|7|001|202|20201024|00:00|0.770||||||||||||||.0365|
RD|I|40|143|0235|43503|6|7|001|202|20201030|00:00|1.77||||||||||||||.0364|
RD|I|40|143|0235|43503|6|7|001|202|20201105|00:00|2.64||||||||||||||.0365|
RD|I|40|143|0235|43503|6|7|001|202|20201111|00:00|1.40||||||||||||||.0366|
RD|I|40|143|0235|43503|6|7|001|202|20201117|00:00|2.82||||||||||||||.0366|
RD|I|40|143|0235|43503|6|7|001|202|20201123|00:00|1.12||||||||||||||.0366|
RD|I|40|143|0235|43503|6|7|001|202|20201129|00:00|1.03||||||||||||||.0366|
RD|I|40|143|0235|43503|6|7|001|202|20201205|00:00|1.78||||||||||||||.0366|
RD|I|40|143|0235|43503|6|7|001|202|20201211|00:00|1.83||||||||||||||.0366|
RD|I|40|143|0235|43503|6|7|001|202|20201217|00:00|1.65||||||||||||||.0366|
RD|I|40|143|0235|43503|6|7|001|202|20201223|00:00|1.01||||||||||||||.0366|
RD|I|40|143|0235|43503|6|7|001|202|20201229|00:00|1.02||||||||||||||.0366|
RD|I|40|143|0235|43509|6|7|008|149|20200104|00:00|0.516||||||||||||||.144|
RD|I|40|143|0235|43509|6|7|008|149|20200110|00:00|0.384||||SQ||||||||||.144|
RD|I|40|143|0235|43509|6|7|008|149|20200116|00:00|0.354||||SQ||||||||||.144|
RD|I|40|143|0235|43509|6|7|008|149|20200122|00:00|0.523||||||||||||||.144|
RD|I|40|143|0235|43509|6|7|008|149|20200128|00:00|0.343||||SQ||||||||||.144|
RD|I|40|143|0235|43509|6|7|008|149|20200203|00:00|0.124||||MD||||||||||.144|
RD|I|40|143|0235|43509|6|7|008|149|20200209|00:00|0.0958||||MD||||||||||.144|
RD|I|40|143|0235|43509|6|7|008|149|20200215|00:00|0.346||||SQ||||||||||.144|
RD|I|40|143|0235|43509|6|7|008|149|20200221|00:00|0.323||||SQ||||||||||.144|
RD|I|40|143|0235|43509|6|7|008|149|20200227|00:00|0.324||||SQ||||||||||.144|
RD|I|40|143|0235|43509|6|7|008|149|20200304|00:00|0.325||||SQ||||||||||.161|
RD|I|40|143|0235|43509|6|7|008|149|20200310|00:00|0.233||||SQ||||||||||.161|
RD|I|40|143|0235|43509|6|7|008|149|20200316|00:00|0.198||||SQ||||||||||.161|
RD|I|40|143|0235|43509|6|7|008|149|20200322|00:00|0.517||||||||||||||.161|
RD|I|40|143|0235|43509|6|7|008|149|20200328|00:00|0.241||||SQ||||||||||.161|
RD|I|40|143|0235|43509|6|7|008|149|20200403|00:00|0.634||||||||||||||.161|
RD|I|40|143|0235|43509|6|7|008|149|20200409|00:00|0.644||||||||||||||.161|
RD|I|40|143|0235|43509|6|7|008|149|20200415|00:00|0.0807||||MD||||||||||.161|
RD|I|40|143|0235|43509|6|7|008|149|20200421|00:00|0.438||||SQ||||||||||.161|
RD|I|40|143|0235|43509|6|7|008|149|20200427|00:00|0.540||||||||||||||.161|
RD|I|40|143|0235|43509|6|7|008|149|20200503|00:00|0.282||||SQ||||||||||.161|
RD|I|40|143|0235|43509|6|7|008|149|20200509|00:00|0.363||||SQ||||||||||.161|
RD|I|40|143|0235|43509|6|7|008|149|20200515|00:00|0.488||||SQ||||||||||.161|
RD|I|40|143|0235|43509|6|7|008|149|20200521|00:00|0.331||||SQ||||||||||.161|
RD|I|40|143|0235|43509|6|7|008|149|20200527|00:00|0.427||||SQ||||||||||.161|
RD|I|40|143|0235|43509|6|7|008|149|20200602|00:00|0.325||||SQ||||||||||.161|
RD|I|40|143|0235|43509|6|7|008|149|20200608|00:00|0.654||||||||||||||.161|
RD|I|40|143|0235|43509|6|7|008|149|20200614|00:00|0.448||||SQ||||||||||.161|
RD|I|40|143|0235|43509|6|7|008|149|20200620|00:00|0.463||||SQ||||||||||.161|
RD|I|40|143|0235|43509|6|7|008|149|20200626|00:00|0.198||||SQ||||||||||.161|
RD|I|40|143|0235|43509|6|7|008|149|20200702|00:00|0.519||||||||||||||.161|
RD|I|40|143|0235|43509|6|7|008|149|20200708|00:00|0.744||||||||||||||.161|
RD|I|40|143|0235|43509|6|7|008|149|20200714|00:00|0.532||||||||||||||.161|
RD|I|40|143|0235|43509|6|7|008|149|20200720|00:00|0.934||||||||||||||.161|
RD|I|40|143|0235|43509|6|7|008|149|20200726|00:00|0.307||||SQ||||||||||.161|
RD|I|40|143|0235|43509|6|7|008|149|20200801|00:00|0.366||||SQ||||||||||.161|
RD|I|40|143|0235|43509|6|7|008|149|20200807|00:00|0.660||||||||||||||.161|
RD|I|40|143|0235|43509|6|7|008|149|20200813|00:00|0.514||||||||||||||.161|
RD|I|40|143|0235|43509|6|7|008|149|20200819|00:00|0.702||||||||||||||.161|
RD|I|40|143|0235|43509|6|7|008|149|20200825|00:00||BH|||||||||||||.161|
RD|I|40|143|0235|43509|6|7|008|149|20200831|00:00||BH|||||||||||||.161|
RD|I|40|143|0235|43509|6|7|008|149|20200906|00:00|0.706||||||||||||||.161|
RD|I|40|143|0235|43509|6|7|008|149|20200912|00:00|0.625||||||||||||||.161|
RD|I|40|143|0235|43509|6|7|008|149|20200918|00:00|0.241||||SQ||||||||||.161|
RD|I|40|143|0235|43509|6|7|008|149|20200924|00:00|0.853||||||||||||||.161|
RD|I|40|143|0235|43509|6|7|008|149|20200930|00:00|0.385||||SQ||||||||||.161|
RD|I|40|143|0235|43509|6|7|008|149|20201006|00:00||AA||||||||||||||
RD|I|40|143|0235|43509|6|7|008|149|20201012|00:00|0.716||||||||||||||.161|
RD|I|40|143|0235|43509|6|7|008|149|20201018|00:00||BH|||||||||||||.161|
RD|I|40|143|0235|43509|6|7|008|149|20201020|00:00|0.735||||||||||||||.161|
RD|I|40|143|0235|43509|6|7|008|149|20201024|00:00|0.268||||SQ||||||||||.161|
RD|I|40|143|0235|43509|6|7|008|149|20201030|00:00|0.115||||MD||||||||||.161|
RD|I|40|143|0235|43509|6|7|008|149|20201105|00:00|0.616||||||||||||||.161|
RD|I|40|143|0235|43509|6|7|008|149|20201111|00:00|0.443||||SQ||||||||||.161|
RD|I|40|143|0235|43509|6|7|008|149|20201117|00:00|0.160||||MD||||||||||.161|
RD|I|40|143|0235|43509|6|7|008|149|20201123|00:00|0.424||||SQ||||||||||.161|
RD|I|40|143|0235|43509|6|7|008|149|20201129|00:00|0.348||||SQ||||||||||.161|
RD|I|40|143|0235|43509|6|7|008|149|20201205|00:00|0.843||||||||||||||.161|
RD|I|40|143|0235|43509|6|7|008|149|20201211|00:00|0.205||||SQ||||||||||.161|
RD|I|40|143|0235|43509|6|7|008|149|20201217|00:00|0.671||||||||||||||.161|
RD|I|40|143|0235|43509|6|7|008|149|20201223|00:00|0.0673||||MD||||||||||.161|
RD|I|40|143|0235|43509|6|7|008|149|20201229|00:00|0.105||||MD||||||||||.161|
RD|I|40|143|0235|43704|6|7|008|149|20200104|00:00|0||||||||||||||.0219|
RD|I|40|143|0235|43704|6|7|008|149|20200110|00:00|0||||||||||||||.0219|
RD|I|40|143|0235|43704|6|7|008|149|20200116|00:00|0||||||||||||||.0219|
RD|I|40|143|0235|43704|6|7|008|149|20200122|00:00|0||||||||||||||.0219|
RD|I|40|143|0235|43704|6|7|008|149|20200128|00:00|0||||||||||||||.0219|
RD|I|40|143|0235|43704|6|7|008|149|20200203|00:00|0||||||||||||||.0219|
RD|I|40|143|0235|43704|6|7|008|149|20200209|00:00|0||||||||||||||.0219|
RD|I|40|143|0235|43704|6|7|008|149|20200215|00:00|0||||||||||||||.0219|
RD|I|40|143|0235|43704|6|7|008|149|20200221|00:00|0||||||||||||||.0219|
RD|I|40|143|0235|43704|6|7|008|149|20200227|00:00|0||||||||||||||.0219|
RD|I|40|143|0235|43704|6|7|008|149|20200304|00:00|0||||||||||||||.0109|
RD|I|40|143|0235|43704|6|7|008|149|20200310|00:00|0||||||||||||||.0109|
RD|I|40|143|0235|43704|6|7|008|149|20200316|00:00|0||||||||||||||.0109|
RD|I|40|143|0235|43704|6|7|008|149|20200322|00:00|0||||||||||||||.0109|
RD|I|40|143|0235|43704|6|7|008|149|20200328|00:00|0||||||||||||||.0109|
RD|I|40|143|0235|43704|6|7|008|149|20200403|00:00|0||||ND||||||||||.0109|
RD|I|40|143|0235|43704|6|7|008|149|20200409|00:00|0||||ND||||||||||.0109|
RD|I|40|143|0235|43704|6|7|008|149|20200415|00:00|0||||ND||||||||||.0109|
RD|I|40|143|0235|43704|6|7|008|149|20200421|00:00|0||||ND||||||||||.0109|
RD|I|40|143|0235|43704|6|7|008|149|20200427|00:00|0||||ND||||||||||.0109|
RD|I|40|143|0235|43704|6|7|008|149|20200503|00:00|0||||ND||||||||||.0109|
RD|I|40|143|0235|43704|6|7|008|149|20200509|00:00|0||||ND||||||||||.0109|
RD|I|40|143|0235|43704|6|7|008|149|20200515|00:00|0||||ND||||||||||.0109|
RD|I|40|143|0235|43704|6|7|008|149|20200521|00:00|0||||ND||||||||||.0109|
RD|I|40|143|0235|43704|6|7|008|149|20200527|00:00|0||||ND||||||||||.0109|
RD|I|40|143|0235|43704|6|7|008|149|20200602|00:00|0||||ND||||||||||.0109|
RD|I|40|143|0235|43704|6|7|008|149|20200608|00:00|0||||ND||||||||||.0109|
RD|I|40|143|0235|43704|6|7|008|149|20200614|00:00|0||||ND||||||||||.0109|
RD|I|40|143|0235|43704|6|7|008|149|20200620|00:00|0||||ND||||||||||.0109|
RD|I|40|143|0235|43704|6|7|008|149|20200626|00:00|0||||ND||||||||||.0109|
RD|I|40|143|0235|43704|6|7|008|149|20200702|00:00|0||||ND||||||||||.0109|
RD|I|40|143|0235|43704|6|7|008|149|20200708|00:00|0||||ND||||||||||.0109|
RD|I|40|143|0235|43704|6|7|008|149|20200714|00:00|0||||ND||||||||||.0109|
RD|I|40|143|0235|43704|6|7|008|149|20200720|00:00|0||||ND||||||||||.0109|
RD|I|40|143|0235|43704|6|7|008|149|20200726|00:00|0||||ND||||||||||.0109|
RD|I|40|143|0235|43704|6|7|008|149|20200801|00:00|0||||ND||||||||||.0109|
RD|I|40|143|0235|43704|6|7|008|149|20200807|00:00|0||||ND||||||||||.0109|
RD|I|40|143|0235|43704|6|7|008|149|20200813|00:00|0||||ND||||||||||.0109|
RD|I|40|143|0235|43704|6|7|008|149|20200819|00:00|0||||ND||||||||||.0109|
RD|I|40|143|0235|43704|6|7|008|149|20200825|00:00|0||||ND||||||||||.0109|
RD|I|40|143|0235|43704|6|7|008|149|20200831|00:00|0||||ND||||||||||.0109|
RD|I|40|143|0235|43704|6|7|008|149|20200906|00:00|0||||ND||||||||||.0109|
RD|I|40|143|0235|43704|6|7|008|149|20200912|00:00|0||||ND||||||||||.0109|
RD|I|40|143|0235|43704|6|7|008|149|20200918|00:00|0||||ND||||||||||.0109|
RD|I|40|143|0235|43704|6|7|008|149|20200924|00:00|0||||ND||||||||||.0109|
RD|I|40|143|0235|43704|6|7|008|149|20200930|00:00|0||||ND||||||||||.0109|
RD|I|40|143|0235|43704|6|7|008|149|20201006|00:00||AA||||||||||||||
RD|I|40|143|0235|43704|6|7|008|149|20201012|00:00|0||||ND||||||||||.0109|
RD|I|40|143|0235|43704|6|7|008|149|20201018|00:00|0||||ND||||||||||.0109|
RD|I|40|143|0235|43704|6|7|008|149|20201020|00:00|0||||ND||||||||||.0109|
RD|I|40|143|0235|43704|6|7|008|149|20201024|00:00|0||||ND||||||||||.0109|
RD|I|40|143|0235|43704|6|7|008|149|20201030|00:00|0.306||||||||||||||.0109|
RD|I|40|143|0235|43704|6|7|008|149|20201105|00:00|0||||ND||||||||||.0109|
RD|I|40|143|0235|43704|6|7|008|149|20201111|00:00|0||||ND||||||||||.0109|
RD|I|40|143|0235|43704|6|7|008|149|20201117|00:00|0||||ND||||||||||.0109|
RD|I|40|143|0235|43704|6|7|008|149|20201123|00:00|0||||ND||||||||||.0109|
RD|I|40|143|0235|43704|6|7|008|149|20201129|00:00|0.0885||||||||||||||.0109|
RD|I|40|143|0235|43704|6|7|008|149|20201205|00:00|0||||ND||||||||||.0109|
RD|I|40|143|0235|43704|6|7|008|149|20201211|00:00|0||||ND||||||||||.0109|
RD|I|40|143|0235|43704|6|7|008|149|20201217|00:00|0||||ND||||||||||.0109|
RD|I|40|143|0235|43704|6|7|008|149|20201223|00:00|0||||ND||||||||||.0109|
RD|I|40|143|0235|43704|6|7|008|149|20201229|00:00|0||||ND||||||||||.0109|
RD|I|40|143|0235|43802|6|7|008|149|20200104|00:00|0.106||||SQ||||||||||.0512|
RD|I|40|143|0235|43802|6|7|008|149|20200110|00:00|0.104||||SQ||||||||||.0512|
RD|I|40|143|0235|43802|6|7|008|149|20200116|00:00|0.0860||||SQ||||||||||.0512|
RD|I|40|143|0235|43802|6|7|008|149|20200122|00:00|0.106||||SQ||||||||||.0512|
RD|I|40|143|0235|43802|6|7|008|149|20200128|00:00|0.0897||||SQ||||||||||.0512|
RD|I|40|143|0235|43802|6|7|008|149|20200203|00:00|0.147||||SQ||||||||||.0512|
RD|I|40|143|0235|43802|6|7|008|149|20200209|00:00|0.0881||||SQ||||||||||.0512|
RD|I|40|143|0235|43802|6|7|008|149|20200215|00:00|0.0966||||SQ||||||||||.0512|
RD|I|40|143|0235|43802|6|7|008|149|20200221|00:00|0.112||||SQ||||||||||.0512|
RD|I|40|143|0235|43802|6|7|008|149|20200227|00:00|0.164||||||||||||||.0512|
RD|I|40|143|0235|43802|6|7|008|149|20200304|00:00|0.185||||||||||||||.0167|
RD|I|40|143|0235|43802|6|7|008|149|20200310|00:00|0.110||||||||||||||.0167|
RD|I|40|143|0235|43802|6|7|008|149|20200316|00:00|0.133||||||||||||||.0167|
RD|I|40|143|0235|43802|6|7|008|149|20200322|00:00|0.147||||||||||||||.0167|
RD|I|40|143|0235|43802|6|7|008|149|20200328|00:00|0.126||||||||||||||.0167|
RD|I|40|143|0235|43802|6|7|008|149|20200403|00:00|0.124||||||||||||||.0167|
RD|I|40|143|0235|43802|6|7|008|149|20200409|00:00|0.0899||||QX||||||||||.0167|
RD|I|40|143|0235|43802|6|7|008|149|20200415|00:00|0.108||||||||||||||.0167|
RD|I|40|143|0235|43802|6|7|008|149|20200421|00:00|0.182||||||||||||||.0167|
RD|I|40|143|0235|43802|6|7|008|149|20200427|00:00|0.122||||||||||||||.0167|
RD|I|40|143|0235|43802|6|7|008|149|20200503|00:00|0.0885||||||||||||||.0167|
RD|I|40|143|0235|43802|6|7|008|149|20200509|00:00|0.104||||||||||||||.0167|
RD|I|40|143|0235|43802|6|7|008|149|20200515|00:00|0.0785||||||||||||||.0167|
RD|I|40|143|0235|43802|6|7|008|149|20200521|00:00|0.117||||||||||||||.0167|
RD|I|40|143|0235|43802|6|7|008|149|20200527|00:00|0.106||||||||||||||.0167|
RD|I|40|143|0235|43802|6|7|008|149|20200602|00:00|0.0741||||||||||||||.0167|
RD|I|40|143|0235|43802|6|7|008|149|20200608|00:00|0.0710||||||||||||||.0167|
RD|I|40|143|0235|43802|6|7|008|149|20200614|00:00|0.0761||||||||||||||.0167|
RD|I|40|143|0235|43802|6|7|008|149|20200620|00:00|0.128||||||||||||||.0167|
RD|I|40|143|0235|43802|6|7|008|149|20200626|00:00|0.0841||||||||||||||.0167|
RD|I|40|143|0235|43802|6|7|008|149|20200702|00:00|0.0533||||||||||||||.0167|
RD|I|40|143|0235|43802|6|7|008|149|20200708|00:00|0.0565||||||||||||||.0167|
RD|I|40|143|0235|43802|6|7|008|149|20200714|00:00|0.363||||||||||||||.0167|
RD|I|40|143|0235|43802|6|7|008|149|20200720|00:00|0.0584||||||||||||||.0167|
RD|I|40|143|0235|43802|6|7|008|149|20200726|00:00|0.0492||||SQ||||||||||.0167|
RD|I|40|143|0235|43802|6|7|008|149|20200801|00:00|0.0856||||||||||||||.0167|
RD|I|40|143|0235|43802|6|7|008|149|20200807|00:00|0.0884||||||||||||||.0167|
RD|I|40|143|0235|43802|6|7|008|149|20200813|00:00|0.0796||||||||||||||.0167|
RD|I|40|143|0235|43802|6|7|008|149|20200819|00:00|0.0872||||||||||||||.0167|
RD|I|40|143|0235|43802|6|7|008|149|20200825|00:00|0.106||||||||||||||.0167|
RD|I|40|143|0235|43802|6|7|008|149|20200831|00:00|0.0611||||||||||||||.0167|
RD|I|40|143|0235|43802|6|7|008|149|20200906|00:00|0.0619||||||||||||||.0167|
RD|I|40|143|0235|43802|6|7|008|149|20200912|00:00|5.54||||QX||||||||||.0167|
RD|I|40|143|0235|43802|6|7|008|149|20200918|00:00|0.108||||||||||||||.0167|
RD|I|40|143|0235|43802|6|7|008|149|20200924|00:00|0.120||||||||||||||.0167|
RD|I|40|143|0235|43802|6|7|008|149|20200930|00:00|0.448||||||||||||||.0167|
RD|I|40|143|0235|43802|6|7|008|149|20201006|00:00||AA||||||||||||||
RD|I|40|143|0235|43802|6|7|008|149|20201012|00:00|0.197||||||||||||||.0167|
RD|I|40|143|0235|43802|6|7|008|149|20201018|00:00|0.102||||||||||||||.0167|
RD|I|40|143|0235|43802|6|7|008|149|20201020|00:00|0.920||||||||||||||.0167|
RD|I|40|143|0235|43802|6|7|008|149|20201024|00:00|0.0944||||||||||||||.0167|
RD|I|40|143|0235|43802|6|7|008|149|20201030|00:00|0.176||||||||||||||.0167|
RD|I|40|143|0235|43802|6|7|008|149|20201105|00:00|0.0931||||||||||||||.0167|
RD|I|40|143|0235|43802|6|7|008|149|20201111|00:00|0.0922||||||||||||||.0167|
RD|I|40|143|0235|43802|6|7|008|149|20201117|00:00|0.203||||||||||||||.0167|
RD|I|40|143|0235|43802|6|7|008|149|20201123|00:00|0.132||||||||||||||.0167|
RD|I|40|143|0235|43802|6|7|008|149|20201129|00:00|0.144||||||||||||||.0167|
RD|I|40|143|0235|43802|6|7|008|149|20201205|00:00|0.135||||||||||||||.0167|
RD|I|40|143|0235|43802|6|7|008|149|20201211|00:00|0.162||||||||||||||.0167|
RD|I|40|143|0235|43802|6|7|008|149|20201217|00:00|0.170||||||||||||||.0167|
RD|I|40|143|0235|43802|6|7|008|149|20201223|00:00|0.164||||||||||||||.0167|
RD|I|40|143|0235|43802|6|7|008|149|20201229|00:00|0.103||||||||||||||.0167|
RD|I|40|143|0235|43803|6|7|008|149|20200104|00:00|0.0180||||SQ||||||||||.0083|
RD|I|40|143|0235|43803|6|7|008|149|20200110|00:00|0.0230||||SQ||||||||||.0083|
RD|I|40|143|0235|43803|6|7|008|149|20200116|00:00|0.0162||||SQ||||||||||.0083|
RD|I|40|143|0235|43803|6|7|008|149|20200122|00:00|0.0187||||SQ||||||||||.0083|
RD|I|40|143|0235|43803|6|7|008|149|20200128|00:00|0.0159||||SQ||||||||||.0083|
RD|I|40|143|0235|43803|6|7|008|149|20200203|00:00|0.0183||||SQ||||||||||.0083|
RD|I|40|143|0235|43803|6|7|008|149|20200209|00:00|0.0183||||SQ||||||||||.0083|
RD|I|40|143|0235|43803|6|7|008|149|20200215|00:00|0.0189||||SQ||||||||||.0083|
RD|I|40|143|0235|43803|6|7|008|149|20200221|00:00|0.0183||||SQ||||||||||.0083|
RD|I|40|143|0235|43803|6|7|008|149|20200227|00:00|0.0196||||SQ||||||||||.0083|
RD|I|40|143|0235|43803|6|7|008|149|20200304|00:00|0.0236||||SQ||||||||||.0142|
RD|I|40|143|0235|43803|6|7|008|149|20200310|00:00|0.0175||||SQ||||||||||.0142|
RD|I|40|143|0235|43803|6|7|008|149|20200316|00:00|0.0186||||SQ||||||||||.0142|
RD|I|40|143|0235|43803|6|7|008|149|20200322|00:00|0.0204||||SQ||||||||||.0142|
RD|I|40|143|0235|43803|6|7|008|149|20200328|00:00|0.0201||||SQ||||||||||.0142|
RD|I|40|143|0235|43803|6|7|008|149|20200403|00:00|0.0190||||SQ||||||||||.0142|
RD|I|40|143|0235|43803|6|7|008|149|20200409|00:00|0.0176||||SQ||||||||||.0142|
RD|I|40|143|0235|43803|6|7|008|149|20200415|00:00|0.0189||||SQ||||||||||.0142|
RD|I|40|143|0235|43803|6|7|008|149|20200421|00:00|0.0277||||SQ||||||||||.0142|
RD|I|40|143|0235|43803|6|7|008|149|20200427|00:00|0.0198||||SQ||||||||||.0142|
RD|I|40|143|0235|43803|6|7|008|149|20200503|00:00|0.0219||||SQ||||||||||.0142|
RD|I|40|143|0235|43803|6|7|008|149|20200509|00:00|0.0234||||SQ||||||||||.0142|
RD|I|40|143|0235|43803|6|7|008|149|20200515|00:00|0.0182||||SQ||||||||||.0142|
RD|I|40|143|0235|43803|6|7|008|149|20200521|00:00|0.0217||||SQ||||||||||.0142|
RD|I|40|143|0235|43803|6|7|008|149|20200527|00:00|0.0218||||SQ||||||||||.0142|
RD|I|40|143|0235|43803|6|7|008|149|20200602|00:00|0.0269||||SQ||||||||||.0142|
RD|I|40|143|0235|43803|6|7|008|149|20200608|00:00|0.0304||||SQ||||||||||.0142|
RD|I|40|143|0235|43803|6|7|008|149|20200614|00:00|0.0333||||SQ||||||||||.0142|
RD|I|40|143|0235|43803|6|7|008|149|20200620|00:00|0.0192||||SQ||||||||||.0142|
RD|I|40|143|0235|43803|6|7|008|149|20200626|00:00|0.0171||||SQ||||||||||.0142|
RD|I|40|143|0235|43803|6|7|008|149|20200702|00:00|0.0187||||SQ||||||||||.0142|
RD|I|40|143|0235|43803|6|7|008|149|20200708|00:00|0.0188||||SQ||||||||||.0142|
RD|I|40|143|0235|43803|6|7|008|149|20200714|00:00|0.0160||||SQ||||||||||.0142|
RD|I|40|143|0235|43803|6|7|008|149|20200720|00:00|0.0243||||SQ||||||||||.0142|
RD|I|40|143|0235|43803|6|7|008|149|20200726|00:00|0.0182||||SQ||||||||||.0142|
RD|I|40|143|0235|43803|6|7|008|149|20200801|00:00|0.0204||||SQ||||||||||.0142|
RD|I|40|143|0235|43803|6|7|008|149|20200807|00:00|0.0187||||SQ||||||||||.0142|
RD|I|40|143|0235|43803|6|7|008|149|20200813|00:00|0.0159||||SQ||||||||||.0142|
RD|I|40|143|0235|43803|6|7|008|149|20200819|00:00|0.0206||||SQ||||||||||.0142|
RD|I|40|143|0235|43803|6|7|008|149|20200825|00:00|0.0374||||SQ||||||||||.0142|
RD|I|40|143|0235|43803|6|7|008|149|20200831|00:00|0.0166||||SQ||||||||||.0142|
RD|I|40|143|0235|43803|6|7|008|149|20200906|00:00|0.0212||||SQ||||||||||.0142|
RD|I|40|143|0235|43803|6|7|008|149|20200912|00:00|0.0258||||SQ||||||||||.0142|
RD|I|40|143|0235|43803|6|7|008|149|20200918|00:00|0.0211||||SQ||||||||||.0142|
RD|I|40|143|0235|43803|6|7|008|149|20200924|00:00|0.0263||||SQ||||||||||.0142|
RD|I|40|143|0235|43803|6|7|008|149|20200930|00:00|0.0230||||SQ||||||||||.0142|
RD|I|40|143|0235|43803|6|7|008|149|20201006|00:00||AA||||||||||||||
RD|I|40|143|0235|43803|6|7|008|149|20201012|00:00|0.0264||||SQ||||||||||.0142|
RD|I|40|143|0235|43803|6|7|008|149|20201018|00:00|0.0184||||SQ||||||||||.0142|
RD|I|40|143|0235|43803|6|7|008|149|20201020|00:00|0.0198||||SQ||||||||||.0142|
RD|I|40|143|0235|43803|6|7|008|149|20201024|00:00|0.0209||||SQ||||||||||.0142|
RD|I|40|143|0235|43803|6|7|008|149|20201030|00:00|0.0284||||SQ||||||||||.0142|
RD|I|40|143|0235|43803|6|7|008|149|20201105|00:00|0.0228||||SQ||||||||||.0142|
RD|I|40|143|0235|43803|6|7|008|149|20201111|00:00|0.0251||||SQ||||||||||.0142|
RD|I|40|143|0235|43803|6|7|008|149|20201117|00:00|0.0360||||SQ||||||||||.0142|
RD|I|40|143|0235|43803|6|7|008|149|20201123|00:00|0.0223||||SQ||||||||||.0142|
RD|I|40|143|0235|43803|6|7|008|149|20201129|00:00|0.0221||||SQ||||||||||.0142|
RD|I|40|143|0235|43803|6|7|008|149|20201205|00:00|0.0178||||SQ||||||||||.0142|
RD|I|40|143|0235|43803|6|7|008|149|20201211|00:00||BH|||||||||||||.0142|
RD|I|40|143|0235|43803|6|7|008|149|20201217|00:00||BH|||||||||||||.0142|
RD|I|40|143|0235|43803|6|7|008|149|20201223|00:00|0.0167||||SQ||||||||||.0142|
RD|I|40|143|0235|43803|6|7|008|149|20201229|00:00|0.0168||||SQ||||||||||.0142|
RD|I|40|143|0235|43804|6|7|008|149|20200104|00:00|0.112||||||||||||||.0109|
RD|I|40|143|0235|43804|6|7|008|149|20200110|00:00|0.0922||||||||||||||.0109|
RD|I|40|143|0235|43804|6|7|008|149|20200116|00:00|0.112||||||||||||||.0109|
RD|I|40|143|0235|43804|6|7|008|149|20200122|00:00|0.104||||||||||||||.0109|
RD|I|40|143|0235|43804|6|7|008|149|20200128|00:00|0.0980||||||||||||||.0109|
RD|I|40|143|0235|43804|6|7|008|149|20200203|00:00|0.110||||||||||||||.0109|
RD|I|40|143|0235|43804|6|7|008|149|20200209|00:00|0.113||||||||||||||.0109|
RD|I|40|143|0235|43804|6|7|008|149|20200215|00:00|0.0874||||||||||||||.0109|
RD|I|40|143|0235|43804|6|7|008|149|20200221|00:00|0.111||||||||||||||.0109|
RD|I|40|143|0235|43804|6|7|008|149|20200227|00:00|0.0955||||||||||||||.0109|
RD|I|40|143|0235|43804|6|7|008|149|20200304|00:00|0.108||||||||||||||.0175|
RD|I|40|143|0235|43804|6|7|008|149|20200310|00:00|0.105||||||||||||||.0175|
RD|I|40|143|0235|43804|6|7|008|149|20200316|00:00|0.115||||||||||||||.0175|
RD|I|40|143|0235|43804|6|7|008|149|20200322|00:00|0.120||||||||||||||.0175|
RD|I|40|143|0235|43804|6|7|008|149|20200328|00:00|0.120||||||||||||||.0175|
RD|I|40|143|0235|43804|6|7|008|149|20200403|00:00|0.100||||||||||||||.0175|
RD|I|40|143|0235|43804|6|7|008|149|20200409|00:00|0.102||||||||||||||.0175|
RD|I|40|143|0235|43804|6|7|008|149|20200415|00:00|0.101||||||||||||||.0175|
RD|I|40|143|0235|43804|6|7|008|149|20200421|00:00|0.103||||||||||||||.0175|
RD|I|40|143|0235|43804|6|7|008|149|20200427|00:00|0.101||||||||||||||.0175|
RD|I|40|143|0235|43804|6|7|008|149|20200503|00:00|0.101||||||||||||||.0175|
RD|I|40|143|0235|43804|6|7|008|149|20200509|00:00|0.101||||||||||||||.0175|
RD|I|40|143|0235|43804|6|7|008|149|20200515|00:00|0.0980||||||||||||||.0175|
RD|I|40|143|0235|43804|6|7|008|149|20200521|00:00|0.0631||||||||||||||.0175|
RD|I|40|143|0235|43804|6|7|008|149|20200527|00:00|0.0995||||||||||||||.0175|
RD|I|40|143|0235|43804|6|7|008|149|20200602|00:00|0.0669||||||||||||||.0175|
RD|I|40|143|0235|43804|6|7|008|149|20200608|00:00|0.103||||||||||||||.0175|
RD|I|40|143|0235|43804|6|7|008|149|20200614|00:00|0.0959||||||||||||||.0175|
RD|I|40|143|0235|43804|6|7|008|149|20200620|00:00|0.103||||||||||||||.0175|
RD|I|40|143|0235|43804|6|7|008|149|20200626|00:00|0.0726||||||||||||||.0175|
RD|I|40|143|0235|43804|6|7|008|149|20200702|00:00|0.0698||||||||||||||.0175|
RD|I|40|143|0235|43804|6|7|008|149|20200708|00:00|0.0887||||||||||||||.0175|
RD|I|40|143|0235|43804|6|7|008|149|20200714|00:00|0.0813||||||||||||||.0175|
RD|I|40|143|0235|43804|6|7|008|149|20200720|00:00|0.0918||||||||||||||.0175|
RD|I|40|143|0235|43804|6|7|008|149|20200726|00:00|0.0952||||||||||||||.0175|
RD|I|40|143|0235|43804|6|7|008|149|20200801|00:00|0.0890||||||||||||||.0175|
RD|I|40|143|0235|43804|6|7|008|149|20200807|00:00|0.0978||||||||||||||.0175|
RD|I|40|143|0235|43804|6|7|008|149|20200813|00:00|0.0676||||||||||||||.0175|
RD|I|40|143|0235|43804|6|7|008|149|20200819|00:00|0.0957||||||||||||||.0175|
RD|I|40|143|0235|43804|6|7|008|149|20200825|00:00|0.0978||||||||||||||.0175|
RD|I|40|143|0235|43804|6|7|008|149|20200831|00:00|0.0820||||||||||||||.0175|
RD|I|40|143|0235|43804|6|7|008|149|20200906|00:00|0.0984||||||||||||||.0175|
RD|I|40|143|0235|43804|6|7|008|149|20200912|00:00|0.0956||||||||||||||.0175|
RD|I|40|143|0235|43804|6|7|008|149|20200918|00:00|0.105||||||||||||||.0175|
RD|I|40|143|0235|43804|6|7|008|149|20200924|00:00|0.0787||||||||||||||.0175|
RD|I|40|143|0235|43804|6|7|008|149|20200930|00:00|0.0843||||||||||||||.0175|
RD|I|40|143|0235|43804|6|7|008|149|20201006|00:00||AA||||||||||||||
RD|I|40|143|0235|43804|6|7|008|149|20201012|00:00|0.0862||||||||||||||.0175|
RD|I|40|143|0235|43804|6|7|008|149|20201018|00:00|0.0904||||||||||||||.0175|
RD|I|40|143|0235|43804|6|7|008|149|20201020|00:00|0.0893||||||||||||||.0175|
RD|I|40|143|0235|43804|6|7|008|149|20201024|00:00|0.0683||||||||||||||.0175|
RD|I|40|143|0235|43804|6|7|008|149|20201030|00:00|0.0974||||||||||||||.0175|
RD|I|40|143|0235|43804|6|7|008|149|20201105|00:00|0.0948||||||||||||||.0175|
RD|I|40|143|0235|43804|6|7|008|149|20201111|00:00|0.0930||||||||||||||.0175|
RD|I|40|143|0235|43804|6|7|008|149|20201117|00:00|0.0977||||||||||||||.0175|
RD|I|40|143|0235|43804|6|7|008|149|20201123|00:00|0.0723||||||||||||||.0175|
RD|I|40|143|0235|43804|6|7|008|149|20201129|00:00|0.0491||||SQ||||||||||.0175|
RD|I|40|143|0235|43804|6|7|008|149|20201205|00:00|0.0738||||||||||||||.0175|
RD|I|40|143|0235|43804|6|7|008|149|20201211|00:00|0.0661||||||||||||||.0175|
RD|I|40|143|0235|43804|6|7|008|149|20201217|00:00|0.0887||||||||||||||.0175|
RD|I|40|143|0235|43804|6|7|008|149|20201223|00:00|0.0852||||||||||||||.0175|
RD|I|40|143|0235|43804|6|7|008|149|20201229|00:00|0.0812||||||||||||||.0175|
RD|I|40|143|0235|43815|6|7|008|149|20200104|00:00|0.0231||||SQ||||||||||.0086|
RD|I|40|143|0235|43815|6|7|008|149|20200110|00:00|0.0307||||||||||||||.0086|
RD|I|40|143|0235|43815|6|7|008|149|20200116|00:00|0.0203||||SQ||||||||||.0086|
RD|I|40|143|0235|43815|6|7|008|149|20200122|00:00|0.0237||||SQ||||||||||.0086|
RD|I|40|143|0235|43815|6|7|008|149|20200128|00:00|0.0192||||SQ||||||||||.0086|
RD|I|40|143|0235|43815|6|7|008|149|20200203|00:00|0.0219||||SQ||||||||||.0086|
RD|I|40|143|0235|43815|6|7|008|149|20200209|00:00|0.0238||||SQ||||||||||.0086|
RD|I|40|143|0235|43815|6|7|008|149|20200215|00:00|0.0249||||SQ||||||||||.0086|
RD|I|40|143|0235|43815|6|7|008|149|20200221|00:00|0||||||||||||||.0086|
RD|I|40|143|0235|43815|6|7|008|149|20200227|00:00|0.0295||||||||||||||.0086|
RD|I|40|143|0235|43815|6|7|008|149|20200304|00:00|0.0416||||||||||||||.0107|
RD|I|40|143|0235|43815|6|7|008|149|20200310|00:00|0.0230||||SQ||||||||||.0107|
RD|I|40|143|0235|43815|6|7|008|149|20200316|00:00|0.0232||||SQ||||||||||.0107|
RD|I|40|143|0235|43815|6|7|008|149|20200322|00:00|0.0259||||SQ||||||||||.0107|
RD|I|40|143|0235|43815|6|7|008|149|20200328|00:00|0.0245||||SQ||||||||||.0107|
RD|I|40|143|0235|43815|6|7|008|149|20200403|00:00|0.0233||||SQ||||||||||.0107|
RD|I|40|143|0235|43815|6|7|008|149|20200409|00:00|0.0201||||SQ||||||||||.0107|
RD|I|40|143|0235|43815|6|7|008|149|20200415|00:00|0.0242||||SQ||||||||||.0107|
RD|I|40|143|0235|43815|6|7|008|149|20200421|00:00|0.0369||||||||||||||.0107|
RD|I|40|143|0235|43815|6|7|008|149|20200427|00:00|0.0289||||SQ||||||||||.0107|
RD|I|40|143|0235|43815|6|7|008|149|20200503|00:00|0.0208||||SQ||||||||||.0107|
RD|I|40|143|0235|43815|6|7|008|149|20200509|00:00|0.0312||||SQ||||||||||.0107|
RD|I|40|143|0235|43815|6|7|008|149|20200515|00:00|0.0177||||SQ||||||||||.0107|
RD|I|40|143|0235|43815|6|7|008|149|20200521|00:00|0.0182||||SQ||||||||||.0107|
RD|I|40|143|0235|43815|6|7|008|149|20200527|00:00|0.0215||||SQ||||||||||.0107|
RD|I|40|143|0235|43815|6|7|008|149|20200602|00:00|0.0204||||SQ||||||||||.0107|
RD|I|40|143|0235|43815|6|7|008|149|20200608|00:00|0.0214||||SQ||||||||||.0107|
RD|I|40|143|0235|43815|6|7|008|149|20200614|00:00|0.0250||||SQ||||||||||.0107|
RD|I|40|143|0235|43815|6|7|008|149|20200620|00:00|0.0174||||SQ||||||||||.0107|
RD|I|40|143|0235|43815|6|7|008|149|20200626|00:00|0.0149||||SQ||||||||||.0107|
RD|I|40|143|0235|43815|6|7|008|149|20200702|00:00|0.0140||||SQ||||||||||.0107|
RD|I|40|143|0235|43815|6|7|008|149|20200708|00:00|0.0121||||SQ||||||||||.0107|
RD|I|40|143|0235|43815|6|7|008|149|20200714|00:00|0.0117||||SQ||||||||||.0107|
RD|I|40|143|0235|43815|6|7|008|149|20200720|00:00|0.0163||||SQ||||||||||.0107|
RD|I|40|143|0235|43815|6|7|008|149|20200726|00:00|0.0110||||SQ||||||||||.0107|
RD|I|40|143|0235|43815|6|7|008|149|20200801|00:00|0.0145||||SQ||||||||||.0107|
RD|I|40|143|0235|43815|6|7|008|149|20200807|00:00|0.0162||||SQ||||||||||.0107|
RD|I|40|143|0235|43815|6|7|008|149|20200813|00:00|0.0126||||SQ||||||||||.0107|
RD|I|40|143|0235|43815|6|7|008|149|20200819|00:00|0.0123||||SQ||||||||||.0107|
RD|I|40|143|0235|43815|6|7|008|149|20200825|00:00|0.0311||||SQ||||||||||.0107|
RD|I|40|143|0235|43815|6|7|008|149|20200831|00:00|0.0117||||SQ||||||||||.0107|
RD|I|40|143|0235|43815|6|7|008|149|20200906|00:00|0.0106||||MD||||||||||.0107|
RD|I|40|143|0235|43815|6|7|008|149|20200912|00:00|0.0169||||SQ||||||||||.0107|
RD|I|40|143|0235|43815|6|7|008|149|20200918|00:00|0.0129||||SQ||||||||||.0107|
RD|I|40|143|0235|43815|6|7|008|149|20200924|00:00|0.0177||||SQ||||||||||.0107|
RD|I|40|143|0235|43815|6|7|008|149|20200930|00:00||BH|||||||||||||.0107|
RD|I|40|143|0235|43815|6|7|008|149|20201006|00:00||AA||||||||||||||
RD|I|40|143|0235|43815|6|7|008|149|20201012|00:00|0.0287||||SQ||||||||||.0107|
RD|I|40|143|0235|43815|6|7|008|149|20201018|00:00|0.0276||||SQ||||||||||.0107|
RD|I|40|143|0235|43815|6|7|008|149|20201020|00:00|0.0172||||SQ||||||||||.0107|
RD|I|40|143|0235|43815|6|7|008|149|20201024|00:00|0.0193||||SQ||||||||||.0107|
RD|I|40|143|0235|43815|6|7|008|149|20201030|00:00|0.0321||||SQ||||||||||.0107|
RD|I|40|143|0235|43815|6|7|008|149|20201105|00:00|0.0558||||||||||||||.0107|
RD|I|40|143|0235|43815|6|7|008|149|20201111|00:00|0.0233||||SQ||||||||||.0107|
RD|I|40|143|0235|43815|6|7|008|149|20201117|00:00||BH|||||||||||||.0107|
RD|I|40|143|0235|43815|6|7|008|149|20201123|00:00|0||||ND||||||||||.0107|
RD|I|40|143|0235|43815|6|7|008|149|20201129|00:00|0||||||||||||||.0107|
RD|I|40|143|0235|43815|6|7|008|149|20201205|00:00|0.0236||||SQ||||||||||.0107|
RD|I|40|143|0235|43815|6|7|008|149|20201211|00:00|0.0199||||SQ||||||||||.0107|
RD|I|40|143|0235|43815|6|7|008|149|20201217|00:00|0.0219||||SQ||||||||||.0107|
RD|I|40|143|0235|43815|6|7|008|149|20201223|00:00|0.0189||||SQ||||||||||.0107|
RD|I|40|143|0235|43815|6|7|008|149|20201229|00:00|0.0202||||SQ||||||||||.0107|
RD|I|40|143|0235|43817|6|7|008|149|20200104|00:00|0.00600||||MD||||||||||.0144|
RD|I|40|143|0235|43817|6|7|008|149|20200110|00:00|0.00820||||MD||||||||||.0144|
RD|I|40|143|0235|43817|6|7|008|149|20200116|00:00|0.00690||||MD||||||||||.0144|
RD|I|40|143|0235|43817|6|7|008|149|20200122|00:00|0.00500||||MD||||||||||.0144|
RD|I|40|143|0235|43817|6|7|008|149|20200128|00:00|0.0157||||SQ||||||||||.0144|
RD|I|40|143|0235|43817|6|7|008|149|20200203|00:00|0.00920||||MD||||||||||.0144|
RD|I|40|143|0235|43817|6|7|008|149|20200209|00:00|0.00530||||MD||||||||||.0144|
RD|I|40|143|0235|43817|6|7|008|149|20200215|00:00|0.00680||||MD||||||||||.0144|
RD|I|40|143|0235|43817|6|7|008|149|20200221|00:00|0.00920||||MD||||||||||.0144|
RD|I|40|143|0235|43817|6|7|008|149|20200227|00:00|0.0168||||SQ||||||||||.0144|
RD|I|40|143|0235|43817|6|7|008|149|20200304|00:00|0.0184||||SQ||||||||||.0124|
RD|I|40|143|0235|43817|6|7|008|149|20200310|00:00|0.00560||||MD||||||||||.0124|
RD|I|40|143|0235|43817|6|7|008|149|20200316|00:00|0.00680||||MD||||||||||.0124|
RD|I|40|143|0235|43817|6|7|008|149|20200322|00:00|0.00730||||MD||||||||||.0124|
RD|I|40|143|0235|43817|6|7|008|149|20200328|00:00|0.00420||||MD||||||||||.0124|
RD|I|40|143|0235|43817|6|7|008|149|20200403|00:00|0.00440||||MD||||||||||.0124|
RD|I|40|143|0235|43817|6|7|008|149|20200409|00:00|0.00530||||MD||||||||||.0124|
RD|I|40|143|0235|43817|6|7|008|149|20200415|00:00|0.0100||||MD||||||||||.0124|
RD|I|40|143|0235|43817|6|7|008|149|20200421|00:00|0.0139||||SQ||||||||||.0124|
RD|I|40|143|0235|43817|6|7|008|149|20200427|00:00|0.00440||||MD||||||||||.0124|
RD|I|40|143|0235|43817|6|7|008|149|20200503|00:00|0.00580||||MD||||||||||.0124|
RD|I|40|143|0235|43817|6|7|008|149|20200509|00:00|0.0142||||SQ||||||||||.0124|
RD|I|40|143|0235|43817|6|7|008|149|20200515|00:00|0.00740||||MD||||||||||.0124|
RD|I|40|143|0235|43817|6|7|008|149|20200521|00:00|0.00920||||MD||||||||||.0124|
RD|I|40|143|0235|43817|6|7|008|149|20200527|00:00|0.00470||||MD||||||||||.0124|
RD|I|40|143|0235|43817|6|7|008|149|20200602|00:00|0.00960||||MD||||||||||.0124|
RD|I|40|143|0235|43817|6|7|008|149|20200608|00:00|0.00510||||MD||||||||||.0124|
RD|I|40|143|0235|43817|6|7|008|149|20200614|00:00|0.00690||||MD||||||||||.0124|
RD|I|40|143|0235|43817|6|7|008|149|20200620|00:00|0.00470||||MD||||||||||.0124|
RD|I|40|143|0235|43817|6|7|008|149|20200626|00:00|0.00500||||MD||||||||||.0124|
RD|I|40|143|0235|43817|6|7|008|149|20200702|00:00|0.00830||||MD||||||||||.0124|
RD|I|40|143|0235|43817|6|7|008|149|20200708|00:00|0.00390||||MD||||||||||.0124|
RD|I|40|143|0235|43817|6|7|008|149|20200714|00:00|0.00660||||MD||||||||||.0124|
RD|I|40|143|0235|43817|6|7|008|149|20200720|00:00|0.00430||||MD||||||||||.0124|
RD|I|40|143|0235|43817|6|7|008|149|20200726|00:00|0.00270||||MD||||||||||.0124|
RD|I|40|143|0235|43817|6|7|008|149|20200801|00:00|0.00630||||MD||||||||||.0124|
RD|I|40|143|0235|43817|6|7|008|149|20200807|00:00|0.00360||||MD||||||||||.0124|
RD|I|40|143|0235|43817|6|7|008|149|20200813|00:00|0.00510||||MD||||||||||.0124|
RD|I|40|143|0235|43817|6|7|008|149|20200819|00:00|0.0118||||MD||||||||||.0124|
RD|I|40|143|0235|43817|6|7|008|149|20200825|00:00|0.0143||||SQ||||||||||.0124|
RD|I|40|143|0235|43817|6|7|008|149|20200831|00:00|0.00420||||MD||||||||||.0124|
RD|I|40|143|0235|43817|6|7|008|149|20200906|00:00|0.00400||||MD||||||||||.0124|
RD|I|40|143|0235|43817|6|7|008|149|20200912|00:00|0.00800||||MD||||||||||.0124|
RD|I|40|143|0235|43817|6|7|008|149|20200918|00:00|0.0120||||MD||||||||||.0124|
RD|I|40|143|0235|43817|6|7|008|149|20200924|00:00|0.0118||||MD||||||||||.0124|
RD|I|40|143|0235|43817|6|7|008|149|20200930|00:00|0.0100||||MD||||||||||.0124|
RD|I|40|143|0235|43817|6|7|008|149|20201006|00:00||AA||||||||||||||
RD|I|40|143|0235|43817|6|7|008|149|20201012|00:00|0.00710||||MD||||||||||.0124|
RD|I|40|143|0235|43817|6|7|008|149|20201018|00:00|0.00420||||MD||||||||||.0124|
RD|I|40|143|0235|43817|6|7|008|149|20201020|00:00|0.0102||||MD||||||||||.0124|
RD|I|40|143|0235|43817|6|7|008|149|20201024|00:00|0.00380||||MD||||||||||.0124|
RD|I|40|143|0235|43817|6|7|008|149|20201030|00:00|0.0136||||SQ||||||||||.0124|
RD|I|40|143|0235|43817|6|7|008|149|20201105|00:00|0.0102||||MD||||||||||.0124|
RD|I|40|143|0235|43817|6|7|008|149|20201111|00:00|0.0155||||SQ||||||||||.0124|
RD|I|40|143|0235|43817|6|7|008|149|20201117|00:00|0.0135||||SQ||||||||||.0124|
RD|I|40|143|0235|43817|6|7|008|149|20201123|00:00|0.0126||||SQ||||||||||.0124|
RD|I|40|143|0235|43817|6|7|008|149|20201129|00:00|0.00480||||MD||||||||||.0124|
RD|I|40|143|0235|43817|6|7|008|149|20201205|00:00|0.00740||||MD||||||||||.0124|
RD|I|40|143|0235|43817|6|7|008|149|20201211|00:00|0.00690||||MD||||||||||.0124|
RD|I|40|143|0235|43817|6|7|008|149|20201217|00:00|0.0185||||SQ||||||||||.0124|
RD|I|40|143|0235|43817|6|7|008|149|20201223|00:00|0.00820||||MD||||||||||.0124|
RD|I|40|143|0235|43817|6|7|008|149|20201229|00:00|0.00550||||MD||||||||||.0124|
RD|I|40|143|0235|43818|6|7|008|149|20200104|00:00|0.00120||||MD||||||||||.0165|
RD|I|40|143|0235|43818|6|7|008|149|20200110|00:00|0||||||||||||||.0165|
RD|I|40|143|0235|43818|6|7|008|149|20200116|00:00|0||||||||||||||.0165|
RD|I|40|143|0235|43818|6|7|008|149|20200122|00:00|0||||||||||||||.0165|
RD|I|40|143|0235|43818|6|7|008|149|20200128|00:00|0||||||||||||||.0165|
RD|I|40|143|0235|43818|6|7|008|149|20200203|00:00|0||||||||||||||.0165|
RD|I|40|143|0235|43818|6|7|008|149|20200209|00:00|0||||||||||||||.0165|
RD|I|40|143|0235|43818|6|7|008|149|20200215|00:00|0||||||||||||||.0165|
RD|I|40|143|0235|43818|6|7|008|149|20200221|00:00|0||||||||||||||.0165|
RD|I|40|143|0235|43818|6|7|008|149|20200227|00:00|0||||||||||||||.0165|
RD|I|40|143|0235|43818|6|7|008|149|20200304|00:00|0||||||||||||||.0173|
RD|I|40|143|0235|43818|6|7|008|149|20200310|00:00|0||||||||||||||.0173|
RD|I|40|143|0235|43818|6|7|008|149|20200316|00:00|0||||||||||||||.0173|
RD|I|40|143|0235|43818|6|7|008|149|20200322|00:00|0||||||||||||||.0173|
RD|I|40|143|0235|43818|6|7|008|149|20200328|00:00|0||||||||||||||.0173|
RD|I|40|143|0235|43818|6|7|008|149|20200403|00:00|0||||ND||||||||||.0173|
RD|I|40|143|0235|43818|6|7|008|149|20200409|00:00|0||||ND||||||||||.0173|
RD|I|40|143|0235|43818|6|7|008|149|20200415|00:00|0||||ND||||||||||.0173|
RD|I|40|143|0235|43818|6|7|008|149|20200421|00:00|0||||ND||||||||||.0173|
RD|I|40|143|0235|43818|6|7|008|149|20200427|00:00|0||||ND||||||||||.0173|
RD|I|40|143|0235|43818|6|7|008|149|20200503|00:00|0||||ND||||||||||.0173|
RD|I|40|143|0235|43818|6|7|008|149|20200509|00:00|0||||ND||||||||||.0173|
RD|I|40|143|0235|43818|6|7|008|149|20200515|00:00|0||||ND||||||||||.0173|
RD|I|40|143|0235|43818|6|7|008|149|20200521|00:00|0||||ND||||||||||.0173|
RD|I|40|143|0235|43818|6|7|008|149|20200527|00:00|0||||ND||||||||||.0173|
RD|I|40|143|0235|43818|6|7|008|149|20200602|00:00|0||||ND||||||||||.0173|
RD|I|40|143|0235|43818|6|7|008|149|20200608|00:00|0||||ND||||||||||.0173|
RD|I|40|143|0235|43818|6|7|008|149|20200614|00:00|0||||ND||||||||||.0173|
RD|I|40|143|0235|43818|6|7|008|149|20200620|00:00|0||||ND||||||||||.0173|
RD|I|40|143|0235|43818|6|7|008|149|20200626|00:00|0||||ND||||||||||.0173|
RD|I|40|143|0235|43818|6|7|008|149|20200702|00:00|0||||ND||||||||||.0173|
RD|I|40|143|0235|43818|6|7|008|149|20200708|00:00|0||||ND||||||||||.0173|
RD|I|40|143|0235|43818|6|7|008|149|20200714|00:00|0||||ND||||||||||.0173|
RD|I|40|143|0235|43818|6|7|008|149|20200720|00:00|0||||ND||||||||||.0173|
RD|I|40|143|0235|43818|6|7|008|149|20200726|00:00|0||||ND||||||||||.0173|
RD|I|40|143|0235|43818|6|7|008|149|20200801|00:00|0||||ND||||||||||.0173|
RD|I|40|143|0235|43818|6|7|008|149|20200807|00:00|0||||ND||||||||||.0173|
RD|I|40|143|0235|43818|6|7|008|149|20200813|00:00|0||||ND||||||||||.0173|
RD|I|40|143|0235|43818|6|7|008|149|20200819|00:00|0||||ND||||||||||.0173|
RD|I|40|143|0235|43818|6|7|008|149|20200825|00:00|0||||ND||||||||||.0173|
RD|I|40|143|0235|43818|6|7|008|149|20200831|00:00|0||||ND||||||||||.0173|
RD|I|40|143|0235|43818|6|7|008|149|20200906|00:00|0||||ND||||||||||.0173|
RD|I|40|143|0235|43818|6|7|008|149|20200912|00:00|0||||ND||||||||||.0173|
RD|I|40|143|0235|43818|6|7|008|149|20200918|00:00|0||||ND||||||||||.0173|
RD|I|40|143|0235|43818|6|7|008|149|20200924|00:00|0||||ND||||||||||.0173|
RD|I|40|143|0235|43818|6|7|008|149|20200930|00:00|0||||ND||||||||||.0173|
RD|I|40|143|0235|43818|6|7|008|149|20201006|00:00||AA||||||||||||||
RD|I|40|143|0235|43818|6|7|008|149|20201012|00:00|0||||ND||||||||||.0173|
RD|I|40|143|0235|43818|6|7|008|149|20201018|00:00|0||||ND||||||||||.0173|
RD|I|40|143|0235|43818|6|7|008|149|20201020|00:00|0||||ND||||||||||.0173|
RD|I|40|143|0235|43818|6|7|008|149|20201024|00:00|0||||ND||||||||||.0173|
RD|I|40|143|0235|43818|6|7|008|149|20201030|00:00|0||||ND||||||||||.0173|
RD|I|40|143|0235|43818|6|7|008|149|20201105|00:00|0||||ND||||||||||.0173|
RD|I|40|143|0235|43818|6|7|008|149|20201111|00:00|0||||ND||||||||||.0173|
RD|I|40|143|0235|43818|6|7|008|149|20201117|00:00|0||||ND||||||||||.0173|
RD|I|40|143|0235|43818|6|7|008|149|20201123|00:00|0||||ND||||||||||.0173|
RD|I|40|143|0235|43818|6|7|008|149|20201129|00:00|0||||||||||||||.0173|
RD|I|40|143|0235|43818|6|7|008|149|20201205|00:00|0||||ND||||||||||.0173|
RD|I|40|143|0235|43818|6|7|008|149|20201211|00:00|0||||ND||||||||||.0173|
RD|I|40|143|0235|43818|6|7|008|149|20201217|00:00|0||||ND||||||||||.0173|
RD|I|40|143|0235|43818|6|7|008|149|20201223|00:00|0||||ND||||||||||.0173|
RD|I|40|143|0235|43818|6|7|008|149|20201229|00:00|0||||ND||||||||||.0173|
RD|I|40|143|0235|43824|6|7|008|149|20200104|00:00|0.00780||||MD||||||||||.0123|
RD|I|40|143|0235|43824|6|7|008|149|20200110|00:00|0.00840||||MD||||||||||.0123|
RD|I|40|143|0235|43824|6|7|008|149|20200116|00:00|0.0185||||SQ||||||||||.0123|
RD|I|40|143|0235|43824|6|7|008|149|20200122|00:00|0.00590||||MD||||||||||.0123|
RD|I|40|143|0235|43824|6|7|008|149|20200128|00:00|0.0297||||SQ||||||||||.0123|
RD|I|40|143|0235|43824|6|7|008|149|20200203|00:00|0.0105||||MD||||||||||.0123|
RD|I|40|143|0235|43824|6|7|008|149|20200209|00:00|0.00650||||MD||||||||||.0123|
RD|I|40|143|0235|43824|6|7|008|149|20200215|00:00|0.00600||||MD||||||||||.0123|
RD|I|40|143|0235|43824|6|7|008|149|20200221|00:00|0.00700||||MD||||||||||.0123|
RD|I|40|143|0235|43824|6|7|008|149|20200227|00:00|0.00890||||MD||||||||||.0123|
RD|I|40|143|0235|43824|6|7|008|149|20200304|00:00|0.0332||||||||||||||.00897|
RD|I|40|143|0235|43824|6|7|008|149|20200310|00:00|0.00610||||MD||||||||||.00897|
RD|I|40|143|0235|43824|6|7|008|149|20200316|00:00|0.00850||||MD||||||||||.00897|
RD|I|40|143|0235|43824|6|7|008|149|20200322|00:00|0.00640||||MD||||||||||.00897|
RD|I|40|143|0235|43824|6|7|008|149|20200328|00:00|0.00810||||MD||||||||||.00897|
RD|I|40|143|0235|43824|6|7|008|149|20200403|00:00|0.00530||||MD||||||||||.009|
RD|I|40|143|0235|43824|6|7|008|149|20200409|00:00|0.0118||||SQ||||||||||.009|
RD|I|40|143|0235|43824|6|7|008|149|20200415|00:00|0.00580||||MD||||||||||.009|
RD|I|40|143|0235|43824|6|7|008|149|20200421|00:00|0.0514||||||||||||||.009|
RD|I|40|143|0235|43824|6|7|008|149|20200427|00:00|0.0195||||SQ||||||||||.009|
RD|I|40|143|0235|43824|6|7|008|149|20200503|00:00|0.0140||||SQ||||||||||.009|
RD|I|40|143|0235|43824|6|7|008|149|20200509|00:00|0.0175||||SQ||||||||||.009|
RD|I|40|143|0235|43824|6|7|008|149|20200515|00:00|0.00750||||MD||||||||||.009|
RD|I|40|143|0235|43824|6|7|008|149|20200521|00:00|0.00630||||MD||||||||||.009|
RD|I|40|143|0235|43824|6|7|008|149|20200527|00:00|0.00840||||MD||||||||||.009|
RD|I|40|143|0235|43824|6|7|008|149|20200602|00:00|0.00930||||SQ||||||||||.009|
RD|I|40|143|0235|43824|6|7|008|149|20200608|00:00|0.00650||||MD||||||||||.009|
RD|I|40|143|0235|43824|6|7|008|149|20200614|00:00|0.0112||||SQ||||||||||.009|
RD|I|40|143|0235|43824|6|7|008|149|20200620|00:00|0.00760||||MD||||||||||.009|
RD|I|40|143|0235|43824|6|7|008|149|20200626|00:00|0.00690||||MD||||||||||.009|
RD|I|40|143|0235|43824|6|7|008|149|20200702|00:00|0.0113||||SQ||||||||||.009|
RD|I|40|143|0235|43824|6|7|008|149|20200708|00:00|0.0182||||SQ||||||||||.009|
RD|I|40|143|0235|43824|6|7|008|149|20200714|00:00|0||||ND||||||||||.009|
RD|I|40|143|0235|43824|6|7|008|149|20200720|00:00|0.0167||||SQ||||||||||.009|
RD|I|40|143|0235|43824|6|7|008|149|20200726|00:00|0.00680||||MD||||||||||.009|
RD|I|40|143|0235|43824|6|7|008|149|20200801|00:00|0.0156||||SQ||||||||||.009|
RD|I|40|143|0235|43824|6|7|008|149|20200807|00:00|0.00650||||MD||||||||||.009|
RD|I|40|143|0235|43824|6|7|008|149|20200813|00:00|0.00720||||MD||||||||||.009|
RD|I|40|143|0235|43824|6|7|008|149|20200819|00:00|0.0243||||SQ||||||||||.009|
RD|I|40|143|0235|43824|6|7|008|149|20200825|00:00|0.0563||||||||||||||.009|
RD|I|40|143|0235|43824|6|7|008|149|20200831|00:00|0.00930||||SQ||||||||||.009|
RD|I|40|143|0235|43824|6|7|008|149|20200906|00:00|0.00750||||MD||||||||||.009|
RD|I|40|143|0235|43824|6|7|008|149|20200912|00:00|0.0154||||SQ||||||||||.009|
RD|I|40|143|0235|43824|6|7|008|149|20200918|00:00|0.0286||||SQ||||||||||.009|
RD|I|40|143|0235|43824|6|7|008|149|20200924|00:00|0.0696||||||||||||||.009|
RD|I|40|143|0235|43824|6|7|008|149|20200930|00:00|0.0241||||SQ||||||||||.009|
RD|I|40|143|0235|43824|6|7|008|149|20201006|00:00||AA||||||||||||||
RD|I|40|143|0235|43824|6|7|008|149|20201012|00:00|0.0172||||SQ||||||||||.009|
RD|I|40|143|0235|43824|6|7|008|149|20201018|00:00|0.00720||||MD||||||||||.009|
RD|I|40|143|0235|43824|6|7|008|149|20201020|00:00|0.0172||||SQ||||||||||.009|
RD|I|40|143|0235|43824|6|7|008|149|20201024|00:00|0.00670||||MD||||||||||.009|
RD|I|40|143|0235|43824|6|7|008|149|20201030|00:00|0.0296||||||||||||||.009|
RD|I|40|143|0235|43824|6|7|008|149|20201105|00:00|0.0112||||SQ||||||||||.009|
RD|I|40|143|0235|43824|6|7|008|149|20201111|00:00|0.0304||||||||||||||.009|
RD|I|40|143|0235|43824|6|7|008|149|20201117|00:00|0.0417||||||||||||||.009|
RD|I|40|143|0235|43824|6|7|008|149|20201123|00:00|0.0160||||SQ||||||||||.009|
RD|I|40|143|0235|43824|6|7|008|149|20201129|00:00|0.0182||||SQ||||||||||.009|
RD|I|40|143|0235|43824|6|7|008|149|20201205|00:00|0.0214||||SQ||||||||||.009|
RD|I|40|143|0235|43824|6|7|008|149|20201211|00:00|0.0253||||SQ||||||||||.009|
RD|I|40|143|0235|43824|6|7|008|149|20201217|00:00|0.0226||||SQ||||||||||.009|
RD|I|40|143|0235|43824|6|7|008|149|20201223|00:00|0.00690||||MD||||||||||.009|
RD|I|40|143|0235|43824|6|7|008|149|20201229|00:00|0||||ND||||||||||.009|
RD|I|40|143|0235|43829|6|7|008|149|20200104|00:00|0||||||||||||||.0111|
RD|I|40|143|0235|43829|6|7|008|149|20200110|00:00|0||||||||||||||.0111|
RD|I|40|143|0235|43829|6|7|008|149|20200116|00:00|0||||||||||||||.0111|
RD|I|40|143|0235|43829|6|7|008|149|20200122|00:00|0||||||||||||||.0111|
RD|I|40|143|0235|43829|6|7|008|149|20200128|00:00|0||||||||||||||.0111|
RD|I|40|143|0235|43829|6|7|008|149|20200203|00:00|0||||||||||||||.0111|
RD|I|40|143|0235|43829|6|7|008|149|20200209|00:00|0.00350||||MD||||||||||.0111|
RD|I|40|143|0235|43829|6|7|008|149|20200215|00:00|0||||||||||||||.0111|
RD|I|40|143|0235|43829|6|7|008|149|20200221|00:00|0||||||||||||||.0111|
RD|I|40|143|0235|43829|6|7|008|149|20200227|00:00|0||||||||||||||.0111|
RD|I|40|143|0235|43829|6|7|008|149|20200304|00:00|0||||||||||||||.0138|
RD|I|40|143|0235|43829|6|7|008|149|20200310|00:00|0||||||||||||||.0138|
RD|I|40|143|0235|43829|6|7|008|149|20200316|00:00|0||||||||||||||.0138|
RD|I|40|143|0235|43829|6|7|008|149|20200322|00:00|0||||||||||||||.0138|
RD|I|40|143|0235|43829|6|7|008|149|20200328|00:00|0||||||||||||||.0138|
RD|I|40|143|0235|43829|6|7|008|149|20200403|00:00|0||||ND||||||||||.0138|
RD|I|40|143|0235|43829|6|7|008|149|20200409|00:00|0||||ND||||||||||.0138|
RD|I|40|143|0235|43829|6|7|008|149|20200415|00:00|0||||ND||||||||||.0138|
RD|I|40|143|0235|43829|6|7|008|149|20200421|00:00|0||||ND||||||||||.0138|
RD|I|40|143|0235|43829|6|7|008|149|20200427|00:00|0||||ND||||||||||.0138|
RD|I|40|143|0235|43829|6|7|008|149|20200503|00:00|0||||ND||||||||||.0138|
RD|I|40|143|0235|43829|6|7|008|149|20200509|00:00|0||||ND||||||||||.0138|
RD|I|40|143|0235|43829|6|7|008|149|20200515|00:00|0||||ND||||||||||.0138|
RD|I|40|143|0235|43829|6|7|008|149|20200521|00:00|0||||ND||||||||||.0138|
RD|I|40|143|0235|43829|6|7|008|149|20200527|00:00|0||||ND||||||||||.0138|
RD|I|40|143|0235|43829|6|7|008|149|20200602|00:00|0||||ND||||||||||.0138|
RD|I|40|143|0235|43829|6|7|008|149|20200608|00:00|0||||ND||||||||||.0138|
RD|I|40|143|0235|43829|6|7|008|149|20200614|00:00|0||||ND||||||||||.0138|
RD|I|40|143|0235|43829|6|7|008|149|20200620|00:00|0||||ND||||||||||.0138|
RD|I|40|143|0235|43829|6|7|008|149|20200626|00:00|0||||ND||||||||||.0138|
RD|I|40|143|0235|43829|6|7|008|149|20200702|00:00|0||||ND||||||||||.0138|
RD|I|40|143|0235|43829|6|7|008|149|20200708|00:00|0||||ND||||||||||.0138|
RD|I|40|143|0235|43829|6|7|008|149|20200714|00:00|0||||ND||||||||||.0138|
RD|I|40|143|0235|43829|6|7|008|149|20200720|00:00|0||||ND||||||||||.0138|
RD|I|40|143|0235|43829|6|7|008|149|20200726|00:00|0||||ND||||||||||.0138|
RD|I|40|143|0235|43829|6|7|008|149|20200801|00:00|0||||ND||||||||||.0138|
RD|I|40|143|0235|43829|6|7|008|149|20200807|00:00|0||||ND||||||||||.0138|
RD|I|40|143|0235|43829|6|7|008|149|20200813|00:00|0||||ND||||||||||.0138|
RD|I|40|143|0235|43829|6|7|008|149|20200819|00:00|0||||ND||||||||||.0138|
RD|I|40|143|0235|43829|6|7|008|149|20200825|00:00|0||||ND||||||||||.0138|
RD|I|40|143|0235|43829|6|7|008|149|20200831|00:00|0||||ND||||||||||.0138|
RD|I|40|143|0235|43829|6|7|008|149|20200906|00:00|0||||ND||||||||||.0138|
RD|I|40|143|0235|43829|6|7|008|149|20200912|00:00|0||||ND||||||||||.0138|
RD|I|40|143|0235|43829|6|7|008|149|20200918|00:00|0||||ND||||||||||.0138|
RD|I|40|143|0235|43829|6|7|008|149|20200924|00:00|0||||ND||||||||||.0138|
RD|I|40|143|0235|43829|6|7|008|149|20200930|00:00|0||||ND||||||||||.0138|
RD|I|40|143|0235|43829|6|7|008|149|20201006|00:00||AA||||||||||||||
RD|I|40|143|0235|43829|6|7|008|149|20201012|00:00|0||||ND||||||||||.0138|
RD|I|40|143|0235|43829|6|7|008|149|20201018|00:00|0||||ND||||||||||.0138|
RD|I|40|143|0235|43829|6|7|008|149|20201020|00:00|0||||ND||||||||||.0138|
RD|I|40|143|0235|43829|6|7|008|149|20201024|00:00|0||||ND||||||||||.0138|
RD|I|40|143|0235|43829|6|7|008|149|20201030|00:00|0||||ND||||||||||.0138|
RD|I|40|143|0235|43829|6|7|008|149|20201105|00:00|0||||ND||||||||||.0138|
RD|I|40|143|0235|43829|6|7|008|149|20201111|00:00|0||||ND||||||||||.0138|
RD|I|40|143|0235|43829|6|7|008|149|20201117|00:00|0||||ND||||||||||.0138|
RD|I|40|143|0235|43829|6|7|008|149|20201123|00:00|0||||ND||||||||||.0138|
RD|I|40|143|0235|43829|6|7|008|149|20201129|00:00|0||||||||||||||.0138|
RD|I|40|143|0235|43829|6|7|008|149|20201205|00:00|0||||ND||||||||||.0138|
RD|I|40|143|0235|43829|6|7|008|149|20201211|00:00|0||||ND||||||||||.0138|
RD|I|40|143|0235|43829|6|7|008|149|20201217|00:00|0||||ND||||||||||.0138|
RD|I|40|143|0235|43829|6|7|008|149|20201223|00:00|0||||ND||||||||||.0138|
RD|I|40|143|0235|43829|6|7|008|149|20201229|00:00|0||||ND||||||||||.0138|
RD|I|40|143|0235|43830|6|7|008|149|20200104|00:00|0||||||||||||||.0138|
RD|I|40|143|0235|43830|6|7|008|149|20200110|00:00|0||||||||||||||.0138|
RD|I|40|143|0235|43830|6|7|008|149|20200116|00:00|0||||||||||||||.0138|
RD|I|40|143|0235|43830|6|7|008|149|20200122|00:00|0||||||||||||||.0138|
RD|I|40|143|0235|43830|6|7|008|149|20200128|00:00|0||||||||||||||.0138|
RD|I|40|143|0235|43830|6|7|008|149|20200203|00:00|0||||||||||||||.0138|
RD|I|40|143|0235|43830|6|7|008|149|20200209|00:00|0||||||||||||||.0138|
RD|I|40|143|0235|43830|6|7|008|149|20200215|00:00|0||||||||||||||.0138|
RD|I|40|143|0235|43830|6|7|008|149|20200221|00:00|0||||||||||||||.0138|
RD|I|40|143|0235|43830|6|7|008|149|20200227|00:00|0||||||||||||||.0138|
RD|I|40|143|0235|43830|6|7|008|149|20200304|00:00|0||||||||||||||.0149|
RD|I|40|143|0235|43830|6|7|008|149|20200310|00:00|0||||||||||||||.0149|
RD|I|40|143|0235|43830|6|7|008|149|20200316|00:00|0||||||||||||||.0149|
RD|I|40|143|0235|43830|6|7|008|149|20200322|00:00|0||||||||||||||.0149|
RD|I|40|143|0235|43830|6|7|008|149|20200328|00:00|0||||||||||||||.0149|
RD|I|40|143|0235|43830|6|7|008|149|20200403|00:00|0||||ND||||||||||.0149|
RD|I|40|143|0235|43830|6|7|008|149|20200409|00:00|0||||ND||||||||||.0149|
RD|I|40|143|0235|43830|6|7|008|149|20200415|00:00|0||||ND||||||||||.0149|
RD|I|40|143|0235|43830|6|7|008|149|20200421|00:00|0||||ND||||||||||.0149|
RD|I|40|143|0235|43830|6|7|008|149|20200427|00:00|0||||ND||||||||||.0149|
RD|I|40|143|0235|43830|6|7|008|149|20200503|00:00|0||||ND||||||||||.0149|
RD|I|40|143|0235|43830|6|7|008|149|20200509|00:00|0||||ND||||||||||.0149|
RD|I|40|143|0235|43830|6|7|008|149|20200515|00:00|0||||ND||||||||||.0149|
RD|I|40|143|0235|43830|6|7|008|149|20200521|00:00|0||||ND||||||||||.0149|
RD|I|40|143|0235|43830|6|7|008|149|20200527|00:00|0||||ND||||||||||.0149|
RD|I|40|143|0235|43830|6|7|008|149|20200602|00:00|0||||ND||||||||||.0149|
RD|I|40|143|0235|43830|6|7|008|149|20200608|00:00|0||||ND||||||||||.0149|
RD|I|40|143|0235|43830|6|7|008|149|20200614|00:00|0||||ND||||||||||.0149|
RD|I|40|143|0235|43830|6|7|008|149|20200620|00:00|0||||ND||||||||||.0149|
RD|I|40|143|0235|43830|6|7|008|149|20200626|00:00|0||||ND||||||||||.0149|
RD|I|40|143|0235|43830|6|7|008|149|20200702|00:00|0||||ND||||||||||.0149|
RD|I|40|143|0235|43830|6|7|008|149|20200708|00:00|0||||ND||||||||||.0149|
RD|I|40|143|0235|43830|6|7|008|149|20200714|00:00|0||||ND||||||||||.0149|
RD|I|40|143|0235|43830|6|7|008|149|20200720|00:00|0||||ND||||||||||.0149|
RD|I|40|143|0235|43830|6|7|008|149|20200726|00:00|0||||ND||||||||||.0149|
RD|I|40|143|0235|43830|6|7|008|149|20200801|00:00|0||||ND||||||||||.0149|
RD|I|40|143|0235|43830|6|7|008|149|20200807|00:00|0||||ND||||||||||.0149|
RD|I|40|143|0235|43830|6|7|008|149|20200813|00:00|0||||ND||||||||||.0149|
RD|I|40|143|0235|43830|6|7|008|149|20200819|00:00|0||||ND||||||||||.0149|
RD|I|40|143|0235|43830|6|7|008|149|20200825|00:00|0||||ND||||||||||.0149|
RD|I|40|143|0235|43830|6|7|008|149|20200831|00:00|0||||ND||||||||||.0149|
RD|I|40|143|0235|43830|6|7|008|149|20200906|00:00|0||||ND||||||||||.0149|
RD|I|40|143|0235|43830|6|7|008|149|20200912|00:00|0||||ND||||||||||.0149|
RD|I|40|143|0235|43830|6|7|008|149|20200918|00:00|0||||ND||||||||||.0149|
RD|I|40|143|0235|43830|6|7|008|149|20200924|00:00|0||||ND||||||||||.0149|
RD|I|40|143|0235|43830|6|7|008|149|20200930|00:00|0||||ND||||||||||.0149|
RD|I|40|143|0235|43830|6|7|008|149|20201006|00:00||AA||||||||||||||
RD|I|40|143|0235|43830|6|7|008|149|20201012|00:00|0||||ND||||||||||.0149|
RD|I|40|143|0235|43830|6|7|008|149|20201018|00:00|0||||ND||||||||||.0149|
RD|I|40|143|0235|43830|6|7|008|149|20201020|00:00|0||||ND||||||||||.0149|
RD|I|40|143|0235|43830|6|7|008|149|20201024|00:00|0||||ND||||||||||.0149|
RD|I|40|143|0235|43830|6|7|008|149|20201030|00:00|0||||ND||||||||||.0149|
RD|I|40|143|0235|43830|6|7|008|149|20201105|00:00|0||||ND||||||||||.0149|
RD|I|40|143|0235|43830|6|7|008|149|20201111|00:00|0||||ND||||||||||.0149|
RD|I|40|143|0235|43830|6|7|008|149|20201117|00:00|0||||ND||||||||||.0149|
RD|I|40|143|0235|43830|6|7|008|149|20201123|00:00|0||||ND||||||||||.0149|
RD|I|40|143|0235|43830|6|7|008|149|20201129|00:00|0||||||||||||||.0149|
RD|I|40|143|0235|43830|6|7|008|149|20201205|00:00|0||||ND||||||||||.0149|
RD|I|40|143|0235|43830|6|7|008|149|20201211|00:00|0||||ND||||||||||.0149|
RD|I|40|143|0235|43830|6|7|008|149|20201217|00:00|0||||ND||||||||||.0149|
RD|I|40|143|0235|43830|6|7|008|149|20201223|00:00|0||||ND||||||||||.0149|
RD|I|40|143|0235|43830|6|7|008|149|20201229|00:00|0||||ND||||||||||.0149|
RD|I|40|143|0235|43831|6|7|008|149|20200104|00:00|0||||||||||||||.0099|
RD|I|40|143|0235|43831|6|7|008|149|20200110|00:00|0||||||||||||||.0099|
RD|I|40|143|0235|43831|6|7|008|149|20200116|00:00|0||||||||||||||.0099|
RD|I|40|143|0235|43831|6|7|008|149|20200122|00:00|0||||||||||||||.0099|
RD|I|40|143|0235|43831|6|7|008|149|20200128|00:00|0||||||||||||||.0099|
RD|I|40|143|0235|43831|6|7|008|149|20200203|00:00|0||||||||||||||.0099|
RD|I|40|143|0235|43831|6|7|008|149|20200209|00:00|0||||||||||||||.0099|
RD|I|40|143|0235|43831|6|7|008|149|20200215|00:00|0||||||||||||||.0099|
RD|I|40|143|0235|43831|6|7|008|149|20200221|00:00|0||||||||||||||.0099|
RD|I|40|143|0235|43831|6|7|008|149|20200227|00:00|0||||||||||||||.0099|
RD|I|40|143|0235|43831|6|7|008|149|20200304|00:00|0||||||||||||||.0098|
RD|I|40|143|0235|43831|6|7|008|149|20200310|00:00|0||||||||||||||.0098|
RD|I|40|143|0235|43831|6|7|008|149|20200316|00:00|0||||||||||||||.0098|
RD|I|40|143|0235|43831|6|7|008|149|20200322|00:00|0||||||||||||||.0098|
RD|I|40|143|0235|43831|6|7|008|149|20200328|00:00|0||||||||||||||.0098|
RD|I|40|143|0235|43831|6|7|008|149|20200403|00:00|0||||ND||||||||||.0098|
RD|I|40|143|0235|43831|6|7|008|149|20200409|00:00|0||||ND||||||||||.0098|
RD|I|40|143|0235|43831|6|7|008|149|20200415|00:00|0||||ND||||||||||.0098|
RD|I|40|143|0235|43831|6|7|008|149|20200421|00:00|0||||ND||||||||||.0098|
RD|I|40|143|0235|43831|6|7|008|149|20200427|00:00|0||||ND||||||||||.0098|
RD|I|40|143|0235|43831|6|7|008|149|20200503|00:00|0||||ND||||||||||.0098|
RD|I|40|143|0235|43831|6|7|008|149|20200509|00:00|0||||ND||||||||||.0098|
RD|I|40|143|0235|43831|6|7|008|149|20200515|00:00|0||||ND||||||||||.0098|
RD|I|40|143|0235|43831|6|7|008|149|20200521|00:00|0||||ND||||||||||.0098|
RD|I|40|143|0235|43831|6|7|008|149|20200527|00:00|0||||ND||||||||||.0098|
RD|I|40|143|0235|43831|6|7|008|149|20200602|00:00|0||||ND||||||||||.0098|
RD|I|40|143|0235|43831|6|7|008|149|20200608|00:00|0||||ND||||||||||.0098|
RD|I|40|143|0235|43831|6|7|008|149|20200614|00:00|0||||ND||||||||||.0098|
RD|I|40|143|0235|43831|6|7|008|149|20200620|00:00|0||||ND||||||||||.0098|
RD|I|40|143|0235|43831|6|7|008|149|20200626|00:00|0||||ND||||||||||.0098|
RD|I|40|143|0235|43831|6|7|008|149|20200702|00:00|0||||ND||||||||||.0098|
RD|I|40|143|0235|43831|6|7|008|149|20200708|00:00|0||||ND||||||||||.0098|
RD|I|40|143|0235|43831|6|7|008|149|20200714|00:00|0||||ND||||||||||.0098|
RD|I|40|143|0235|43831|6|7|008|149|20200720|00:00|0||||ND||||||||||.0098|
RD|I|40|143|0235|43831|6|7|008|149|20200726|00:00|0||||ND||||||||||.0098|
RD|I|40|143|0235|43831|6|7|008|149|20200801|00:00|0||||ND||||||||||.0098|
RD|I|40|143|0235|43831|6|7|008|149|20200807|00:00|0||||ND||||||||||.0098|
RD|I|40|143|0235|43831|6|7|008|149|20200813|00:00|0||||ND||||||||||.0098|
RD|I|40|143|0235|43831|6|7|008|149|20200819|00:00|0||||ND||||||||||.0098|
RD|I|40|143|0235|43831|6|7|008|149|20200825|00:00|0||||ND||||||||||.0098|
RD|I|40|143|0235|43831|6|7|008|149|20200831|00:00|0||||ND||||||||||.0098|
RD|I|40|143|0235|43831|6|7|008|149|20200906|00:00|0||||ND||||||||||.0098|
RD|I|40|143|0235|43831|6|7|008|149|20200912|00:00|0||||ND||||||||||.0098|
RD|I|40|143|0235|43831|6|7|008|149|20200918|00:00|0||||ND||||||||||.0098|
RD|I|40|143|0235|43831|6|7|008|149|20200924|00:00|0||||ND||||||||||.0098|
RD|I|40|143|0235|43831|6|7|008|149|20200930|00:00|0||||ND||||||||||.0098|
RD|I|40|143|0235|43831|6|7|008|149|20201006|00:00||AA||||||||||||||
RD|I|40|143|0235|43831|6|7|008|149|20201012|00:00|0||||ND||||||||||.0098|
RD|I|40|143|0235|43831|6|7|008|149|20201018|00:00|0||||ND||||||||||.0098|
RD|I|40|143|0235|43831|6|7|008|149|20201020|00:00|0||||ND||||||||||.0098|
RD|I|40|143|0235|43831|6|7|008|149|20201024|00:00|0||||ND||||||||||.0098|
RD|I|40|143|0235|43831|6|7|008|149|20201030|00:00|0||||ND||||||||||.0098|
RD|I|40|143|0235|43831|6|7|008|149|20201105|00:00|0||||ND||||||||||.0098|
RD|I|40|143|0235|43831|6|7|008|149|20201111|00:00|0||||ND||||||||||.0098|
RD|I|40|143|0235|43831|6|7|008|149|20201117|00:00|0||||ND||||||||||.0098|
RD|I|40|143|0235|43831|6|7|008|149|20201123|00:00|0||||ND||||||||||.0098|
RD|I|40|143|0235|43831|6|7|008|149|20201129|00:00|0||||||||||||||.0098|
RD|I|40|143|0235|43831|6|7|008|149|20201205|00:00|0||||ND||||||||||.0098|
RD|I|40|143|0235|43831|6|7|008|149|20201211|00:00|0||||ND||||||||||.0098|
RD|I|40|143|0235|43831|6|7|008|149|20201217|00:00|0||||ND||||||||||.0098|
RD|I|40|143|0235|43831|6|7|008|149|20201223|00:00|0||||ND||||||||||.0098|
RD|I|40|143|0235|43831|6|7|008|149|20201229|00:00|0||||ND||||||||||.0098|
RD|I|40|143|0235|43843|6|7|008|149|20200104|00:00|0||||||||||||||.0132|
RD|I|40|143|0235|43843|6|7|008|149|20200110|00:00|0||||||||||||||.0132|
RD|I|40|143|0235|43843|6|7|008|149|20200116|00:00|0||||||||||||||.0132|
RD|I|40|143|0235|43843|6|7|008|149|20200122|00:00|0||||||||||||||.0132|
RD|I|40|143|0235|43843|6|7|008|149|20200128|00:00|0||||||||||||||.0132|
RD|I|40|143|0235|43843|6|7|008|149|20200203|00:00|0||||||||||||||.0132|
RD|I|40|143|0235|43843|6|7|008|149|20200209|00:00|0||||||||||||||.0132|
RD|I|40|143|0235|43843|6|7|008|149|20200215|00:00|0||||||||||||||.0132|
RD|I|40|143|0235|43843|6|7|008|149|20200221|00:00|0||||||||||||||.0132|
RD|I|40|143|0235|43843|6|7|008|149|20200227|00:00|0||||||||||||||.0132|
RD|I|40|143|0235|43843|6|7|008|149|20200304|00:00|0.00280||||MD||||||||||.0135|
RD|I|40|143|0235|43843|6|7|008|149|20200310|00:00|0||||||||||||||.0135|
RD|I|40|143|0235|43843|6|7|008|149|20200316|00:00|0||||||||||||||.0135|
RD|I|40|143|0235|43843|6|7|008|149|20200322|00:00|0||||||||||||||.0135|
RD|I|40|143|0235|43843|6|7|008|149|20200328|00:00|0||||||||||||||.0135|
RD|I|40|143|0235|43843|6|7|008|149|20200403|00:00|0||||ND||||||||||.0135|
RD|I|40|143|0235|43843|6|7|008|149|20200409|00:00|0||||ND||||||||||.0135|
RD|I|40|143|0235|43843|6|7|008|149|20200415|00:00|0||||ND||||||||||.0135|
RD|I|40|143|0235|43843|6|7|008|149|20200421|00:00|0||||ND||||||||||.0135|
RD|I|40|143|0235|43843|6|7|008|149|20200427|00:00|0||||ND||||||||||.0135|
RD|I|40|143|0235|43843|6|7|008|149|20200503|00:00|0||||ND||||||||||.0135|
RD|I|40|143|0235|43843|6|7|008|149|20200509|00:00|0||||ND||||||||||.0135|
RD|I|40|143|0235|43843|6|7|008|149|20200515|00:00|0||||ND||||||||||.0135|
RD|I|40|143|0235|43843|6|7|008|149|20200521|00:00|0||||ND||||||||||.0135|
RD|I|40|143|0235|43843|6|7|008|149|20200527|00:00|0||||ND||||||||||.0135|
RD|I|40|143|0235|43843|6|7|008|149|20200602|00:00|0||||ND||||||||||.0135|
RD|I|40|143|0235|43843|6|7|008|149|20200608|00:00|0||||ND||||||||||.0135|
RD|I|40|143|0235|43843|6|7|008|149|20200614|00:00|0||||ND||||||||||.0135|
RD|I|40|143|0235|43843|6|7|008|149|20200620|00:00|0||||ND||||||||||.0135|
RD|I|40|143|0235|43843|6|7|008|149|20200626|00:00|0||||ND||||||||||.0135|
RD|I|40|143|0235|43843|6|7|008|149|20200702|00:00|0||||ND||||||||||.0135|
RD|I|40|143|0235|43843|6|7|008|149|20200708|00:00|0||||ND||||||||||.0135|
RD|I|40|143|0235|43843|6|7|008|149|20200714|00:00|0||||ND||||||||||.0135|
RD|I|40|143|0235|43843|6|7|008|149|20200720|00:00|0||||ND||||||||||.0135|
RD|I|40|143|0235|43843|6|7|008|149|20200726|00:00|0||||ND||||||||||.0135|
RD|I|40|143|0235|43843|6|7|008|149|20200801|00:00|0||||ND||||||||||.0135|
RD|I|40|143|0235|43843|6|7|008|149|20200807|00:00|0||||ND||||||||||.0135|
RD|I|40|143|0235|43843|6|7|008|149|20200813|00:00|0||||ND||||||||||.0135|
RD|I|40|143|0235|43843|6|7|008|149|20200819|00:00|0||||ND||||||||||.0135|
RD|I|40|143|0235|43843|6|7|008|149|20200825|00:00|0||||ND||||||||||.0135|
RD|I|40|143|0235|43843|6|7|008|149|20200831|00:00|0||||ND||||||||||.0135|
RD|I|40|143|0235|43843|6|7|008|149|20200906|00:00|0||||ND||||||||||.0135|
RD|I|40|143|0235|43843|6|7|008|149|20200912|00:00|0||||ND||||||||||.0135|
RD|I|40|143|0235|43843|6|7|008|149|20200918|00:00|0||||ND||||||||||.0135|
RD|I|40|143|0235|43843|6|7|008|149|20200924|00:00|0||||ND||||||||||.0135|
RD|I|40|143|0235|43843|6|7|008|149|20200930|00:00|0||||ND||||||||||.0135|
RD|I|40|143|0235|43843|6|7|008|149|20201006|00:00||AA||||||||||||||
RD|I|40|143|0235|43843|6|7|008|149|20201012|00:00|0||||ND||||||||||.0135|
RD|I|40|143|0235|43843|6|7|008|149|20201018|00:00|0||||ND||||||||||.0135|
RD|I|40|143|0235|43843|6|7|008|149|20201020|00:00|0||||ND||||||||||.0135|
RD|I|40|143|0235|43843|6|7|008|149|20201024|00:00|0||||ND||||||||||.0135|
RD|I|40|143|0235|43843|6|7|008|149|20201030|00:00|0||||ND||||||||||.0135|
RD|I|40|143|0235|43843|6|7|008|149|20201105|00:00|0||||ND||||||||||.0135|
RD|I|40|143|0235|43843|6|7|008|149|20201111|00:00|0||||ND||||||||||.0135|
RD|I|40|143|0235|43843|6|7|008|149|20201117|00:00|0.00470||||MD||||||||||.0135|
RD|I|40|143|0235|43843|6|7|008|149|20201123|00:00|0||||ND||||||||||.0135|
RD|I|40|143|0235|43843|6|7|008|149|20201129|00:00|0.00300||||MD||||||||||.0135|
RD|I|40|143|0235|43843|6|7|008|149|20201205|00:00|0||||ND||||||||||.0135|
RD|I|40|143|0235|43843|6|7|008|149|20201211|00:00|0||||ND||||||||||.0135|
RD|I|40|143|0235|43843|6|7|008|149|20201217|00:00|0||||ND||||||||||.0135|
RD|I|40|143|0235|43843|6|7|008|149|20201223|00:00|0||||ND||||||||||.0135|
RD|I|40|143|0235|43843|6|7|008|149|20201229|00:00|0||||ND||||||||||.0135|
RD|I|40|143|0235|43860|6|7|008|149|20200104|00:00|0.00140||||MD||||||||||.0102|
RD|I|40|143|0235|43860|6|7|008|149|20200110|00:00|0||||||||||||||.0102|
RD|I|40|143|0235|43860|6|7|008|149|20200116|00:00|0||||||||||||||.0102|
RD|I|40|143|0235|43860|6|7|008|149|20200122|00:00|0||||||||||||||.0102|
RD|I|40|143|0235|43860|6|7|008|149|20200128|00:00|0||||||||||||||.0102|
RD|I|40|143|0235|43860|6|7|008|149|20200203|00:00|0||||||||||||||.0102|
RD|I|40|143|0235|43860|6|7|008|149|20200209|00:00|0||||||||||||||.0102|
RD|I|40|143|0235|43860|6|7|008|149|20200215|00:00|0||||||||||||||.0102|
RD|I|40|143|0235|43860|6|7|008|149|20200221|00:00|0||||||||||||||.0102|
RD|I|40|143|0235|43860|6|7|008|149|20200227|00:00|0||||||||||||||.0102|
RD|I|40|143|0235|43860|6|7|008|149|20200304|00:00|0||||||||||||||.0154|
RD|I|40|143|0235|43860|6|7|008|149|20200310|00:00|0||||||||||||||.0154|
RD|I|40|143|0235|43860|6|7|008|149|20200316|00:00|0||||||||||||||.0154|
RD|I|40|143|0235|43860|6|7|008|149|20200322|00:00|0||||||||||||||.0154|
RD|I|40|143|0235|43860|6|7|008|149|20200328|00:00|0||||||||||||||.0154|
RD|I|40|143|0235|43860|6|7|008|149|20200403|00:00|0||||ND||||||||||.0154|
RD|I|40|143|0235|43860|6|7|008|149|20200409|00:00|0.00250||||MD||||||||||.0154|
RD|I|40|143|0235|43860|6|7|008|149|20200415|00:00|0||||ND||||||||||.0154|
RD|I|40|143|0235|43860|6|7|008|149|20200421|00:00|0||||ND||||||||||.0154|
RD|I|40|143|0235|43860|6|7|008|149|20200427|00:00|0||||ND||||||||||.0154|
RD|I|40|143|0235|43860|6|7|008|149|20200503|00:00|0||||ND||||||||||.0154|
RD|I|40|143|0235|43860|6|7|008|149|20200509|00:00|0||||ND||||||||||.0154|
RD|I|40|143|0235|43860|6|7|008|149|20200515|00:00|0||||ND||||||||||.0154|
RD|I|40|143|0235|43860|6|7|008|149|20200521|00:00|0||||ND||||||||||.0154|
RD|I|40|143|0235|43860|6|7|008|149|20200527|00:00|0||||ND||||||||||.0154|
RD|I|40|143|0235|43860|6|7|008|149|20200602|00:00|0||||ND||||||||||.0154|
RD|I|40|143|0235|43860|6|7|008|149|20200608|00:00|0||||ND||||||||||.0154|
RD|I|40|143|0235|43860|6|7|008|149|20200614|00:00|0||||ND||||||||||.0154|
RD|I|40|143|0235|43860|6|7|008|149|20200620|00:00|0||||ND||||||||||.0154|
RD|I|40|143|0235|43860|6|7|008|149|20200626|00:00|0||||ND||||||||||.0154|
RD|I|40|143|0235|43860|6|7|008|149|20200702|00:00|0||||ND||||||||||.0154|
RD|I|40|143|0235|43860|6|7|008|149|20200708|00:00|0.00210||||MD||||||||||.0154|
RD|I|40|143|0235|43860|6|7|008|149|20200714|00:00|0||||ND||||||||||.0154|
RD|I|40|143|0235|43860|6|7|008|149|20200720|00:00|0||||ND||||||||||.0154|
RD|I|40|143|0235|43860|6|7|008|149|20200726|00:00|0||||ND||||||||||.0154|
RD|I|40|143|0235|43860|6|7|008|149|20200801|00:00|0||||ND||||||||||.0154|
RD|I|40|143|0235|43860|6|7|008|149|20200807|00:00|0.0008||||MD||||||||||.0154|
RD|I|40|143|0235|43860|6|7|008|149|20200813|00:00|0||||ND||||||||||.0154|
RD|I|40|143|0235|43860|6|7|008|149|20200819|00:00|0||||ND||||||||||.0154|
RD|I|40|143|0235|43860|6|7|008|149|20200825|00:00|0.00850||||MD||||||||||.0154|
RD|I|40|143|0235|43860|6|7|008|149|20200831|00:00|0||||ND||||||||||.0154|
RD|I|40|143|0235|43860|6|7|008|149|20200906|00:00|0||||ND||||||||||.0154|
RD|I|40|143|0235|43860|6|7|008|149|20200912|00:00|0||||ND||||||||||.0154|
RD|I|40|143|0235|43860|6|7|008|149|20200918|00:00|0||||ND||||||||||.0154|
RD|I|40|143|0235|43860|6|7|008|149|20200924|00:00|0||||ND||||||||||.0154|
RD|I|40|143|0235|43860|6|7|008|149|20200930|00:00|0||||ND||||||||||.0154|
RD|I|40|143|0235|43860|6|7|008|149|20201006|00:00||AA||||||||||||||
RD|I|40|143|0235|43860|6|7|008|149|20201012|00:00|0||||ND||||||||||.0154|
RD|I|40|143|0235|43860|6|7|008|149|20201018|00:00|0||||ND||||||||||.0154|
RD|I|40|143|0235|43860|6|7|008|149|20201020|00:00|0||||ND||||||||||.0154|
RD|I|40|143|0235|43860|6|7|008|149|20201024|00:00|0||||ND||||||||||.0154|
RD|I|40|143|0235|43860|6|7|008|149|20201030|00:00|0||||ND||||||||||.0154|
RD|I|40|143|0235|43860|6|7|008|149|20201105|00:00|0||||ND||||||||||.0154|
RD|I|40|143|0235|43860|6|7|008|149|20201111|00:00|0||||ND||||||||||.0154|
RD|I|40|143|0235|43860|6|7|008|149|20201117|00:00|0||||ND||||||||||.0154|
RD|I|40|143|0235|43860|6|7|008|149|20201123|00:00|0||||ND||||||||||.0154|
RD|I|40|143|0235|43860|6|7|008|149|20201129|00:00|0||||||||||||||.0154|
RD|I|40|143|0235|43860|6|7|008|149|20201205|00:00|0||||ND||||||||||.0154|
RD|I|40|143|0235|43860|6|7|008|149|20201211|00:00|0||||ND||||||||||.0154|
RD|I|40|143|0235|43860|6|7|008|149|20201217|00:00|0||||ND||||||||||.0154|
RD|I|40|143|0235|43860|6|7|008|149|20201223|00:00|0||||ND||||||||||.0154|
RD|I|40|143|0235|43860|6|7|008|149|20201229|00:00|0||||ND||||||||||.0154|
RD|I|40|143|0235|45201|6|7|008|149|20200104|00:00|0.206||||||||||||||.0099|
RD|I|40|143|0235|45201|6|7|008|149|20200110|00:00|0.376||||||||||||||.0099|
RD|I|40|143|0235|45201|6|7|008|149|20200116|00:00|0.194||||||||||||||.0099|
RD|I|40|143|0235|45201|6|7|008|149|20200122|00:00|0.250||||||||||||||.0099|
RD|I|40|143|0235|45201|6|7|008|149|20200128|00:00|0.154||||||||||||||.0099|
RD|I|40|143|0235|45201|6|7|008|149|20200203|00:00|0.232||||||||||||||.0099|
RD|I|40|143|0235|45201|6|7|008|149|20200209|00:00|0.223||||||||||||||.0099|
RD|I|40|143|0235|45201|6|7|008|149|20200215|00:00|0.247||||||||||||||.0099|
RD|I|40|143|0235|45201|6|7|008|149|20200221|00:00|0.295||||||||||||||.0099|
RD|I|40|143|0235|45201|6|7|008|149|20200227|00:00|0.336||||||||||||||.0099|
RD|I|40|143|0235|45201|6|7|008|149|20200304|00:00|0.650||||||||||||||.0102|
RD|I|40|143|0235|45201|6|7|008|149|20200310|00:00|0.225||||||||||||||.0102|
RD|I|40|143|0235|45201|6|7|008|149|20200316|00:00|0.222||||||||||||||.0102|
RD|I|40|143|0235|45201|6|7|008|149|20200322|00:00|0.218||||||||||||||.0102|
RD|I|40|143|0235|45201|6|7|008|149|20200328|00:00|0.166||||||||||||||.0102|
RD|I|40|143|0235|45201|6|7|008|149|20200403|00:00|0.163||||||||||||||.0102|
RD|I|40|143|0235|45201|6|7|008|149|20200409|00:00|0.157||||||||||||||.0102|
RD|I|40|143|0235|45201|6|7|008|149|20200415|00:00|0.255||||||||||||||.0102|
RD|I|40|143|0235|45201|6|7|008|149|20200421|00:00|0.444||||||||||||||.0102|
RD|I|40|143|0235|45201|6|7|008|149|20200427|00:00|0.236||||||||||||||.0102|
RD|I|40|143|0235|45201|6|7|008|149|20200503|00:00|0.151||||||||||||||.0102|
RD|I|40|143|0235|45201|6|7|008|149|20200509|00:00|0.295||||||||||||||.0102|
RD|I|40|143|0235|45201|6|7|008|149|20200515|00:00|0.120||||||||||||||.0102|
RD|I|40|143|0235|45201|6|7|008|149|20200521|00:00|0.160||||||||||||||.0102|
RD|I|40|143|0235|45201|6|7|008|149|20200527|00:00|0.299||||||||||||||.0102|
RD|I|40|143|0235|45201|6|7|008|149|20200602|00:00|0.177||||||||||||||.0102|
RD|I|40|143|0235|45201|6|7|008|149|20200608|00:00|0.213||||||||||||||.0102|
RD|I|40|143|0235|45201|6|7|008|149|20200614|00:00|0.443||||||||||||||.0102|
RD|I|40|143|0235|45201|6|7|008|149|20200620|00:00|0.185||||||||||||||.0102|
RD|I|40|143|0235|45201|6|7|008|149|20200626|00:00|0.228||||||||||||||.0102|
RD|I|40|143|0235|45201|6|7|008|149|20200702|00:00|0.251||||||||||||||.0102|
RD|I|40|143|0235|45201|6|7|008|149|20200708|00:00|0.209||||||||||||||.0102|
RD|I|40|143|0235|45201|6|7|008|149|20200714|00:00|0.259||||||||||||||.0102|
RD|I|40|143|0235|45201|6|7|008|149|20200720|00:00|0.260||||||||||||||.0102|
RD|I|40|143|0235|45201|6|7|008|149|20200726|00:00|0.220||||||||||||||.0102|
RD|I|40|143|0235|45201|6|7|008|149|20200801|00:00|0.197||||||||||||||.0102|
RD|I|40|143|0235|45201|6|7|008|149|20200807|00:00|0.224||||||||||||||.0102|
RD|I|40|143|0235|45201|6|7|008|149|20200813|00:00|0.160||||||||||||||.0102|
RD|I|40|143|0235|45201|6|7|008|149|20200819|00:00|0.185||||||||||||||.0102|
RD|I|40|143|0235|45201|6|7|008|149|20200825|00:00|0.663||||||||||||||.0102|
RD|I|40|143|0235|45201|6|7|008|149|20200831|00:00|0.111||||||||||||||.0102|
RD|I|40|143|0235|45201|6|7|008|149|20200906|00:00|0.134||||||||||||||.0102|
RD|I|40|143|0235|45201|6|7|008|149|20200912|00:00|0.386||||QX||||||||||.0102|
RD|I|40|143|0235|45201|6|7|008|149|20200918|00:00|0.178||||||||||||||.0102|
RD|I|40|143|0235|45201|6|7|008|149|20200924|00:00|0.430||||||||||||||.0102|
RD|I|40|143|0235|45201|6|7|008|149|20200930|00:00|0.367||||||||||||||.0102|
RD|I|40|143|0235|45201|6|7|008|149|20201006|00:00||AA||||||||||||||
RD|I|40|143|0235|45201|6|7|008|149|20201012|00:00|0.351||||||||||||||.0102|
RD|I|40|143|0235|45201|6|7|008|149|20201018|00:00|0.180||||||||||||||.0102|
RD|I|40|143|0235|45201|6|7|008|149|20201020|00:00|0.227||||||||||||||.0102|
RD|I|40|143|0235|45201|6|7|008|149|20201024|00:00|0.101||||||||||||||.0102|
RD|I|40|143|0235|45201|6|7|008|149|20201030|00:00|0.511||||||||||||||.0102|
RD|I|40|143|0235|45201|6|7|008|149|20201105|00:00|0.505||||||||||||||.0102|
RD|I|40|143|0235|45201|6|7|008|149|20201111|00:00|0.266||||QX||||||||||.0102|
RD|I|40|143|0235|45201|6|7|008|149|20201117|00:00|1.15||||||||||||||.0102|
RD|I|40|143|0235|45201|6|7|008|149|20201123|00:00|0.595||||||||||||||.0102|
RD|I|40|143|0235|45201|6|7|008|149|20201129|00:00|0.326||||||||||||||.0102|
RD|I|40|143|0235|45201|6|7|008|149|20201205|00:00|0.558||||||||||||||.0102|
RD|I|40|143|0235|45201|6|7|008|149|20201211|00:00|0.343||||||||||||||.0102|
RD|I|40|143|0235|45201|6|7|008|149|20201217|00:00|0.595||||||||||||||.0102|
RD|I|40|143|0235|45201|6|7|008|149|20201223|00:00|0.211||||||||||||||.0102|
RD|I|40|143|0235|45201|6|7|008|149|20201229|00:00|0.208||||||||||||||.0102|
RD|I|40|143|0235|45202|6|7|008|149|20200104|00:00|0.389||||||||||||||.0182|
RD|I|40|143|0235|45202|6|7|008|149|20200110|00:00|1.14||||||||||||||.0182|
RD|I|40|143|0235|45202|6|7|008|149|20200116|00:00|0.195||||||||||||||.0182|
RD|I|40|143|0235|45202|6|7|008|149|20200122|00:00|0.332||||||||||||||.0182|
RD|I|40|143|0235|45202|6|7|008|149|20200128|00:00|0.196||||||||||||||.0182|
RD|I|40|143|0235|45202|6|7|008|149|20200203|00:00|1.59||||||||||||||.0182|
RD|I|40|143|0235|45202|6|7|008|149|20200209|00:00|0.220||||||||||||||.0182|
RD|I|40|143|0235|45202|6|7|008|149|20200215|00:00|0.214||||||||||||||.0182|
RD|I|40|143|0235|45202|6|7|008|149|20200221|00:00|0.683||||||||||||||.0182|
RD|I|40|143|0235|45202|6|7|008|149|20200227|00:00|0.617||||||||||||||.0182|
RD|I|40|143|0235|45202|6|7|008|149|20200304|00:00|2.78||||||||||||||.0186|
RD|I|40|143|0235|45202|6|7|008|149|20200310|00:00|0.325||||||||||||||.0186|
RD|I|40|143|0235|45202|6|7|008|149|20200316|00:00|0.368||||||||||||||.0186|
RD|I|40|143|0235|45202|6|7|008|149|20200322|00:00|0.284||||||||||||||.0186|
RD|I|40|143|0235|45202|6|7|008|149|20200328|00:00|0.175||||||||||||||.0186|
RD|I|40|143|0235|45202|6|7|008|149|20200403|00:00|0.267||||||||||||||.0186|
RD|I|40|143|0235|45202|6|7|008|149|20200409|00:00|0.112||||||||||||||.0186|
RD|I|40|143|0235|45202|6|7|008|149|20200415|00:00|0.348||||||||||||||.0186|
RD|I|40|143|0235|45202|6|7|008|149|20200421|00:00|1.94||||||||||||||.0186|
RD|I|40|143|0235|45202|6|7|008|149|20200427|00:00|0.329||||||||||||||.0186|
RD|I|40|143|0235|45202|6|7|008|149|20200503|00:00|0.219||||||||||||||.0186|
RD|I|40|143|0235|45202|6|7|008|149|20200509|00:00|1.01||||||||||||||.0186|
RD|I|40|143|0235|45202|6|7|008|149|20200515|00:00|0.280||||||||||||||.0186|
RD|I|40|143|0235|45202|6|7|008|149|20200521|00:00|0.341||||||||||||||.0186|
RD|I|40|143|0235|45202|6|7|008|149|20200527|00:00|0.979||||||||||||||.0186|
RD|I|40|143|0235|45202|6|7|008|149|20200602|00:00|0.285||||||||||||||.0186|
RD|I|40|143|0235|45202|6|7|008|149|20200608|00:00|0.647||||||||||||||.0186|
RD|I|40|143|0235|45202|6|7|008|149|20200614|00:00|0.816||||||||||||||.0186|
RD|I|40|143|0235|45202|6|7|008|149|20200620|00:00|0.380||||||||||||||.0186|
RD|I|40|143|0235|45202|6|7|008|149|20200626|00:00|0.263||||||||||||||.0186|
RD|I|40|143|0235|45202|6|7|008|149|20200702|00:00|0.618||||||||||||||.0186|
RD|I|40|143|0235|45202|6|7|008|149|20200708|00:00|0.442||||||||||||||.0186|
RD|I|40|143|0235|45202|6|7|008|149|20200714|00:00|0.462||||||||||||||.0186|
RD|I|40|143|0235|45202|6|7|008|149|20200720|00:00|0.624||||||||||||||.0186|
RD|I|40|143|0235|45202|6|7|008|149|20200726|00:00|0.284||||||||||||||.0186|
RD|I|40|143|0235|45202|6|7|008|149|20200801|00:00|0.758||||||||||||||.0186|
RD|I|40|143|0235|45202|6|7|008|149|20200807|00:00|0.530||||||||||||||.0186|
RD|I|40|143|0235|45202|6|7|008|149|20200813|00:00|0.392||||||||||||||.0186|
RD|I|40|143|0235|45202|6|7|008|149|20200819|00:00|0.378||||||||||||||.0186|
RD|I|40|143|0235|45202|6|7|008|149|20200825|00:00|1.74||||||||||||||.0186|
RD|I|40|143|0235|45202|6|7|008|149|20200831|00:00|0.396||||||||||||||.0186|
RD|I|40|143|0235|45202|6|7|008|149|20200906|00:00|0.282||||||||||||||.0186|
RD|I|40|143|0235|45202|6|7|008|149|20200912|00:00|0.847||||||||||||||.0186|
RD|I|40|143|0235|45202|6|7|008|149|20200918|00:00|0.266||||||||||||||.0186|
RD|I|40|143|0235|45202|6|7|008|149|20200924|00:00|1.13||||||||||||||.0186|
RD|I|40|143|0235|45202|6|7|008|149|20200930|00:00|0.969||||||||||||||.0186|
RD|I|40|143|0235|45202|6|7|008|149|20201006|00:00||AA||||||||||||||
RD|I|40|143|0235|45202|6|7|008|149|20201012|00:00|1.08||||||||||||||.0186|
RD|I|40|143|0235|45202|6|7|008|149|20201018|00:00|0.397||||||||||||||.0186|
RD|I|40|143|0235|45202|6|7|008|149|20201020|00:00|0.570||||||||||||||.0186|
RD|I|40|143|0235|45202|6|7|008|149|20201024|00:00|0.0832||||||||||||||.0186|
RD|I|40|143|0235|45202|6|7|008|149|20201030|00:00|1.10||||||||||||||.0186|
RD|I|40|143|0235|45202|6|7|008|149|20201105|00:00|0.668||||||||||||||.0186|
RD|I|40|143|0235|45202|6|7|008|149|20201111|00:00|0.629||||||||||||||.0186|
RD|I|40|143|0235|45202|6|7|008|149|20201117|00:00|4.37||||||||||||||.0186|
RD|I|40|143|0235|45202|6|7|008|149|20201123|00:00|1.90||||||||||||||.0186|
RD|I|40|143|0235|45202|6|7|008|149|20201129|00:00|0.651||||||||||||||.0186|
RD|I|40|143|0235|45202|6|7|008|149|20201205|00:00|1.34||||||||||||||.0186|
RD|I|40|143|0235|45202|6|7|008|149|20201211|00:00|0.562||||||||||||||.0186|
RD|I|40|143|0235|45202|6|7|008|149|20201217|00:00|1.35||||||||||||||.0186|
RD|I|40|143|0235|45202|6|7|008|149|20201223|00:00|0.451||||||||||||||.0186|
RD|I|40|143|0235|45202|6|7|008|149|20201229|00:00|0.342||||||||||||||.0186|
RD|I|40|143|0235|45203|6|7|008|149|20200104|00:00|0.0270||||SQ||||||||||.0178|
RD|I|40|143|0235|45203|6|7|008|149|20200110|00:00|0.111||||||||||||||.0178|
RD|I|40|143|0235|45203|6|7|008|149|20200116|00:00|0.0235||||SQ||||||||||.0178|
RD|I|40|143|0235|45203|6|7|008|149|20200122|00:00|0.0403||||SQ||||||||||.0178|
RD|I|40|143|0235|45203|6|7|008|149|20200128|00:00|0.0223||||SQ||||||||||.0178|
RD|I|40|143|0235|45203|6|7|008|149|20200203|00:00|0.0357||||SQ||||||||||.0178|
RD|I|40|143|0235|45203|6|7|008|149|20200209|00:00|0.0195||||SQ||||||||||.0178|
RD|I|40|143|0235|45203|6|7|008|149|20200215|00:00|0.0245||||SQ||||||||||.0178|
RD|I|40|143|0235|45203|6|7|008|149|20200221|00:00|0.0676||||||||||||||.0178|
RD|I|40|143|0235|45203|6|7|008|149|20200227|00:00|0.0645||||||||||||||.0178|
RD|I|40|143|0235|45203|6|7|008|149|20200304|00:00|0.191||||||||||||||.0093|
RD|I|40|143|0235|45203|6|7|008|149|20200310|00:00|0.0381||||||||||||||.0093|
RD|I|40|143|0235|45203|6|7|008|149|20200316|00:00|0.0404||||||||||||||.0093|
RD|I|40|143|0235|45203|6|7|008|149|20200322|00:00|0.0275||||SQ||||||||||.0093|
RD|I|40|143|0235|45203|6|7|008|149|20200328|00:00|0.0187||||SQ||||||||||.0093|
RD|I|40|143|0235|45203|6|7|008|149|20200403|00:00|0.0147||||SQ||||||||||.0093|
RD|I|40|143|0235|45203|6|7|008|149|20200409|00:00|0.0124||||SQ||||||||||.0093|
RD|I|40|143|0235|45203|6|7|008|149|20200415|00:00|0.0414||||||||||||||.0093|
RD|I|40|143|0235|45203|6|7|008|149|20200421|00:00|0.159||||||||||||||.0093|
RD|I|40|143|0235|45203|6|7|008|149|20200427|00:00|0.0330||||||||||||||.0093|
RD|I|40|143|0235|45203|6|7|008|149|20200503|00:00|0.0226||||SQ||||||||||.0093|
RD|I|40|143|0235|45203|6|7|008|149|20200509|00:00|0.0808||||||||||||||.0093|
RD|I|40|143|0235|45203|6|7|008|149|20200515|00:00|0.0288||||SQ||||||||||.0093|
RD|I|40|143|0235|45203|6|7|008|149|20200521|00:00|0.0292||||SQ||||||||||.0093|
RD|I|40|143|0235|45203|6|7|008|149|20200527|00:00|0.0685||||||||||||||.0093|
RD|I|40|143|0235|45203|6|7|008|149|20200602|00:00|0.0342||||||||||||||.0093|
RD|I|40|143|0235|45203|6|7|008|149|20200608|00:00|0.0562||||||||||||||.0093|
RD|I|40|143|0235|45203|6|7|008|149|20200614|00:00|0.0776||||||||||||||.0093|
RD|I|40|143|0235|45203|6|7|008|149|20200620|00:00|0.0525||||||||||||||.0093|
RD|I|40|143|0235|45203|6|7|008|149|20200626|00:00|0.0253||||SQ||||||||||.0093|
RD|I|40|143|0235|45203|6|7|008|149|20200702|00:00|0.0481||||||||||||||.0093|
RD|I|40|143|0235|45203|6|7|008|149|20200708|00:00|0.0465||||||||||||||.0093|
RD|I|40|143|0235|45203|6|7|008|149|20200714|00:00|0.0477||||||||||||||.0093|
RD|I|40|143|0235|45203|6|7|008|149|20200720|00:00|0.0713||||||||||||||.0093|
RD|I|40|143|0235|45203|6|7|008|149|20200726|00:00|0.0246||||SQ||||||||||.0093|
RD|I|40|143|0235|45203|6|7|008|149|20200801|00:00|0.0484||||||||||||||.0093|
RD|I|40|143|0235|45203|6|7|008|149|20200807|00:00|0.0623||||||||||||||.0093|
RD|I|40|143|0235|45203|6|7|008|149|20200813|00:00|0.0372||||||||||||||.0093|
RD|I|40|143|0235|45203|6|7|008|149|20200819|00:00|0.0416||||||||||||||.0093|
RD|I|40|143|0235|45203|6|7|008|149|20200825|00:00|0.153||||||||||||||.0093|
RD|I|40|143|0235|45203|6|7|008|149|20200831|00:00|0.0485||||||||||||||.0093|
RD|I|40|143|0235|45203|6|7|008|149|20200906|00:00|0.0303||||||||||||||.0093|
RD|I|40|143|0235|45203|6|7|008|149|20200912|00:00|0.0918||||||||||||||.0093|
RD|I|40|143|0235|45203|6|7|008|149|20200918|00:00|0.0268||||SQ||||||||||.0093|
RD|I|40|143|0235|45203|6|7|008|149|20200924|00:00|0.112||||||||||||||.0093|
RD|I|40|143|0235|45203|6|7|008|149|20200930|00:00|0.107||||||||||||||.0093|
RD|I|40|143|0235|45203|6|7|008|149|20201006|00:00||AA||||||||||||||
RD|I|40|143|0235|45203|6|7|008|149|20201012|00:00|0.0779||||||||||||||.0093|
RD|I|40|143|0235|45203|6|7|008|149|20201018|00:00|0.0279||||SQ||||||||||.0093|
RD|I|40|143|0235|45203|6|7|008|149|20201020|00:00|0.0464||||||||||||||.0093|
RD|I|40|143|0235|45203|6|7|008|149|20201024|00:00|0.00880||||MD||||||||||.0093|
RD|I|40|143|0235|45203|6|7|008|149|20201030|00:00|0.111||||||||||||||.0093|
RD|I|40|143|0235|45203|6|7|008|149|20201105|00:00|0.0653||||||||||||||.0093|
RD|I|40|143|0235|45203|6|7|008|149|20201111|00:00|0.0585||||||||||||||.0093|
RD|I|40|143|0235|45203|6|7|008|149|20201117|00:00|0.228||||||||||||||.0093|
RD|I|40|143|0235|45203|6|7|008|149|20201123|00:00|0.216||||||||||||||.0093|
RD|I|40|143|0235|45203|6|7|008|149|20201129|00:00|0.0650||||||||||||||.0093|
RD|I|40|143|0235|45203|6|7|008|149|20201205|00:00|0.160||||||||||||||.0093|
RD|I|40|143|0235|45203|6|7|008|149|20201211|00:00|0.0746||||||||||||||.0093|
RD|I|40|143|0235|45203|6|7|008|149|20201217|00:00|0.202||||||||||||||.0093|
RD|I|40|143|0235|45203|6|7|008|149|20201223|00:00|0.0420||||||||||||||.0093|
RD|I|40|143|0235|45203|6|7|008|149|20201229|00:00|0.0466||||||||||||||.0093|
RD|I|40|143|1127|12103|6|7|003|089|20200104|00:00|0.822||||||||||||||.00692|
RD|I|40|143|1127|12103|6|7|003|089|20200110|00:00|0.463||||||||||||||.00712|
RD|I|40|143|1127|12103|6|7|003|089|20200116|00:00|0.368||||||||||||||.00685|
RD|I|40|143|1127|12103|6|7|003|089|20200122|00:00|0.326||||||||||||||.00727|
RD|I|40|143|1127|12103|6|7|003|089|20200128|00:00|0.170||||||||||||||.0073|
RD|I|40|143|1127|12103|6|7|003|089|20200203|00:00|0.475||||||||||||||.00792|
RD|I|40|143|1127|12103|6|7|003|089|20200209|00:00|0.613||||||||||||||.00737|
RD|I|40|143|1127|12103|6|7|003|089|20200215|00:00|0.534||||||||||||||.00722|
RD|I|40|143|1127|12103|6|7|003|089|20200221|00:00|0.402||||||||||||||.00692|
RD|I|40|143|1127|12103|6|7|003|089|20200227|00:00|0.301||||||||||||||.00721|
RD|I|40|143|1127|12103|6|7|003|089|20200304|00:00|0.569||||||||||||||.00733|
RD|I|40|143|1127|12103|6|7|003|089|20200310|00:00|0.385||||||||||||||.00735|
RD|I|40|143|1127|12103|6|7|003|089|20200316|00:00|0.621||||||||||||||.00732|
RD|I|40|143|1127|12103|6|7|003|089|20200322|00:00|1.04||||||||||||||.0074|
RD|I|40|143|1127|12103|6|7|003|089|20200328|00:00|0.458||||||||||||||.00702|
RD|I|40|143|1127|12103|6|7|003|089|20200403|00:00|0.116||||||||||||||.00651|
RD|I|40|143|1127|12103|6|7|003|089|20200410|00:00|0.492||||||||||||||.00673|
RD|I|40|143|1127|12103|6|7|003|089|20200415|00:00|0.533||||||||||||||.00637|
RD|I|40|143|1127|12103|6|7|003|089|20200421|00:00|1.08||||||||||||||.00651|
RD|I|40|143|1127|12103|6|7|003|089|20200427|00:00|0.672||||||||||||||.00655|
RD|I|40|143|1127|12103|6|7|003|089|20200503|00:00|0.898||||||||||||||.00695|
RD|I|40|143|1127|12103|6|7|003|089|20200509|00:00||AN||||||||||||||
RD|I|40|143|1127|12103|6|7|003|089|20200515|00:00||AN||||||||||||||
RD|I|40|143|1127|12103|6|7|003|089|20200521|00:00|0.954||||||||||||||.00695|
RD|I|40|143|1127|12103|6|7|003|089|20200527|00:00|0.663||||||||||||||.00669|
RD|I|40|143|1127|12103|6|7|003|089|20200602|00:00|1.50||||||||||||||.00682|
RD|I|40|143|1127|12103|6|7|003|089|20200607|00:00|4.71||||||||||||||.00678|
RD|I|40|143|1127|12103|6|7|003|089|20200614|00:00|3.88||||||||||||||.00668|
RD|I|40|143|1127|12103|6|7|003|089|20200620|00:00|2.20||||||||||||||.00669|
RD|I|40|143|1127|12103|6|7|003|089|20200626|00:00|0.971||||||||||||||.00695|
RD|I|40|143|1127|12105|6|7|003|089|20200104|00:00|0.00341||||SQ||||||||||.00143|
RD|I|40|143|1127|12105|6|7|003|089|20200110|00:00|0.00286||||SQ||||||||||.00147|
RD|I|40|143|1127|12105|6|7|003|089|20200116|00:00|0.00305||||SQ||||||||||.00142|
RD|I|40|143|1127|12105|6|7|003|089|20200122|00:00|0.000878||||MD||||||||||.0015|
RD|I|40|143|1127|12105|6|7|003|089|20200128|00:00|0.00171||||SQ||||||||||.00151|
RD|I|40|143|1127|12105|6|7|003|089|20200203|00:00|0.00962||||||||||||||.00164|
RD|I|40|143|1127|12105|6|7|003|089|20200209|00:00|0.00354||||SQ||||||||||.00152|
RD|I|40|143|1127|12105|6|7|003|089|20200215|00:00|0.00888||||||||||||||.00149|
RD|I|40|143|1127|12105|6|7|003|089|20200221|00:00|0.00957||||||||||||||.00143|
RD|I|40|143|1127|12105|6|7|003|089|20200227|00:00|0.00615||||||||||||||.00149|
RD|I|40|143|1127|12105|6|7|003|089|20200304|00:00|0.0158||||||||||||||.00152|
RD|I|40|143|1127|12105|6|7|003|089|20200310|00:00|0.0106||||||||||||||.00152|
RD|I|40|143|1127|12105|6|7|003|089|20200316|00:00|0.00205||||SQ||||||||||.00151|
RD|I|40|143|1127|12105|6|7|003|089|20200322|00:00|0.00329||||SQ||||||||||.00153|
RD|I|40|143|1127|12105|6|7|003|089|20200328|00:00|0.0239||||||||||||||.00145|
RD|I|40|143|1127|12105|6|7|003|089|20200403|00:00|0.00183||||SQ||||||||||.00135|
RD|I|40|143|1127|12105|6|7|003|089|20200410|00:00|0.0146||||||||||||||.00139|
RD|I|40|143|1127|12105|6|7|003|089|20200415|00:00|0.00666||||||||||||||.00132|
RD|I|40|143|1127|12105|6|7|003|089|20200421|00:00|0.0153||||||||||||||.00135|
RD|I|40|143|1127|12105|6|7|003|089|20200427|00:00|0.00873||||||||||||||.00135|
RD|I|40|143|1127|12105|6|7|003|089|20200503|00:00|0.00727||||||||||||||.00144|
RD|I|40|143|1127|12105|6|7|003|089|20200509|00:00||AN||||||||||||||
RD|I|40|143|1127|12105|6|7|003|089|20200515|00:00||AN||||||||||||||
RD|I|40|143|1127|12105|6|7|003|089|20200521|00:00|0.0167||||||||||||||.00144|
RD|I|40|143|1127|12105|6|7|003|089|20200527|00:00|0.00416||||SQ||||||||||.00138|
RD|I|40|143|1127|12105|6|7|003|089|20200602|00:00|0.0101||||||||||||||.00141|
RD|I|40|143|1127|12105|6|7|003|089|20200607|00:00|0.130||||||||||||||.0014|
RD|I|40|143|1127|12105|6|7|003|089|20200614|00:00|0.0151||||||||||||||.00138|
RD|I|40|143|1127|12105|6|7|003|089|20200620|00:00|0.00523||||||||||||||.00138|
RD|I|40|143|1127|12105|6|7|003|089|20200626|00:00|0.0178||||||||||||||.00144|
RD|I|40|143|1127|12110|6|7|003|089|20200104|00:00|0.0721||||||||||||||.00446|
RD|I|40|143|1127|12110|6|7|003|089|20200110|00:00|0.0980||||||||||||||.0046|
RD|I|40|143|1127|12110|6|7|003|089|20200116|00:00|0.112||||||||||||||.00442|
RD|I|40|143|1127|12110|6|7|003|089|20200122|00:00|0.0579||||||||||||||.00469|
RD|I|40|143|1127|12110|6|7|003|089|20200128|00:00|0.0643||||||||||||||.00471|
RD|I|40|143|1127|12110|6|7|003|089|20200203|00:00|0.160||||||||||||||.00511|
RD|I|40|143|1127|12110|6|7|003|089|20200209|00:00|0.115||||||||||||||.00476|
RD|I|40|143|1127|12110|6|7|003|089|20200215|00:00|0.163||||||||||||||.00466|
RD|I|40|143|1127|12110|6|7|003|089|20200221|00:00|0.125||||||||||||||.00446|
RD|I|40|143|1127|12110|6|7|003|089|20200227|00:00|0.0810||||||||||||||.00465|
RD|I|40|143|1127|12110|6|7|003|089|20200304|00:00|0.368||||||||||||||.00473|
RD|I|40|143|1127|12110|6|7|003|089|20200310|00:00|0.0754||||||||||||||.00474|
RD|I|40|143|1127|12110|6|7|003|089|20200316|00:00|0.0607||||||||||||||.00472|
RD|I|40|143|1127|12110|6|7|003|089|20200322|00:00|0.149||||||||||||||.00478|
RD|I|40|143|1127|12110|6|7|003|089|20200328|00:00|0.167||||||||||||||.00453|
RD|I|40|143|1127|12110|6|7|003|089|20200403|00:00|0.0618||||||||||||||.0042|
RD|I|40|143|1127|12110|6|7|003|089|20200410|00:00|0.263||||||||||||||.00434|
RD|I|40|143|1127|12110|6|7|003|089|20200415|00:00|0.151||||||||||||||.00411|
RD|I|40|143|1127|12110|6|7|003|089|20200421|00:00|0.156||||||||||||||.0042|
RD|I|40|143|1127|12110|6|7|003|089|20200427|00:00|0.153||||||||||||||.00423|
RD|I|40|143|1127|12110|6|7|003|089|20200503|00:00|0.220||||||||||||||.00449|
RD|I|40|143|1127|12110|6|7|003|089|20200509|00:00||AN||||||||||||||
RD|I|40|143|1127|12110|6|7|003|089|20200515|00:00||AN||||||||||||||
RD|I|40|143|1127|12110|6|7|003|089|20200521|00:00|0.108||||||||||||||.00448|
RD|I|40|143|1127|12110|6|7|003|089|20200527|00:00|0.0832||||||||||||||.00432|
RD|I|40|143|1127|12110|6|7|003|089|20200602|00:00|0.115||||||||||||||.0044|
RD|I|40|143|1127|12110|6|7|003|089|20200607|00:00|0.996||||||||||||||.00438|
RD|I|40|143|1127|12110|6|7|003|089|20200614|00:00|0.187||||||||||||||.00431|
RD|I|40|143|1127|12110|6|7|003|089|20200620|00:00|0.149||||||||||||||.00432|
RD|I|40|143|1127|12110|6|7|003|089|20200626|00:00|0.172||||||||||||||.00448|
RD|I|40|143|1127|12112|6|7|003|089|20200104|00:00|1.10||||SQ||||||||||1.03|
RD|I|40|143|1127|12112|6|7|003|089|20200110|00:00|1.39||||SQ||||||||||1.06|
RD|I|40|143|1127|12112|6|7|003|089|20200116|00:00|1.12||||SQ||||||||||1.02|
RD|I|40|143|1127|12112|6|7|003|089|20200122|00:00|1.02||||MD||||||||||1.08|
RD|I|40|143|1127|12112|6|7|003|089|20200128|00:00|1.09||||SQ||||||||||1.09|
RD|I|40|143|1127|12112|6|7|003|089|20200203|00:00|1.72||||SQ||||||||||1.18|
RD|I|40|143|1127|12112|6|7|003|089|20200209|00:00|1.08||||MD||||||||||1.1|
RD|I|40|143|1127|12112|6|7|003|089|20200215|00:00|1.64||||SQ||||||||||1.08|
RD|I|40|143|1127|12112|6|7|003|089|20200221|00:00|2.80||||SQ||||||||||1.03|
RD|I|40|143|1127|12112|6|7|003|089|20200227|00:00|1.47||||SQ||||||||||1.08|
RD|I|40|143|1127|12112|6|7|003|089|20200304|00:00|2.05||||SQ||||||||||1.09|
RD|I|40|143|1127|12112|6|7|003|089|20200310|00:00|1.96||||SQ||||||||||1.1|
RD|I|40|143|1127|12112|6|7|003|089|20200316|00:00|1.33||||SQ||||||||||1.09|
RD|I|40|143|1127|12112|6|7|003|089|20200322|00:00|1.09||||MD||||||||||1.1|
RD|I|40|143|1127|12112|6|7|003|089|20200328|00:00|1.38||||SQ||||||||||1.05|
RD|I|40|143|1127|12112|6|7|003|089|20200403|00:00|0.862||||MD||||||||||.971|
RD|I|40|143|1127|12112|6|7|003|089|20200410|00:00|1.34||||SQ||||||||||1|
RD|I|40|143|1127|12112|6|7|003|089|20200415|00:00|1.14||||SQ||||||||||.95|
RD|I|40|143|1127|12112|6|7|003|089|20200421|00:00|1.56||||SQ||||||||||.971|
RD|I|40|143|1127|12112|6|7|003|089|20200427|00:00|1.35||||SQ||||||||||.977|
RD|I|40|143|1127|12112|6|7|003|089|20200503|00:00|1.17||||SQ||||||||||1.04|
RD|I|40|143|1127|12112|6|7|003|089|20200509|00:00||AN||||||||||||||
RD|I|40|143|1127|12112|6|7|003|089|20200515|00:00||AN||||||||||||||
RD|I|40|143|1127|12112|6|7|003|089|20200521|00:00|1.74||||SQ||||||||||1.04|
RD|I|40|143|1127|12112|6|7|003|089|20200527|00:00|1.07||||SQ||||||||||.998|
RD|I|40|143|1127|12112|6|7|003|089|20200602|00:00|1.61||||SQ||||||||||1.02|
RD|I|40|143|1127|12112|6|7|003|089|20200607|00:00|3.69||||||||||||||1.01|
RD|I|40|143|1127|12112|6|7|003|089|20200614|00:00|1.46||||SQ||||||||||.996|
RD|I|40|143|1127|12112|6|7|003|089|20200620|00:00|1.12||||SQ||||||||||.997|
RD|I|40|143|1127|12112|6|7|003|089|20200626|00:00|1.85||||SQ||||||||||1.04|
RD|I|40|143|1127|12128|6|7|003|089|20200104|00:00|1.40||||||||||||||.127|
RD|I|40|143|1127|12128|6|7|003|089|20200110|00:00|1.24||||||||||||||.131|
RD|I|40|143|1127|12128|6|7|003|089|20200116|00:00|1.37||||||||||||||.126|
RD|I|40|143|1127|12128|6|7|003|089|20200122|00:00|0.816||||||||||||||.134|
RD|I|40|143|1127|12128|6|7|003|089|20200128|00:00|1.06||||||||||||||.134|
RD|I|40|143|1127|12128|6|7|003|089|20200203|00:00|2.62||||||||||||||.146|
RD|I|40|143|1127|12128|6|7|003|089|20200209|00:00|1.83||||||||||||||.136|
RD|I|40|143|1127|12128|6|7|003|089|20200215|00:00|2.98||||||||||||||.133|
RD|I|40|143|1127|12128|6|7|003|089|20200221|00:00|3.49||||||||||||||.127|
RD|I|40|143|1127|12128|6|7|003|089|20200227|00:00|1.34||||||||||||||.133|
RD|I|40|143|1127|12128|6|7|003|089|20200304|00:00|5.09||||||||||||||.135|
RD|I|40|143|1127|12128|6|7|003|089|20200310|00:00|2.52||||||||||||||.135|
RD|I|40|143|1127|12128|6|7|003|089|20200316|00:00|0.933||||||||||||||.135|
RD|I|40|143|1127|12128|6|7|003|089|20200322|00:00|1.48||||||||||||||.136|
RD|I|40|143|1127|12128|6|7|003|089|20200328|00:00|1.47||||||||||||||.129|
RD|I|40|143|1127|12128|6|7|003|089|20200403|00:00|0.505||||||||||||||.12|
RD|I|40|143|1127|12128|6|7|003|089|20200410|00:00|1.89||||||||||||||.124|
RD|I|40|143|1127|12128|6|7|003|089|20200415|00:00|1.87||||||||||||||.117|
RD|I|40|143|1127|12128|6|7|003|089|20200421|00:00|2.52||||||||||||||.12|
RD|I|40|143|1127|12128|6|7|003|089|20200427|00:00|1.82||||||||||||||.121|
RD|I|40|143|1127|12128|6|7|003|089|20200503|00:00|2.42||||||||||||||.128|
RD|I|40|143|1127|12128|6|7|003|089|20200509|00:00||AN||||||||||||||
RD|I|40|143|1127|12128|6|7|003|089|20200515|00:00||AN||||||||||||||
RD|I|40|143|1127|12128|6|7|003|089|20200521|00:00|2.99||||||||||||||.128|
RD|I|40|143|1127|12128|6|7|003|089|20200527|00:00|1.01||||||||||||||.123|
RD|I|40|143|1127|12128|6|7|003|089|20200602|00:00|2.86||||||||||||||.126|
RD|I|40|143|1127|12128|6|7|003|089|20200607|00:00|5.91||||||||||||||.125|
RD|I|40|143|1127|12128|6|7|003|089|20200614|00:00|3.04||||||||||||||.123|
RD|I|40|143|1127|12128|6|7|003|089|20200620|00:00|1.73||||||||||||||.123|
RD|I|40|143|1127|12128|6|7|003|089|20200626|00:00|2.76||||||||||||||.128|
RD|I|40|143|1127|12132|6|7|003|089|20200104|00:00|5.26||||||||||||||.453|
RD|I|40|143|1127|12132|6|7|003|089|20200110|00:00|6.55||||||||||||||.467|
RD|I|40|143|1127|12132|6|7|003|089|20200116|00:00|5.77||||||||||||||.449|
RD|I|40|143|1127|12132|6|7|003|089|20200122|00:00|3.81||||||||||||||.477|
RD|I|40|143|1127|12132|6|7|003|089|20200128|00:00|2.74||||||||||||||.478|
RD|I|40|143|1127|12132|6|7|003|089|20200203|00:00|15.4||||||||||||||.519|
RD|I|40|143|1127|12132|6|7|003|089|20200209|00:00|6.08||||||||||||||.483|
RD|I|40|143|1127|12132|6|7|003|089|20200215|00:00|13.2||||||||||||||.473|
RD|I|40|143|1127|12132|6|7|003|089|20200221|00:00|17.8||||||||||||||.453|
RD|I|40|143|1127|12132|6|7|003|089|20200227|00:00|8.96||||||||||||||.473|
RD|I|40|143|1127|12132|6|7|003|089|20200304|00:00|20.6||||||||||||||.48|
RD|I|40|143|1127|12132|6|7|003|089|20200310|00:00|14.7||||||||||||||.482|
RD|I|40|143|1127|12132|6|7|003|089|20200316|00:00|4.30||||||||||||||.48|
RD|I|40|143|1127|12132|6|7|003|089|20200322|00:00|3.40||||||||||||||.485|
RD|I|40|143|1127|12132|6|7|003|089|20200328|00:00|18.9||||||||||||||.46|
RD|I|40|143|1127|12132|6|7|003|089|20200403|00:00|3.27||||||||||||||.427|
RD|I|40|143|1127|12132|6|7|003|089|20200410|00:00|26.9||||||||||||||.441|
RD|I|40|143|1127|12132|6|7|003|089|20200415|00:00|10.8||||||||||||||.418|
RD|I|40|143|1127|12132|6|7|003|089|20200421|00:00|15.7||||||||||||||.427|
RD|I|40|143|1127|12132|6|7|003|089|20200427|00:00|14.1||||||||||||||.429|
RD|I|40|143|1127|12132|6|7|003|089|20200503|00:00|9.91||||||||||||||.456|
RD|I|40|143|1127|12132|6|7|003|089|20200509|00:00||AN||||||||||||||
RD|I|40|143|1127|12132|6|7|003|089|20200515|00:00||AN||||||||||||||
RD|I|40|143|1127|12132|6|7|003|089|20200521|00:00|17.7||||||||||||||.455|
RD|I|40|143|1127|12132|6|7|003|089|20200527|00:00|3.70||||||||||||||.439|
RD|I|40|143|1127|12132|6|7|003|089|20200602|00:00|12.9||||||||||||||.447|
RD|I|40|143|1127|12132|6|7|003|089|20200607|00:00|92.9||||||||||||||.444|
RD|I|40|143|1127|12132|6|7|003|089|20200614|00:00|16.1||||||||||||||.438|
RD|I|40|143|1127|12132|6|7|003|089|20200620|00:00|7.33||||||||||||||.438|
RD|I|40|143|1127|12132|6|7|003|089|20200626|00:00|16.9||||||||||||||.455|
RD|I|40|143|1127|12136|6|7|003|089|20200104|00:00|0.462||||SQ||||||||||.336|
RD|I|40|143|1127|12136|6|7|003|089|20200110|00:00|0.877||||SQ||||||||||.346|
RD|I|40|143|1127|12136|6|7|003|089|20200116|00:00|0.652||||SQ||||||||||.333|
RD|I|40|143|1127|12136|6|7|003|089|20200122|00:00|0.510||||SQ||||||||||.354|
RD|I|40|143|1127|12136|6|7|003|089|20200128|00:00|0.474||||SQ||||||||||.355|
RD|I|40|143|1127|12136|6|7|003|089|20200203|00:00|1.08||||SQ||||||||||.385|
RD|I|40|143|1127|12136|6|7|003|089|20200209|00:00|0.438||||SQ||||||||||.358|
RD|I|40|143|1127|12136|6|7|003|089|20200215|00:00|0.873||||SQ||||||||||.351|
RD|I|40|143|1127|12136|6|7|003|089|20200221|00:00|1.47||||||||||||||.336|
RD|I|40|143|1127|12136|6|7|003|089|20200227|00:00|0.688||||SQ||||||||||.351|
RD|I|40|143|1127|12136|6|7|003|089|20200304|00:00|1.31||||||||||||||.356|
RD|I|40|143|1127|12136|6|7|003|089|20200310|00:00|1.50||||||||||||||.357|
RD|I|40|143|1127|12136|6|7|003|089|20200316|00:00|0.554||||SQ||||||||||.356|
RD|I|40|143|1127|12136|6|7|003|089|20200322|00:00|0.400||||SQ||||||||||.36|
RD|I|40|143|1127|12136|6|7|003|089|20200328|00:00|0.953||||SQ||||||||||.341|
RD|I|40|143|1127|12136|6|7|003|089|20200403|00:00|0.288||||MD||||||||||.317|
RD|I|40|143|1127|12136|6|7|003|089|20200410|00:00|0.883||||SQ||||||||||.327|
RD|I|40|143|1127|12136|6|7|003|089|20200415|00:00|0.621||||SQ||||||||||.31|
RD|I|40|143|1127|12136|6|7|003|089|20200421|00:00|0.954||||SQ||||||||||.317|
RD|I|40|143|1127|12136|6|7|003|089|20200427|00:00|0.939||||SQ||||||||||.319|
RD|I|40|143|1127|12136|6|7|003|089|20200503|00:00|0.559||||SQ||||||||||.338|
RD|I|40|143|1127|12136|6|7|003|089|20200509|00:00||AN||||||||||||||
RD|I|40|143|1127|12136|6|7|003|089|20200515|00:00||AN||||||||||||||
RD|I|40|143|1127|12136|6|7|003|089|20200521|00:00|0.948||||SQ||||||||||.338|
RD|I|40|143|1127|12136|6|7|003|089|20200527|00:00|0.277||||MD||||||||||.325|
RD|I|40|143|1127|12136|6|7|003|089|20200602|00:00|0.955||||SQ||||||||||.332|
RD|I|40|143|1127|12136|6|7|003|089|20200607|00:00|2.97||||||||||||||.33|
RD|I|40|143|1127|12136|6|7|003|089|20200614|00:00|0.931||||SQ||||||||||.325|
RD|I|40|143|1127|12136|6|7|003|089|20200620|00:00|0.523||||SQ||||||||||.325|
RD|I|40|143|1127|12136|6|7|003|089|20200626|00:00|1.02||||SQ||||||||||.338|
RD|I|40|143|1127|43218|6|7|008|149|20200104|00:00|0.0125||||SQ||||||||||.011|
RD|I|40|143|1127|43218|6|7|008|149|20200110|00:00|0.0201||||SQ||||||||||.011|
RD|I|40|143|1127|43218|6|7|008|149|20200116|00:00|0.0129||||SQ||||||||||.011|
RD|I|40|143|1127|43218|6|7|008|149|20200122|00:00|0.0158||||SQ||||||||||.011|
RD|I|40|143|1127|43218|6|7|008|149|20200128|00:00|0.0168||||SQ||||||||||.011|
RD|I|40|143|1127|43218|6|7|008|149|20200203|00:00|0.00570||||MD||||||||||.011|
RD|I|40|143|1127|43218|6|7|008|149|20200209|00:00|0.00780||||MD||||||||||.011|
RD|I|40|143|1127|43218|6|7|008|149|20200215|00:00|0.0197||||SQ||||||||||.011|
RD|I|40|143|1127|43218|6|7|008|149|20200221|00:00|0.0350||||||||||||||.011|
RD|I|40|143|1127|43218|6|7|008|149|20200227|00:00|0.0209||||SQ||||||||||.011|
RD|I|40|143|1127|43218|6|7|008|149|20200304|00:00|0.0730||||||||||||||.0119|
RD|I|40|143|1127|43218|6|7|008|149|20200310|00:00|0.0159||||SQ||||||||||.0119|
RD|I|40|143|1127|43218|6|7|008|149|20200316|00:00|0.0151||||SQ||||||||||.0119|
RD|I|40|143|1127|43218|6|7|008|149|20200322|00:00|0.0155||||SQ||||||||||.0119|
RD|I|40|143|1127|43218|6|7|008|149|20200328|00:00|0.00470||||MD||||||||||.0119|
RD|I|40|143|1127|43218|6|7|008|149|20200403|00:00|0.00910||||MD||||||||||.0119|
RD|I|40|143|1127|43218|6|7|008|149|20200409|00:00|0.0184||||SQ||||||||||.0119|
RD|I|40|143|1127|43218|6|7|008|149|20200415|00:00|0.0180||||SQ||||||||||.0119|
RD|I|40|143|1127|43218|6|7|008|149|20200421|00:00|0.0549||||||||||||||.0119|
RD|I|40|143|1127|43218|6|7|008|149|20200427|00:00|0.0133||||SQ||||||||||.0119|
RD|I|40|143|1127|43218|6|7|008|149|20200503|00:00|0.0209||||SQ||||||||||.0119|
RD|I|40|143|1127|43218|6|7|008|149|20200509|00:00|0.0280||||SQ||||||||||.0119|
RD|I|40|143|1127|43218|6|7|008|149|20200515|00:00|0.0161||||SQ||||||||||.0119|
RD|I|40|143|1127|43218|6|7|008|149|20200521|00:00|0.0135||||SQ||||||||||.0119|
RD|I|40|143|1127|43218|6|7|008|149|20200527|00:00|0.0221||||SQ||||||||||.0119|
RD|I|40|143|1127|43218|6|7|008|149|20200602|00:00|0.00940||||MD||||||||||.0119|
RD|I|40|143|1127|43218|6|7|008|149|20200608|00:00|0.0265||||SQ||||||||||.0119|
RD|I|40|143|1127|43218|6|7|008|149|20200614|00:00|0.0318||||SQ||||||||||.0119|
RD|I|40|143|1127|43218|6|7|008|149|20200620|00:00|0.00960||||MD||||||||||.0119|
RD|I|40|143|1127|43218|6|7|008|149|20200626|00:00|0.00600||||MD||||||||||.0119|
RD|I|40|143|1127|43218|6|7|008|149|20200702|00:00|0.0151||||SQ||||||||||.0119|
RD|I|40|143|1127|43218|6|7|008|149|20200708|00:00|0.0193||||SQ||||||||||.0119|
RD|I|40|143|1127|43218|6|7|008|149|20200714|00:00|0.0138||||SQ||||||||||.0119|
RD|I|40|143|1127|43218|6|7|008|149|20200720|00:00|0.0144||||SQ||||||||||.0119|
RD|I|40|143|1127|43218|6|7|008|149|20200726|00:00|0.00660||||MD||||||||||.0119|
RD|I|40|143|1127|43218|6|7|008|149|20200801|00:00|0.0154||||SQ||||||||||.0119|
RD|I|40|143|1127|43218|6|7|008|149|20200807|00:00||AN||||||||||||||
RD|I|40|143|1127|43218|6|7|008|149|20200813|00:00|0.0107||||MD||||||||||.0119|
RD|I|40|143|1127|43218|6|7|008|149|20200816|00:00|0.0139||||SQ||||||||||.0119|
RD|I|40|143|1127|43218|6|7|008|149|20200819|00:00|0.0215||||SQ||||||||||.0119|
RD|I|40|143|1127|43218|6|7|008|149|20200825|00:00|0.0224||||SQ||||||||||.0119|
RD|I|40|143|1127|43218|6|7|008|149|20200831|00:00||AL||||||||||||||
RD|I|40|143|1127|43218|6|7|008|149|20200906|00:00|0.00800||||MD||||||||||.0119|
RD|I|40|143|1127|43218|6|7|008|149|20200912|00:00|0.0220||||SQ||||||||||.0119|
RD|I|40|143|1127|43218|6|7|008|149|20200918|00:00|0.0198||||SQ||||||||||.0119|
RD|I|40|143|1127|43218|6|7|008|149|20200924|00:00|0.0364||||SQ||||||||||.0119|
RD|I|40|143|1127|43218|6|7|008|149|20200930|00:00|0.0244||||SQ||||||||||.0119|
RD|I|40|143|1127|43218|6|7|008|149|20201006|00:00|0.0247||||SQ||||||||||.0119|
RD|I|40|143|1127|43218|6|7|008|149|20201012|00:00|0.0239||||SQ||||||||||.0119|
RD|I|40|143|1127|43218|6|7|008|149|20201018|00:00|0.00740||||MD||||||||||.0119|
RD|I|40|143|1127|43218|6|7|008|149|20201020|00:00|0.0114||||MD||||||||||.0119|
RD|I|40|143|1127|43218|6|7|008|149|20201024|00:00|0.0125||||SQ||||||||||.0119|
RD|I|40|143|1127|43218|6|7|008|149|20201030|00:00|0.0800||||||||||||||.0119|
RD|I|40|143|1127|43218|6|7|008|149|20201105|00:00|0.0272||||SQ||||||||||.0119|
RD|I|40|143|1127|43218|6|7|008|149|20201111|00:00|0.0430||||||||||||||.0119|
RD|I|40|143|1127|43218|6|7|008|149|20201117|00:00|0.0551||||||||||||||.0119|
RD|I|40|143|1127|43218|6|7|008|149|20201123|00:00|0.0562||||||||||||||.0119|
RD|I|40|143|1127|43218|6|7|008|149|20201129|00:00|0.0188||||SQ||||||||||.0119|
RD|I|40|143|1127|43218|6|7|008|149|20201211|00:00|0.0148||||SQ||||||||||.0119|
RD|I|40|143|1127|43218|6|7|008|149|20201217|00:00|0.0952||||||||||||||.0119|
RD|I|40|143|1127|43218|6|7|008|149|20201223|00:00|0||||ND||||||||||.0119|
RD|I|40|143|1127|43218|6|7|008|149|20201229|00:00|0.0176||||SQ||||||||||.0119|
RD|I|40|143|1127|43502|6|7|001|202|20200104|00:00|1.67||||||||||||||.0449|
RD|I|40|143|1127|43502|6|7|001|202|20200110|00:00|0.902||||||||||||||.0449|
RD|I|40|143|1127|43502|6|7|001|202|20200116|00:00|1.08||||||||||||||.0449|
RD|I|40|143|1127|43502|6|7|001|202|20200122|00:00|1.34||||||||||||||.0449|
RD|I|40|143|1127|43502|6|7|001|202|20200128|00:00|0.987||||||||||||||.0449|
RD|I|40|143|1127|43502|6|7|001|202|20200203|00:00|3.58||||||||||||||.0449|
RD|I|40|143|1127|43502|6|7|001|202|20200209|00:00|1.90||||||||||||||.0449|
RD|I|40|143|1127|43502|6|7|001|202|20200215|00:00|2.62||||||||||||||.0449|
RD|I|40|143|1127|43502|6|7|001|202|20200221|00:00|1.97||||||||||||||.0449|
RD|I|40|143|1127|43502|6|7|001|202|20200227|00:00|1.93||||||||||||||.0449|
RD|I|40|143|1127|43502|6|7|001|202|20200304|00:00|2.91||||||||||||||.0449|
RD|I|40|143|1127|43502|6|7|001|202|20200310|00:00|2.37||||||||||||||.0449|
RD|I|40|143|1127|43502|6|7|001|202|20200316|00:00|0.787||||||||||||||.0449|
RD|I|40|143|1127|43502|6|7|001|202|20200322|00:00|1.35||||||||||||||.0449|
RD|I|40|143|1127|43502|6|7|001|202|20200328|00:00|1.87||||||||||||||.0449|
RD|I|40|143|1127|43502|6|7|001|202|20200403|00:00|0.766||||||||||||||.0449|
RD|I|40|143|1127|43502|6|7|001|202|20200409|00:00|3.69||||||||||||||.0449|
RD|I|40|143|1127|43502|6|7|001|202|20200415|00:00|2.23||||||||||||||.0449|
RD|I|40|143|1127|43502|6|7|001|202|20200421|00:00|3.05||||||||||||||.0449|
RD|I|40|143|1127|43502|6|7|001|202|20200427|00:00|3.73||||||||||||||.0449|
RD|I|40|143|1127|43502|6|7|001|202|20200503|00:00|3.24||||||||||||||.0449|
RD|I|40|143|1127|43502|6|7|001|202|20200509|00:00|2.04||||||||||||||.0449|
RD|I|40|143|1127|43502|6|7|001|202|20200515|00:00|1.86||||||||||||||.0449|
RD|I|40|143|1127|43502|6|7|001|202|20200521|00:00|2.46||||||||||||||.0449|
RD|I|40|143|1127|43502|6|7|001|202|20200527|00:00|1.28||||||||||||||.0449|
RD|I|40|143|1127|43502|6|7|001|202|20200602|00:00|4.95||||||||||||||.0509|
RD|I|40|143|1127|43502|6|7|001|202|20200608|00:00|5.52||||||||||||||.0509|
RD|I|40|143|1127|43502|6|7|001|202|20200614|00:00|5.21||||||||||||||.0509|
RD|I|40|143|1127|43502|6|7|001|202|20200620|00:00|2.55||||||||||||||.0508|
RD|I|40|143|1127|43502|6|7|001|202|20200626|00:00|4.25||||DN||||||||||.0508|
RD|I|40|143|1127|43502|6|7|001|202|20200702|00:00|4.30||||||||||||||.0508|
RD|I|40|143|1127|43502|6|7|001|202|20200708|00:00|4.02||||||||||||||.0511|
RD|I|40|143|1127|43502|6|7|001|202|20200714|00:00|7.31||||||||||||||.0508|
RD|I|40|143|1127|43502|6|7|001|202|20200720|00:00|5.68||||||||||||||.0508|
RD|I|40|143|1127|43502|6|7|001|202|20200726|00:00|4.48||||||||||||||.0508|
RD|I|40|143|1127|43502|6|7|001|202|20200801|00:00|2.68||||||||||||||.0508|
RD|I|40|143|1127|43502|6|7|001|202|20200807|00:00|3.62||||||||||||||.0507|
RD|I|40|143|1127|43502|6|7|001|202|20200813|00:00|3.93||||||||||||||.0508|
RD|I|40|143|1127|43502|6|7|001|202|20200819|00:00|2.85||||||||||||||.0509|
RD|I|40|143|1127|43502|6|7|001|202|20200825|00:00|5.04||||||||||||||.0509|
RD|I|40|143|1127|43502|6|7|001|202|20200831|00:00|3.78||||||||||||||.0507|
RD|I|40|143|1127|43502|6|7|001|202|20200906|00:00|3.58||||||||||||||.0508|
RD|I|40|143|1127|43502|6|7|001|202|20200912|00:00|1.61||||||||||||||.0511|
RD|I|40|143|1127|43502|6|7|001|202|20200918|00:00|2.03||||||||||||||.0508|
RD|I|40|143|1127|43502|6|7|001|202|20200924|00:00|1.82||||||||||||||.0508|
RD|I|40|143|1127|43502|6|7|001|202|20200930|00:00|2.67||||||||||||||.0508|
RD|I|40|143|1127|43502|6|7|001|202|20201006|00:00|2.65||||||||||||||.051|
RD|I|40|143|1127|43502|6|7|001|202|20201012|00:00|1.61||||||||||||||.051|
RD|I|40|143|1127|43502|6|7|001|202|20201018|00:00|1.47||||||||||||||.051|
RD|I|40|143|1127|43502|6|7|001|202|20201020|00:00|1.00||||||||||||||.051|
RD|I|40|143|1127|43502|6|7|001|202|20201024|00:00|0.754||||||||||||||.051|
RD|I|40|143|1127|43502|6|7|001|202|20201030|00:00|1.66||||||||||||||.051|
RD|I|40|143|1127|43502|6|7|001|202|20201105|00:00|2.60||||||||||||||.0515|
RD|I|40|143|1127|43502|6|7|001|202|20201111|00:00|1.33||||||||||||||.0514|
RD|I|40|143|1127|43502|6|7|001|202|20201117|00:00|2.68||||||||||||||.0514|
RD|I|40|143|1127|43502|6|7|001|202|20201123|00:00|1.06||||||||||||||.0514|
RD|I|40|143|1127|43502|6|7|001|202|20201129|00:00|0.738||||||||||||||.0514|
RD|I|40|143|1127|43502|6|7|001|202|20201205|00:00|1.45||||||||||||||.0515|
RD|I|40|143|1127|43502|6|7|001|202|20201211|00:00|1.67||||||||||||||.0514|
RD|I|40|143|1127|43502|6|7|001|202|20201217|00:00|1.47||||||||||||||.0515|
RD|I|40|143|1127|43502|6|7|001|202|20201223|00:00|1.09||||||||||||||.0514|
RD|I|40|143|1127|43502|6|7|001|202|20201229|00:00|1.32||||||||||||||.0515|
RD|I|40|143|1127|43503|6|7|001|202|20200104|00:00|0.982||||||||||||||.032|
RD|I|40|143|1127|43503|6|7|001|202|20200110|00:00|0.775||||||||||||||.032|
RD|I|40|143|1127|43503|6|7|001|202|20200116|00:00|0.880||||||||||||||.032|
RD|I|40|143|1127|43503|6|7|001|202|20200122|00:00|0.698||||||||||||||.032|
RD|I|40|143|1127|43503|6|7|001|202|20200128|00:00|0.569||||||||||||||.032|
RD|I|40|143|1127|43503|6|7|001|202|20200203|00:00|1.79||||||||||||||.032|
RD|I|40|143|1127|43503|6|7|001|202|20200209|00:00|1.12||||||||||||||.032|
RD|I|40|143|1127|43503|6|7|001|202|20200215|00:00|1.28||||||||||||||.032|
RD|I|40|143|1127|43503|6|7|001|202|20200221|00:00|1.46||||||||||||||.032|
RD|I|40|143|1127|43503|6|7|001|202|20200227|00:00|1.14||||||||||||||.032|
RD|I|40|143|1127|43503|6|7|001|202|20200304|00:00|1.85||||||||||||||.032|
RD|I|40|143|1127|43503|6|7|001|202|20200310|00:00|1.39||||||||||||||.032|
RD|I|40|143|1127|43503|6|7|001|202|20200316|00:00|0.562||||||||||||||.032|
RD|I|40|143|1127|43503|6|7|001|202|20200322|00:00|0.894||||||||||||||.032|
RD|I|40|143|1127|43503|6|7|001|202|20200328|00:00|1.26||||||||||||||.032|
RD|I|40|143|1127|43503|6|7|001|202|20200403|00:00|0.612||||||||||||||.032|
RD|I|40|143|1127|43503|6|7|001|202|20200409|00:00|1.70||||||||||||||.032|
RD|I|40|143|1127|43503|6|7|001|202|20200415|00:00|1.43||||||||||||||.032|
RD|I|40|143|1127|43503|6|7|001|202|20200421|00:00|2.57||||||||||||||.032|
RD|I|40|143|1127|43503|6|7|001|202|20200427|00:00|1.62||||||||||||||.032|
RD|I|40|143|1127|43503|6|7|001|202|20200503|00:00|1.76||||||||||||||.032|
RD|I|40|143|1127|43503|6|7|001|202|20200509|00:00|1.50||||||||||||||.032|
RD|I|40|143|1127|43503|6|7|001|202|20200515|00:00|1.04||||||||||||||.032|
RD|I|40|143|1127|43503|6|7|001|202|20200521|00:00|1.42||||||||||||||.032|
RD|I|40|143|1127|43503|6|7|001|202|20200527|00:00|1.14||||||||||||||.032|
RD|I|40|143|1127|43503|6|7|001|202|20200602|00:00|2.31||||||||||||||.0365|
RD|I|40|143|1127|43503|6|7|001|202|20200608|00:00|2.76||||||||||||||.0365|
RD|I|40|143|1127|43503|6|7|001|202|20200614|00:00|3.18||||||||||||||.0365|
RD|I|40|143|1127|43503|6|7|001|202|20200620|00:00|1.60||||||||||||||.0365|
RD|I|40|143|1127|43503|6|7|001|202|20200626|00:00|1.82||||DN||||||||||.0365|
RD|I|40|143|1127|43503|6|7|001|202|20200702|00:00|2.03||||||||||||||.0365|
RD|I|40|143|1127|43503|6|7|001|202|20200708|00:00|2.10||||||||||||||.0367|
RD|I|40|143|1127|43503|6|7|001|202|20200714|00:00|2.27||||||||||||||.0365|
RD|I|40|143|1127|43503|6|7|001|202|20200720|00:00|2.45||||||||||||||.0365|
RD|I|40|143|1127|43503|6|7|001|202|20200726|00:00|1.82||||||||||||||.0365|
RD|I|40|143|1127|43503|6|7|001|202|20200801|00:00|2.24||||||||||||||.0365|
RD|I|40|143|1127|43503|6|7|001|202|20200807|00:00|1.46||||||||||||||.0364|
RD|I|40|143|1127|43503|6|7|001|202|20200813|00:00|2.17||||||||||||||.0365|
RD|I|40|143|1127|43503|6|7|001|202|20200819|00:00|1.99||||||||||||||.0365|
RD|I|40|143|1127|43503|6|7|001|202|20200825|00:00|3.34||||||||||||||.0365|
RD|I|40|143|1127|43503|6|7|001|202|20200831|00:00|1.68||||||||||||||.0364|
RD|I|40|143|1127|43503|6|7|001|202|20200906|00:00|1.79||||||||||||||.0365|
RD|I|40|143|1127|43503|6|7|001|202|20200912|00:00|1.47||||||||||||||.0367|
RD|I|40|143|1127|43503|6|7|001|202|20200918|00:00|1.45||||||||||||||.0364|
RD|I|40|143|1127|43503|6|7|001|202|20200924|00:00|1.59||||||||||||||.0365|
RD|I|40|143|1127|43503|6|7|001|202|20200930|00:00|2.26||||||||||||||.0365|
RD|I|40|143|1127|43503|6|7|001|202|20201006|00:00|2.10||||||||||||||.0366|
RD|I|40|143|1127|43503|6|7|001|202|20201012|00:00|1.59||||||||||||||.0366|
RD|I|40|143|1127|43503|6|7|001|202|20201018|00:00|1.28||||||||||||||.0366|
RD|I|40|143|1127|43503|6|7|001|202|20201020|00:00|0.915||||||||||||||.0366|
RD|I|40|143|1127|43503|6|7|001|202|20201024|00:00|0.632||||||||||||||.0366|
RD|I|40|143|1127|43503|6|7|001|202|20201030|00:00|1.58||||||||||||||.0366|
RD|I|40|143|1127|43503|6|7|001|202|20201105|00:00|2.34||||||||||||||.0369|
RD|I|40|143|1127|43503|6|7|001|202|20201111|00:00|1.09||||||||||||||.0369|
RD|I|40|143|1127|43503|6|7|001|202|20201117|00:00|1.94||||||||||||||.0369|
RD|I|40|143|1127|43503|6|7|001|202|20201123|00:00|0.678||||||||||||||.0369|
RD|I|40|143|1127|43503|6|7|001|202|20201129|00:00|0.683||||||||||||||.0369|
RD|I|40|143|1127|43503|6|7|001|202|20201205|00:00|1.21||||||||||||||.0369|
RD|I|40|143|1127|43503|6|7|001|202|20201211|00:00|1.48||||||||||||||.0369|
RD|I|40|143|1127|43503|6|7|001|202|20201217|00:00|1.49||||||||||||||.0369|
RD|I|40|143|1127|43503|6|7|001|202|20201223|00:00|0.862||||||||||||||.0369|
RD|I|40|143|1127|43503|6|7|001|202|20201229|00:00|0.996||||||||||||||.0369|
RD|I|40|143|1127|43509|6|7|008|149|20200104|00:00|0.0565||||MD||||||||||.144|
RD|I|40|143|1127|43509|6|7|008|149|20200110|00:00|0.184||||SQ||||||||||.144|
RD|I|40|143|1127|43509|6|7|008|149|20200116|00:00|0.485||||||||||||||.144|
RD|I|40|143|1127|43509|6|7|008|149|20200122|00:00|0.472||||||||||||||.144|
RD|I|40|143|1127|43509|6|7|008|149|20200128|00:00|0.398||||SQ||||||||||.144|
RD|I|40|143|1127|43509|6|7|008|149|20200203|00:00|0.0955||||MD||||||||||.144|
RD|I|40|143|1127|43509|6|7|008|149|20200209|00:00|0.503||||||||||||||.144|
RD|I|40|143|1127|43509|6|7|008|149|20200215|00:00|0.0933||||MD||||||||||.144|
RD|I|40|143|1127|43509|6|7|008|149|20200221|00:00|0.398||||SQ||||||||||.144|
RD|I|40|143|1127|43509|6|7|008|149|20200227|00:00|0.387||||SQ||||||||||.144|
RD|I|40|143|1127|43509|6|7|008|149|20200304|00:00|0.272||||SQ||||||||||.161|
RD|I|40|143|1127|43509|6|7|008|149|20200310|00:00|0.292||||SQ||||||||||.161|
RD|I|40|143|1127|43509|6|7|008|149|20200316|00:00|0.302||||SQ||||||||||.161|
RD|I|40|143|1127|43509|6|7|008|149|20200322|00:00|0.339||||SQ||||||||||.161|
RD|I|40|143|1127|43509|6|7|008|149|20200328|00:00|0.400||||SQ||||||||||.161|
RD|I|40|143|1127|43509|6|7|008|149|20200403|00:00|0.599||||||||||||||.161|
RD|I|40|143|1127|43509|6|7|008|149|20200409|00:00|0.300||||SQ||||||||||.161|
RD|I|40|143|1127|43509|6|7|008|149|20200415|00:00|0.269||||SQ||||||||||.161|
RD|I|40|143|1127|43509|6|7|008|149|20200421|00:00|0.444||||SQ||||||||||.161|
RD|I|40|143|1127|43509|6|7|008|149|20200427|00:00|0.252||||SQ||||||||||.161|
RD|I|40|143|1127|43509|6|7|008|149|20200503|00:00|0.715||||||||||||||.161|
RD|I|40|143|1127|43509|6|7|008|149|20200509|00:00|0.350||||SQ||||||||||.161|
RD|I|40|143|1127|43509|6|7|008|149|20200515|00:00|0.534||||||||||||||.161|
RD|I|40|143|1127|43509|6|7|008|149|20200521|00:00|0.169||||SQ||||||||||.161|
RD|I|40|143|1127|43509|6|7|008|149|20200527|00:00|0.483||||SQ||||||||||.161|
RD|I|40|143|1127|43509|6|7|008|149|20200602|00:00||BH|||||||||||||.161|
RD|I|40|143|1127|43509|6|7|008|149|20200608|00:00|0.678||||||||||||||.161|
RD|I|40|143|1127|43509|6|7|008|149|20200614|00:00|0.880||||||||||||||.161|
RD|I|40|143|1127|43509|6|7|008|149|20200620|00:00|0.679||||||||||||||.161|
RD|I|40|143|1127|43509|6|7|008|149|20200626|00:00|0.218||||SQ||||||||||.161|
RD|I|40|143|1127|43509|6|7|008|149|20200702|00:00|0.663||||||||||||||.161|
RD|I|40|143|1127|43509|6|7|008|149|20200708|00:00||BH|||||||||||||.161|
RD|I|40|143|1127|43509|6|7|008|149|20200714|00:00||BH|||||||||||||.161|
RD|I|40|143|1127|43509|6|7|008|149|20200720|00:00|0.788||||||||||||||.161|
RD|I|40|143|1127|43509|6|7|008|149|20200726|00:00||BH|||||||||||||.161|
RD|I|40|143|1127|43509|6|7|008|149|20200801|00:00|0.271||||SQ||||||||||.161|
RD|I|40|143|1127|43509|6|7|008|149|20200807|00:00||AN||||||||||||||
RD|I|40|143|1127|43509|6|7|008|149|20200813|00:00|0.400||||SQ||||||||||.161|
RD|I|40|143|1127|43509|6|7|008|149|20200816|00:00|0.154||||MD||||||||||.161|
RD|I|40|143|1127|43509|6|7|008|149|20200819|00:00|0.267||||SQ||||||||||.161|
RD|I|40|143|1127|43509|6|7|008|149|20200825|00:00|0.174||||SQ||||||||||.161|
RD|I|40|143|1127|43509|6|7|008|149|20200831|00:00||AL||||||||||||||
RD|I|40|143|1127|43509|6|7|008|149|20200906|00:00|0.850||||||||||||||.161|
RD|I|40|143|1127|43509|6|7|008|149|20200912|00:00|0.781||||||||||||||.161|
RD|I|40|143|1127|43509|6|7|008|149|20200918|00:00||BH|||||||||||||.161|
RD|I|40|143|1127|43509|6|7|008|149|20200924|00:00|0.831||||||||||||||.161|
RD|I|40|143|1127|43509|6|7|008|149|20200930|00:00|0.341||||SQ||||||||||.161|
RD|I|40|143|1127|43509|6|7|008|149|20201006|00:00|0.520||||||||||||||.161|
RD|I|40|143|1127|43509|6|7|008|149|20201012|00:00|0.116||||MD||||||||||.161|
RD|I|40|143|1127|43509|6|7|008|149|20201018|00:00|0.120||||MD||||||||||.161|
RD|I|40|143|1127|43509|6|7|008|149|20201020|00:00|0.0906||||MD||||||||||.161|
RD|I|40|143|1127|43509|6|7|008|149|20201024|00:00|0.405||||SQ||||||||||.161|
RD|I|40|143|1127|43509|6|7|008|149|20201030|00:00|0.361||||SQ||||||||||.161|
RD|I|40|143|1127|43509|6|7|008|149|20201105|00:00|0.315||||SQ||||||||||.161|
RD|I|40|143|1127|43509|6|7|008|149|20201111|00:00|0.434||||SQ||||||||||.161|
RD|I|40|143|1127|43509|6|7|008|149|20201117|00:00|0.0927||||MD||||||||||.161|
RD|I|40|143|1127|43509|6|7|008|149|20201123|00:00|0.395||||SQ||||||||||.161|
RD|I|40|143|1127|43509|6|7|008|149|20201129|00:00|0.488||||SQ||||||||||.161|
RD|I|40|143|1127|43509|6|7|008|149|20201211|00:00|0.0993||||MD||||||||||.161|
RD|I|40|143|1127|43509|6|7|008|149|20201217|00:00|0.250||||SQ||||||||||.161|
RD|I|40|143|1127|43509|6|7|008|149|20201223|00:00|0.0814||||MD||||||||||.161|
RD|I|40|143|1127|43509|6|7|008|149|20201229|00:00|0.0945||||MD||||||||||.161|
RD|I|40|143|1127|43704|6|7|008|149|20200104|00:00|0||||||||||||||.0219|
RD|I|40|143|1127|43704|6|7|008|149|20200110|00:00|0||||||||||||||.0219|
RD|I|40|143|1127|43704|6|7|008|149|20200116|00:00|0||||||||||||||.0219|
RD|I|40|143|1127|43704|6|7|008|149|20200122|00:00|0||||||||||||||.0219|
RD|I|40|143|1127|43704|6|7|008|149|20200128|00:00|0||||||||||||||.0219|
RD|I|40|143|1127|43704|6|7|008|149|20200203|00:00|0||||||||||||||.0219|
RD|I|40|143|1127|43704|6|7|008|149|20200209|00:00|0||||||||||||||.0219|
RD|I|40|143|1127|43704|6|7|008|149|20200215|00:00|0||||||||||||||.0219|
RD|I|40|143|1127|43704|6|7|008|149|20200221|00:00|0||||||||||||||.0219|
RD|I|40|143|1127|43704|6|7|008|149|20200227|00:00|0||||||||||||||.0219|
RD|I|40|143|1127|43704|6|7|008|149|20200304|00:00|0||||||||||||||.0109|
RD|I|40|143|1127|43704|6|7|008|149|20200310|00:00|0||||||||||||||.0109|
RD|I|40|143|1127|43704|6|7|008|149|20200316|00:00|0||||||||||||||.0109|
RD|I|40|143|1127|43704|6|7|008|149|20200322|00:00|0||||||||||||||.0109|
RD|I|40|143|1127|43704|6|7|008|149|20200328|00:00|0||||||||||||||.0109|
RD|I|40|143|1127|43704|6|7|008|149|20200403|00:00|0.0371||||||||||||||.0109|
RD|I|40|143|1127|43704|6|7|008|149|20200409|00:00|0||||ND||||||||||.0109|
RD|I|40|143|1127|43704|6|7|008|149|20200415|00:00|0||||ND||||||||||.0109|
RD|I|40|143|1127|43704|6|7|008|149|20200421|00:00|0||||ND||||||||||.0109|
RD|I|40|143|1127|43704|6|7|008|149|20200427|00:00|0||||ND||||||||||.0109|
RD|I|40|143|1127|43704|6|7|008|149|20200503|00:00|0||||ND||||||||||.0109|
RD|I|40|143|1127|43704|6|7|008|149|20200509|00:00|0||||ND||||||||||.0109|
RD|I|40|143|1127|43704|6|7|008|149|20200515|00:00|0||||ND||||||||||.0109|
RD|I|40|143|1127|43704|6|7|008|149|20200521|00:00|0||||ND||||||||||.0109|
RD|I|40|143|1127|43704|6|7|008|149|20200527|00:00|0||||ND||||||||||.0109|
RD|I|40|143|1127|43704|6|7|008|149|20200602|00:00|0||||ND||||||||||.0109|
RD|I|40|143|1127|43704|6|7|008|149|20200608|00:00|0||||ND||||||||||.0109|
RD|I|40|143|1127|43704|6|7|008|149|20200614|00:00|0||||ND||||||||||.0109|
RD|I|40|143|1127|43704|6|7|008|149|20200620|00:00|0||||ND||||||||||.0109|
RD|I|40|143|1127|43704|6|7|008|149|20200626|00:00|0||||ND||||||||||.0109|
RD|I|40|143|1127|43704|6|7|008|149|20200702|00:00|0||||ND||||||||||.0109|
RD|I|40|143|1127|43704|6|7|008|149|20200708|00:00|0||||ND||||||||||.0109|
RD|I|40|143|1127|43704|6|7|008|149|20200714|00:00|0||||ND||||||||||.0109|
RD|I|40|143|1127|43704|6|7|008|149|20200720|00:00|0||||ND||||||||||.0109|
RD|I|40|143|1127|43704|6|7|008|149|20200726|00:00|0||||ND||||||||||.0109|
RD|I|40|143|1127|43704|6|7|008|149|20200801|00:00|0||||ND||||||||||.0109|
RD|I|40|143|1127|43704|6|7|008|149|20200807|00:00||AN||||||||||||||
RD|I|40|143|1127|43704|6|7|008|149|20200813|00:00|0||||ND||||||||||.0109|
RD|I|40|143|1127|43704|6|7|008|149|20200816|00:00|0||||ND||||||||||.0109|
RD|I|40|143|1127|43704|6|7|008|149|20200819|00:00|0||||ND||||||||||.0109|
RD|I|40|143|1127|43704|6|7|008|149|20200825|00:00|0||||ND||||||||||.0109|
RD|I|40|143|1127|43704|6|7|008|149|20200831|00:00||AL||||||||||||||
RD|I|40|143|1127|43704|6|7|008|149|20200906|00:00|0||||ND||||||||||.0109|
RD|I|40|143|1127|43704|6|7|008|149|20200912|00:00|0||||ND||||||||||.0109|
RD|I|40|143|1127|43704|6|7|008|149|20200918|00:00|0||||ND||||||||||.0109|
RD|I|40|143|1127|43704|6|7|008|149|20200924|00:00|0||||ND||||||||||.0109|
RD|I|40|143|1127|43704|6|7|008|149|20200930|00:00|0||||ND||||||||||.0109|
RD|I|40|143|1127|43704|6|7|008|149|20201006|00:00|0||||ND||||||||||.0109|
RD|I|40|143|1127|43704|6|7|008|149|20201012|00:00|0||||ND||||||||||.0109|
RD|I|40|143|1127|43704|6|7|008|149|20201018|00:00|0||||ND||||||||||.0109|
RD|I|40|143|1127|43704|6|7|008|149|20201020|00:00|0||||ND||||||||||.0109|
RD|I|40|143|1127|43704|6|7|008|149|20201024|00:00|0||||ND||||||||||.0109|
RD|I|40|143|1127|43704|6|7|008|149|20201030|00:00|0||||ND||||||||||.0109|
RD|I|40|143|1127|43704|6|7|008|149|20201105|00:00|0||||ND||||||||||.0109|
RD|I|40|143|1127|43704|6|7|008|149|20201111|00:00|0||||ND||||||||||.0109|
RD|I|40|143|1127|43704|6|7|008|149|20201117|00:00|0||||ND||||||||||.0109|
RD|I|40|143|1127|43704|6|7|008|149|20201123|00:00|0||||ND||||||||||.0109|
RD|I|40|143|1127|43704|6|7|008|149|20201129|00:00|0||||ND||||||||||.0109|
RD|I|40|143|1127|43704|6|7|008|149|20201211|00:00|0||||ND||||||||||.0109|
RD|I|40|143|1127|43704|6|7|008|149|20201217|00:00|0||||ND||||||||||.0109|
RD|I|40|143|1127|43704|6|7|008|149|20201223|00:00|0||||ND||||||||||.0109|
RD|I|40|143|1127|43704|6|7|008|149|20201229|00:00|0||||ND||||||||||.0109|
RD|I|40|143|1127|43802|6|7|008|149|20200104|00:00|0.110||||SQ||||||||||.0512|
RD|I|40|143|1127|43802|6|7|008|149|20200110|00:00|0.120||||SQ||||||||||.0512|
RD|I|40|143|1127|43802|6|7|008|149|20200116|00:00|0.0790||||SQ||||||||||.0512|
RD|I|40|143|1127|43802|6|7|008|149|20200122|00:00|0.0991||||SQ||||||||||.0512|
RD|I|40|143|1127|43802|6|7|008|149|20200128|00:00|0.0897||||SQ||||||||||.0512|
RD|I|40|143|1127|43802|6|7|008|149|20200203|00:00|0.178||||||||||||||.0512|
RD|I|40|143|1127|43802|6|7|008|149|20200209|00:00|0.0928||||SQ||||||||||.0512|
RD|I|40|143|1127|43802|6|7|008|149|20200215|00:00|0.0993||||SQ||||||||||.0512|
RD|I|40|143|1127|43802|6|7|008|149|20200221|00:00|0.133||||SQ||||||||||.0512|
RD|I|40|143|1127|43802|6|7|008|149|20200227|00:00|0.242||||||||||||||.0512|
RD|I|40|143|1127|43802|6|7|008|149|20200304|00:00|0.0919||||||||||||||.0167|
RD|I|40|143|1127|43802|6|7|008|149|20200310|00:00|0.113||||||||||||||.0167|
RD|I|40|143|1127|43802|6|7|008|149|20200316|00:00|0.151||||QX||||||||||.0167|
RD|I|40|143|1127|43802|6|7|008|149|20200322|00:00|0.160||||||||||||||.0167|
RD|I|40|143|1127|43802|6|7|008|149|20200328|00:00|0.122||||||||||||||.0167|
RD|I|40|143|1127|43802|6|7|008|149|20200403|00:00|0.170||||||||||||||.0167|
RD|I|40|143|1127|43802|6|7|008|149|20200409|00:00|0.0737||||||||||||||.0167|
RD|I|40|143|1127|43802|6|7|008|149|20200415|00:00|0.0734||||||||||||||.0167|
RD|I|40|143|1127|43802|6|7|008|149|20200421|00:00|0.136||||||||||||||.0167|
RD|I|40|143|1127|43802|6|7|008|149|20200427|00:00|0.132||||||||||||||.0167|
RD|I|40|143|1127|43802|6|7|008|149|20200503|00:00|0.0940||||||||||||||.0167|
RD|I|40|143|1127|43802|6|7|008|149|20200509|00:00|0.0904||||||||||||||.0167|
RD|I|40|143|1127|43802|6|7|008|149|20200515|00:00|0.0783||||||||||||||.0167|
RD|I|40|143|1127|43802|6|7|008|149|20200521|00:00|0.124||||||||||||||.0167|
RD|I|40|143|1127|43802|6|7|008|149|20200527|00:00|0.0996||||||||||||||.0167|
RD|I|40|143|1127|43802|6|7|008|149|20200602|00:00|0.0879||||||||||||||.0167|
RD|I|40|143|1127|43802|6|7|008|149|20200608|00:00|0.0741||||||||||||||.0167|
RD|I|40|143|1127|43802|6|7|008|149|20200614|00:00|0.0823||||||||||||||.0167|
RD|I|40|143|1127|43802|6|7|008|149|20200620|00:00|0.127||||||||||||||.0167|
RD|I|40|143|1127|43802|6|7|008|149|20200626|00:00|0.0886||||||||||||||.0167|
RD|I|40|143|1127|43802|6|7|008|149|20200702|00:00|0.0557||||||||||||||.0167|
RD|I|40|143|1127|43802|6|7|008|149|20200708|00:00|0.226||||||||||||||.0167|
RD|I|40|143|1127|43802|6|7|008|149|20200714|00:00|0.374||||||||||||||.0167|
RD|I|40|143|1127|43802|6|7|008|149|20200720|00:00|0.0656||||||||||||||.0167|
RD|I|40|143|1127|43802|6|7|008|149|20200726|00:00|0.0527||||SQ||||||||||.0167|
RD|I|40|143|1127|43802|6|7|008|149|20200801|00:00|0.138||||||||||||||.0167|
RD|I|40|143|1127|43802|6|7|008|149|20200807|00:00||AN||||||||||||||
RD|I|40|143|1127|43802|6|7|008|149|20200813|00:00|0.0712||||||||||||||.0167|
RD|I|40|143|1127|43802|6|7|008|149|20200816|00:00|0.0619||||||||||||||.0167|
RD|I|40|143|1127|43802|6|7|008|149|20200819|00:00|0.0644||||||||||||||.0167|
RD|I|40|143|1127|43802|6|7|008|149|20200825|00:00|0.0893||||||||||||||.0167|
RD|I|40|143|1127|43802|6|7|008|149|20200831|00:00||AL||||||||||||||
RD|I|40|143|1127|43802|6|7|008|149|20200906|00:00|0.0514||||SQ||||||||||.0167|
RD|I|40|143|1127|43802|6|7|008|149|20200912|00:00|0.285||||||||||||||.0167|
RD|I|40|143|1127|43802|6|7|008|149|20200918|00:00|0.0742||||||||||||||.0167|
RD|I|40|143|1127|43802|6|7|008|149|20200924|00:00|0.146||||||||||||||.0167|
RD|I|40|143|1127|43802|6|7|008|149|20200930|00:00|0.0854||||||||||||||.0167|
RD|I|40|143|1127|43802|6|7|008|149|20201006|00:00|0.294||||||||||||||.0167|
RD|I|40|143|1127|43802|6|7|008|149|20201012|00:00|0.0911||||||||||||||.0167|
RD|I|40|143|1127|43802|6|7|008|149|20201018|00:00|0.0916||||||||||||||.0167|
RD|I|40|143|1127|43802|6|7|008|149|20201020|00:00|0.106||||||||||||||.0167|
RD|I|40|143|1127|43802|6|7|008|149|20201024|00:00|0.101||||||||||||||.0167|
RD|I|40|143|1127|43802|6|7|008|149|20201030|00:00|0.104||||||||||||||.0167|
RD|I|40|143|1127|43802|6|7|008|149|20201105|00:00|0.499||||||||||||||.0167|
RD|I|40|143|1127|43802|6|7|008|149|20201111|00:00|0.0751||||||||||||||.0167|
RD|I|40|143|1127|43802|6|7|008|149|20201117|00:00|0.0918||||||||||||||.0167|
RD|I|40|143|1127|43802|6|7|008|149|20201123|00:00|0.123||||||||||||||.0167|
RD|I|40|143|1127|43802|6|7|008|149|20201129|00:00|0.0805||||||||||||||.0167|
RD|I|40|143|1127|43802|6|7|008|149|20201211|00:00|0.154||||||||||||||.0167|
RD|I|40|143|1127|43802|6|7|008|149|20201217|00:00|0.553||||||||||||||.0167|
RD|I|40|143|1127|43802|6|7|008|149|20201223|00:00|0.165||||||||||||||.0167|
RD|I|40|143|1127|43802|6|7|008|149|20201229|00:00|0.162||||||||||||||.0167|
RD|I|40|143|1127|43803|6|7|008|149|20200104|00:00|0.0176||||SQ||||||||||.0083|
RD|I|40|143|1127|43803|6|7|008|149|20200110|00:00|0.0221||||SQ||||||||||.0083|
RD|I|40|143|1127|43803|6|7|008|149|20200116|00:00|0.0157||||SQ||||||||||.0083|
RD|I|40|143|1127|43803|6|7|008|149|20200122|00:00|0.0171||||SQ||||||||||.0083|
RD|I|40|143|1127|43803|6|7|008|149|20200128|00:00|0.0156||||SQ||||||||||.0083|
RD|I|40|143|1127|43803|6|7|008|149|20200203|00:00|0.0162||||SQ||||||||||.0083|
RD|I|40|143|1127|43803|6|7|008|149|20200209|00:00|0.0170||||SQ||||||||||.0083|
RD|I|40|143|1127|43803|6|7|008|149|20200215|00:00|0.0192||||SQ||||||||||.0083|
RD|I|40|143|1127|43803|6|7|008|149|20200221|00:00|0.0191||||SQ||||||||||.0083|
RD|I|40|143|1127|43803|6|7|008|149|20200227|00:00|0.0183||||SQ||||||||||.0083|
RD|I|40|143|1127|43803|6|7|008|149|20200304|00:00|0.0263||||SQ||||||||||.0142|
RD|I|40|143|1127|43803|6|7|008|149|20200310|00:00|0.0173||||SQ||||||||||.0142|
RD|I|40|143|1127|43803|6|7|008|149|20200316|00:00|0.0185||||SQ||||||||||.0142|
RD|I|40|143|1127|43803|6|7|008|149|20200322|00:00|0.0204||||SQ||||||||||.0142|
RD|I|40|143|1127|43803|6|7|008|149|20200328|00:00|0.0168||||SQ||||||||||.0142|
RD|I|40|143|1127|43803|6|7|008|149|20200403|00:00|0.0187||||SQ||||||||||.0142|
RD|I|40|143|1127|43803|6|7|008|149|20200409|00:00|0.0177||||SQ||||||||||.0142|
RD|I|40|143|1127|43803|6|7|008|149|20200415|00:00|0.0188||||SQ||||||||||.0142|
RD|I|40|143|1127|43803|6|7|008|149|20200421|00:00|0.0291||||SQ||||||||||.0142|
RD|I|40|143|1127|43803|6|7|008|149|20200427|00:00|0.0187||||SQ||||||||||.0142|
RD|I|40|143|1127|43803|6|7|008|149|20200503|00:00|0.0190||||SQ||||||||||.0142|
RD|I|40|143|1127|43803|6|7|008|149|20200509|00:00|0.0229||||SQ||||||||||.0142|
RD|I|40|143|1127|43803|6|7|008|149|20200515|00:00|0.0161||||SQ||||||||||.0142|
RD|I|40|143|1127|43803|6|7|008|149|20200521|00:00|0.0199||||SQ||||||||||.0142|
RD|I|40|143|1127|43803|6|7|008|149|20200527|00:00|0.0201||||SQ||||||||||.0142|
RD|I|40|143|1127|43803|6|7|008|149|20200602|00:00|0.0250||||SQ||||||||||.0142|
RD|I|40|143|1127|43803|6|7|008|149|20200608|00:00|0.0292||||SQ||||||||||.0142|
RD|I|40|143|1127|43803|6|7|008|149|20200614|00:00|0.0298||||SQ||||||||||.0142|
RD|I|40|143|1127|43803|6|7|008|149|20200620|00:00|0.0186||||SQ||||||||||.0142|
RD|I|40|143|1127|43803|6|7|008|149|20200626|00:00|0.0186||||SQ||||||||||.0142|
RD|I|40|143|1127|43803|6|7|008|149|20200702|00:00|0.0204||||SQ||||||||||.0142|
RD|I|40|143|1127|43803|6|7|008|149|20200708|00:00|0.0229||||SQ||||||||||.0142|
RD|I|40|143|1127|43803|6|7|008|149|20200714|00:00|0.0168||||SQ||||||||||.0142|
RD|I|40|143|1127|43803|6|7|008|149|20200720|00:00|0.0245||||SQ||||||||||.0142|
RD|I|40|143|1127|43803|6|7|008|149|20200726|00:00|0.0165||||SQ||||||||||.0142|
RD|I|40|143|1127|43803|6|7|008|149|20200801|00:00|0.0212||||SQ||||||||||.0142|
RD|I|40|143|1127|43803|6|7|008|149|20200807|00:00||AN||||||||||||||
RD|I|40|143|1127|43803|6|7|008|149|20200813|00:00|0.0155||||SQ||||||||||.0142|
RD|I|40|143|1127|43803|6|7|008|149|20200816|00:00|0.0191||||SQ||||||||||.0142|
RD|I|40|143|1127|43803|6|7|008|149|20200819|00:00|0.0221||||SQ||||||||||.0142|
RD|I|40|143|1127|43803|6|7|008|149|20200825|00:00|0.0328||||SQ||||||||||.0142|
RD|I|40|143|1127|43803|6|7|008|149|20200831|00:00||AL||||||||||||||
RD|I|40|143|1127|43803|6|7|008|149|20200906|00:00|0.0168||||SQ||||||||||.0142|
RD|I|40|143|1127|43803|6|7|008|149|20200912|00:00|0.0272||||SQ||||||||||.0142|
RD|I|40|143|1127|43803|6|7|008|149|20200918|00:00|0.0204||||SQ||||||||||.0142|
RD|I|40|143|1127|43803|6|7|008|149|20200924|00:00|0.0337||||SQ||||||||||.0142|
RD|I|40|143|1127|43803|6|7|008|149|20200930|00:00|0.0223||||SQ||||||||||.0142|
RD|I|40|143|1127|43803|6|7|008|149|20201006|00:00|0.0245||||SQ||||||||||.0142|
RD|I|40|143|1127|43803|6|7|008|149|20201012|00:00|0.0228||||SQ||||||||||.0142|
RD|I|40|143|1127|43803|6|7|008|149|20201018|00:00|0.0180||||SQ||||||||||.0142|
RD|I|40|143|1127|43803|6|7|008|149|20201020|00:00|0.0199||||SQ||||||||||.0142|
RD|I|40|143|1127|43803|6|7|008|149|20201024|00:00|0.0211||||SQ||||||||||.0142|
RD|I|40|143|1127|43803|6|7|008|149|20201030|00:00|0.0297||||SQ||||||||||.0142|
RD|I|40|143|1127|43803|6|7|008|149|20201105|00:00|0.0236||||SQ||||||||||.0142|
RD|I|40|143|1127|43803|6|7|008|149|20201111|00:00|0.0233||||SQ||||||||||.0142|
RD|I|40|143|1127|43803|6|7|008|149|20201117|00:00|0.0339||||SQ||||||||||.0142|
RD|I|40|143|1127|43803|6|7|008|149|20201123|00:00|0.0208||||SQ||||||||||.0142|
RD|I|40|143|1127|43803|6|7|008|149|20201129|00:00|0.0180||||SQ||||||||||.0142|
RD|I|40|143|1127|43803|6|7|008|149|20201211|00:00||BH|||||||||||||.0142|
RD|I|40|143|1127|43803|6|7|008|149|20201217|00:00||BH|||||||||||||.0142|
RD|I|40|143|1127|43803|6|7|008|149|20201223|00:00|0.0158||||SQ||||||||||.0142|
RD|I|40|143|1127|43803|6|7|008|149|20201229|00:00|0.0157||||SQ||||||||||.0142|
RD|I|40|143|1127|43804|6|7|008|149|20200104|00:00|0.117||||||||||||||.0109|
RD|I|40|143|1127|43804|6|7|008|149|20200110|00:00|0.105||||||||||||||.0109|
RD|I|40|143|1127|43804|6|7|008|149|20200116|00:00|0.103||||||||||||||.0109|
RD|I|40|143|1127|43804|6|7|008|149|20200122|00:00|0.105||||||||||||||.0109|
RD|I|40|143|1127|43804|6|7|008|149|20200128|00:00|0.107||||||||||||||.0109|
RD|I|40|143|1127|43804|6|7|008|149|20200203|00:00|0.112||||||||||||||.0109|
RD|I|40|143|1127|43804|6|7|008|149|20200209|00:00|0.108||||||||||||||.0109|
RD|I|40|143|1127|43804|6|7|008|149|20200215|00:00|0.111||||||||||||||.0109|
RD|I|40|143|1127|43804|6|7|008|149|20200221|00:00|0.0719||||||||||||||.0109|
RD|I|40|143|1127|43804|6|7|008|149|20200227|00:00|0.0941||||||||||||||.0109|
RD|I|40|143|1127|43804|6|7|008|149|20200304|00:00|0.113||||||||||||||.0175|
RD|I|40|143|1127|43804|6|7|008|149|20200310|00:00|0.114||||||||||||||.0175|
RD|I|40|143|1127|43804|6|7|008|149|20200316|00:00|0.112||||||||||||||.0175|
RD|I|40|143|1127|43804|6|7|008|149|20200322|00:00|0.106||||||||||||||.0175|
RD|I|40|143|1127|43804|6|7|008|149|20200328|00:00|0.121||||||||||||||.0175|
RD|I|40|143|1127|43804|6|7|008|149|20200403|00:00|0.0975||||||||||||||.0175|
RD|I|40|143|1127|43804|6|7|008|149|20200409|00:00|0.0996||||||||||||||.0175|
RD|I|40|143|1127|43804|6|7|008|149|20200415|00:00|0.0768||||||||||||||.0175|
RD|I|40|143|1127|43804|6|7|008|149|20200421|00:00|0.0967||||||||||||||.0175|
RD|I|40|143|1127|43804|6|7|008|149|20200427|00:00|0.0997||||||||||||||.0175|
RD|I|40|143|1127|43804|6|7|008|149|20200503|00:00|0.0985||||||||||||||.0175|
RD|I|40|143|1127|43804|6|7|008|149|20200509|00:00|0.0953||||||||||||||.0175|
RD|I|40|143|1127|43804|6|7|008|149|20200515|00:00|0.0962||||||||||||||.0175|
RD|I|40|143|1127|43804|6|7|008|149|20200521|00:00|0.103||||||||||||||.0175|
RD|I|40|143|1127|43804|6|7|008|149|20200527|00:00|0.0675||||||||||||||.0175|
RD|I|40|143|1127|43804|6|7|008|149|20200602|00:00|0.0769||||||||||||||.0175|
RD|I|40|143|1127|43804|6|7|008|149|20200608|00:00|0.0733||||||||||||||.0175|
RD|I|40|143|1127|43804|6|7|008|149|20200614|00:00|0.104||||||||||||||.0175|
RD|I|40|143|1127|43804|6|7|008|149|20200620|00:00|0.107||||||||||||||.0175|
RD|I|40|143|1127|43804|6|7|008|149|20200626|00:00|0.0728||||||||||||||.0175|
RD|I|40|143|1127|43804|6|7|008|149|20200702|00:00|0.0704||||||||||||||.0175|
RD|I|40|143|1127|43804|6|7|008|149|20200708|00:00|0.0859||||||||||||||.0175|
RD|I|40|143|1127|43804|6|7|008|149|20200714|00:00|0.0832||||||||||||||.0175|
RD|I|40|143|1127|43804|6|7|008|149|20200720|00:00|0.0876||||||||||||||.0175|
RD|I|40|143|1127|43804|6|7|008|149|20200726|00:00|0.0920||||||||||||||.0175|
RD|I|40|143|1127|43804|6|7|008|149|20200801|00:00|0.0933||||||||||||||.0175|
RD|I|40|143|1127|43804|6|7|008|149|20200807|00:00||AN||||||||||||||
RD|I|40|143|1127|43804|6|7|008|149|20200813|00:00|0.0967||||||||||||||.0175|
RD|I|40|143|1127|43804|6|7|008|149|20200816|00:00|0.102||||||||||||||.0175|
RD|I|40|143|1127|43804|6|7|008|149|20200819|00:00|0.0912||||||||||||||.0175|
RD|I|40|143|1127|43804|6|7|008|149|20200825|00:00|0.103||||||||||||||.0175|
RD|I|40|143|1127|43804|6|7|008|149|20200831|00:00||AL||||||||||||||
RD|I|40|143|1127|43804|6|7|008|149|20200906|00:00|0.0797||||||||||||||.0175|
RD|I|40|143|1127|43804|6|7|008|149|20200912|00:00|0.106||||||||||||||.0175|
RD|I|40|143|1127|43804|6|7|008|149|20200918|00:00|0.102||||||||||||||.0175|
RD|I|40|143|1127|43804|6|7|008|149|20200924|00:00|0.0873||||||||||||||.0175|
RD|I|40|143|1127|43804|6|7|008|149|20200930|00:00|0.0693||||||||||||||.0175|
RD|I|40|143|1127|43804|6|7|008|149|20201006|00:00|0.0841||||||||||||||.0175|
RD|I|40|143|1127|43804|6|7|008|149|20201012|00:00|0.0954||||||||||||||.0175|
RD|I|40|143|1127|43804|6|7|008|149|20201018|00:00|0.0938||||||||||||||.0175|
RD|I|40|143|1127|43804|6|7|008|149|20201020|00:00|0.0930||||||||||||||.0175|
RD|I|40|143|1127|43804|6|7|008|149|20201024|00:00|0.0963||||||||||||||.0175|
RD|I|40|143|1127|43804|6|7|008|149|20201030|00:00|0.0937||||||||||||||.0175|
RD|I|40|143|1127|43804|6|7|008|149|20201105|00:00|0.0814||||||||||||||.0175|
RD|I|40|143|1127|43804|6|7|008|149|20201111|00:00|0.0979||||||||||||||.0175|
RD|I|40|143|1127|43804|6|7|008|149|20201117|00:00|0.100||||||||||||||.0175|
RD|I|40|143|1127|43804|6|7|008|149|20201123|00:00|0.0790||||||||||||||.0175|
RD|I|40|143|1127|43804|6|7|008|149|20201129|00:00|0.0773||||||||||||||.0175|
RD|I|40|143|1127|43804|6|7|008|149|20201211|00:00|0.0918||||||||||||||.0175|
RD|I|40|143|1127|43804|6|7|008|149|20201217|00:00|0.0806||||||||||||||.0175|
RD|I|40|143|1127|43804|6|7|008|149|20201223|00:00|0.0819||||||||||||||.0175|
RD|I|40|143|1127|43804|6|7|008|149|20201229|00:00|0.0823||||||||||||||.0175|
RD|I|40|143|1127|43815|6|7|008|149|20200104|00:00|0.0220||||SQ||||||||||.0086|
RD|I|40|143|1127|43815|6|7|008|149|20200110|00:00|0.0258||||SQ||||||||||.0086|
RD|I|40|143|1127|43815|6|7|008|149|20200116|00:00|0.0217||||SQ||||||||||.0086|
RD|I|40|143|1127|43815|6|7|008|149|20200122|00:00|0.0223||||SQ||||||||||.0086|
RD|I|40|143|1127|43815|6|7|008|149|20200128|00:00|0.0228||||SQ||||||||||.0086|
RD|I|40|143|1127|43815|6|7|008|149|20200203|00:00|0.0224||||SQ||||||||||.0086|
RD|I|40|143|1127|43815|6|7|008|149|20200209|00:00|0.0237||||SQ||||||||||.0086|
RD|I|40|143|1127|43815|6|7|008|149|20200215|00:00|0.0253||||SQ||||||||||.0086|
RD|I|40|143|1127|43815|6|7|008|149|20200221|00:00|0.0376||||||||||||||.0086|
RD|I|40|143|1127|43815|6|7|008|149|20200227|00:00|0.0263||||SQ||||||||||.0086|
RD|I|40|143|1127|43815|6|7|008|149|20200304|00:00|0.0312||||SQ||||||||||.0107|
RD|I|40|143|1127|43815|6|7|008|149|20200310|00:00|0.0208||||SQ||||||||||.0107|
RD|I|40|143|1127|43815|6|7|008|149|20200316|00:00|0.0239||||SQ||||||||||.0107|
RD|I|40|143|1127|43815|6|7|008|149|20200322|00:00|0.0254||||SQ||||||||||.0107|
RD|I|40|143|1127|43815|6|7|008|149|20200328|00:00|0.0232||||SQ||||||||||.0107|
RD|I|40|143|1127|43815|6|7|008|149|20200403|00:00|0.0233||||SQ||||||||||.0107|
RD|I|40|143|1127|43815|6|7|008|149|20200409|00:00|0.0216||||SQ||||||||||.0107|
RD|I|40|143|1127|43815|6|7|008|149|20200415|00:00|0.0216||||SQ||||||||||.0107|
RD|I|40|143|1127|43815|6|7|008|149|20200421|00:00|0.0332||||SQ||||||||||.0107|
RD|I|40|143|1127|43815|6|7|008|149|20200427|00:00|0.0268||||SQ||||||||||.0107|
RD|I|40|143|1127|43815|6|7|008|149|20200503|00:00|0.0204||||SQ||||||||||.0107|
RD|I|40|143|1127|43815|6|7|008|149|20200509|00:00|0.0256||||SQ||||||||||.0107|
RD|I|40|143|1127|43815|6|7|008|149|20200515|00:00|0.0177||||SQ||||||||||.0107|
RD|I|40|143|1127|43815|6|7|008|149|20200521|00:00|0.0168||||SQ||||||||||.0107|
RD|I|40|143|1127|43815|6|7|008|149|20200527|00:00|0.0191||||SQ||||||||||.0107|
RD|I|40|143|1127|43815|6|7|008|149|20200602|00:00|0.0190||||SQ||||||||||.0107|
RD|I|40|143|1127|43815|6|7|008|149|20200608|00:00|0.0219||||SQ||||||||||.0107|
RD|I|40|143|1127|43815|6|7|008|149|20200614|00:00|0.0223||||SQ||||||||||.0107|
RD|I|40|143|1127|43815|6|7|008|149|20200620|00:00|0.0159||||SQ||||||||||.0107|
RD|I|40|143|1127|43815|6|7|008|149|20200626|00:00|0.0132||||SQ||||||||||.0107|
RD|I|40|143|1127|43815|6|7|008|149|20200702|00:00|0.0122||||SQ||||||||||.0107|
RD|I|40|143|1127|43815|6|7|008|149|20200708|00:00|0.0123||||SQ||||||||||.0107|
RD|I|40|143|1127|43815|6|7|008|149|20200714|00:00|0.00930||||MD||||||||||.0107|
RD|I|40|143|1127|43815|6|7|008|149|20200720|00:00|0.0140||||SQ||||||||||.0107|
RD|I|40|143|1127|43815|6|7|008|149|20200726|00:00|0||||ND||||||||||.0107|
RD|I|40|143|1127|43815|6|7|008|149|20200801|00:00|0.0133||||SQ||||||||||.0107|
RD|I|40|143|1127|43815|6|7|008|149|20200807|00:00||AN||||||||||||||
RD|I|40|143|1127|43815|6|7|008|149|20200813|00:00|0.0112||||SQ||||||||||.0107|
RD|I|40|143|1127|43815|6|7|008|149|20200816|00:00|0.0133||||SQ||||||||||.0107|
RD|I|40|143|1127|43815|6|7|008|149|20200819|00:00|0.0129||||SQ||||||||||.0107|
RD|I|40|143|1127|43815|6|7|008|149|20200825|00:00|0.0207||||SQ||||||||||.0107|
RD|I|40|143|1127|43815|6|7|008|149|20200831|00:00||AL||||||||||||||
RD|I|40|143|1127|43815|6|7|008|149|20200906|00:00|0.00900||||MD||||||||||.0107|
RD|I|40|143|1127|43815|6|7|008|149|20200912|00:00|0.0132||||SQ||||||||||.0107|
RD|I|40|143|1127|43815|6|7|008|149|20200918|00:00|0.0129||||SQ||||||||||.0107|
RD|I|40|143|1127|43815|6|7|008|149|20200924|00:00|0.0155||||SQ||||||||||.0107|
RD|I|40|143|1127|43815|6|7|008|149|20200930|00:00|0.0233||||SQ||||||||||.0107|
RD|I|40|143|1127|43815|6|7|008|149|20201006|00:00|0.0174||||SQ||||||||||.0107|
RD|I|40|143|1127|43815|6|7|008|149|20201012|00:00|0.0233||||SQ||||||||||.0107|
RD|I|40|143|1127|43815|6|7|008|149|20201018|00:00|0.0256||||SQ||||||||||.0107|
RD|I|40|143|1127|43815|6|7|008|149|20201020|00:00|0.0218||||SQ||||||||||.0107|
RD|I|40|143|1127|43815|6|7|008|149|20201024|00:00|0.0197||||SQ||||||||||.0107|
RD|I|40|143|1127|43815|6|7|008|149|20201030|00:00|0.0292||||SQ||||||||||.0107|
RD|I|40|143|1127|43815|6|7|008|149|20201105|00:00|0.0511||||||||||||||.0107|
RD|I|40|143|1127|43815|6|7|008|149|20201111|00:00|0.0231||||SQ||||||||||.0107|
RD|I|40|143|1127|43815|6|7|008|149|20201117|00:00|0.0318||||SQ||||||||||.0107|
RD|I|40|143|1127|43815|6|7|008|149|20201123|00:00|0.0196||||SQ||||||||||.0107|
RD|I|40|143|1127|43815|6|7|008|149|20201129|00:00|0.0178||||SQ||||||||||.0107|
RD|I|40|143|1127|43815|6|7|008|149|20201211|00:00|0.0177||||SQ||||||||||.0107|
RD|I|40|143|1127|43815|6|7|008|149|20201217|00:00|0.0206||||SQ||||||||||.0107|
RD|I|40|143|1127|43815|6|7|008|149|20201223|00:00|0.0192||||SQ||||||||||.0107|
RD|I|40|143|1127|43815|6|7|008|149|20201229|00:00|0.0199||||SQ||||||||||.0107|
RD|I|40|143|1127|43817|6|7|008|149|20200104|00:00|0.00410||||MD||||||||||.0144|
RD|I|40|143|1127|43817|6|7|008|149|20200110|00:00|0.00660||||MD||||||||||.0144|
RD|I|40|143|1127|43817|6|7|008|149|20200116|00:00|0.00520||||MD||||||||||.0144|
RD|I|40|143|1127|43817|6|7|008|149|20200122|00:00|0.00630||||MD||||||||||.0144|
RD|I|40|143|1127|43817|6|7|008|149|20200128|00:00|0.00510||||MD||||||||||.0144|
RD|I|40|143|1127|43817|6|7|008|149|20200203|00:00|0.00710||||MD||||||||||.0144|
RD|I|40|143|1127|43817|6|7|008|149|20200209|00:00|0.00470||||MD||||||||||.0144|
RD|I|40|143|1127|43817|6|7|008|149|20200215|00:00|0.00720||||MD||||||||||.0144|
RD|I|40|143|1127|43817|6|7|008|149|20200221|00:00|0.00980||||MD||||||||||.0144|
RD|I|40|143|1127|43817|6|7|008|149|20200227|00:00|0.00630||||MD||||||||||.0144|
RD|I|40|143|1127|43817|6|7|008|149|20200304|00:00|0.0129||||SQ||||||||||.0124|
RD|I|40|143|1127|43817|6|7|008|149|20200310|00:00|0.00860||||MD||||||||||.0124|
RD|I|40|143|1127|43817|6|7|008|149|20200316|00:00|0.0112||||MD||||||||||.0124|
RD|I|40|143|1127|43817|6|7|008|149|20200322|00:00|0.00570||||MD||||||||||.0124|
RD|I|40|143|1127|43817|6|7|008|149|20200328|00:00|0.00440||||MD||||||||||.0124|
RD|I|40|143|1127|43817|6|7|008|149|20200403|00:00|0.00370||||MD||||||||||.0124|
RD|I|40|143|1127|43817|6|7|008|149|20200409|00:00|0.00330||||MD||||||||||.0124|
RD|I|40|143|1127|43817|6|7|008|149|20200415|00:00|0.00450||||MD||||||||||.0124|
RD|I|40|143|1127|43817|6|7|008|149|20200421|00:00|0.00730||||MD||||||||||.0124|
RD|I|40|143|1127|43817|6|7|008|149|20200427|00:00|0.00480||||MD||||||||||.0124|
RD|I|40|143|1127|43817|6|7|008|149|20200503|00:00|0.00380||||MD||||||||||.0124|
RD|I|40|143|1127|43817|6|7|008|149|20200509|00:00|0.00600||||MD||||||||||.0124|
RD|I|40|143|1127|43817|6|7|008|149|20200515|00:00|0.00730||||MD||||||||||.0124|
RD|I|40|143|1127|43817|6|7|008|149|20200521|00:00|0.0108||||MD||||||||||.0124|
RD|I|40|143|1127|43817|6|7|008|149|20200527|00:00|0.00340||||MD||||||||||.0124|
RD|I|40|143|1127|43817|6|7|008|149|20200602|00:00|0.00760||||MD||||||||||.0124|
RD|I|40|143|1127|43817|6|7|008|149|20200608|00:00|0.0143||||SQ||||||||||.0124|
RD|I|40|143|1127|43817|6|7|008|149|20200614|00:00|0.00540||||MD||||||||||.0124|
RD|I|40|143|1127|43817|6|7|008|149|20200620|00:00|0.00390||||MD||||||||||.0124|
RD|I|40|143|1127|43817|6|7|008|149|20200626|00:00|0.00400||||MD||||||||||.0124|
RD|I|40|143|1127|43817|6|7|008|149|20200702|00:00|0.00490||||MD||||||||||.0124|
RD|I|40|143|1127|43817|6|7|008|149|20200708|00:00|0.00660||||MD||||||||||.0124|
RD|I|40|143|1127|43817|6|7|008|149|20200714|00:00|0.00650||||MD||||||||||.0124|
RD|I|40|143|1127|43817|6|7|008|149|20200720|00:00|0.00380||||MD||||||||||.0124|
RD|I|40|143|1127|43817|6|7|008|149|20200726|00:00|0.00210||||MD||||||||||.0124|
RD|I|40|143|1127|43817|6|7|008|149|20200801|00:00|0.00480||||MD||||||||||.0124|
RD|I|40|143|1127|43817|6|7|008|149|20200807|00:00||AN||||||||||||||
RD|I|40|143|1127|43817|6|7|008|149|20200813|00:00|0.00440||||MD||||||||||.0124|
RD|I|40|143|1127|43817|6|7|008|149|20200816|00:00|0.00350||||MD||||||||||.0124|
RD|I|40|143|1127|43817|6|7|008|149|20200819|00:00|0.00340||||MD||||||||||.0124|
RD|I|40|143|1127|43817|6|7|008|149|20200825|00:00|0.00780||||MD||||||||||.0124|
RD|I|40|143|1127|43817|6|7|008|149|20200831|00:00||AL||||||||||||||
RD|I|40|143|1127|43817|6|7|008|149|20200906|00:00|0.00280||||MD||||||||||.0124|
RD|I|40|143|1127|43817|6|7|008|149|20200912|00:00|0.0142||||SQ||||||||||.0124|
RD|I|40|143|1127|43817|6|7|008|149|20200918|00:00|0.00390||||MD||||||||||.0124|
RD|I|40|143|1127|43817|6|7|008|149|20200924|00:00|0.00640||||MD||||||||||.0124|
RD|I|40|143|1127|43817|6|7|008|149|20200930|00:00|0.00430||||MD||||||||||.0124|
RD|I|40|143|1127|43817|6|7|008|149|20201006|00:00|0.0141||||SQ||||||||||.0124|
RD|I|40|143|1127|43817|6|7|008|149|20201012|00:00|0.00310||||MD||||||||||.0124|
RD|I|40|143|1127|43817|6|7|008|149|20201018|00:00|0.00430||||MD||||||||||.0124|
RD|I|40|143|1127|43817|6|7|008|149|20201020|00:00|0.00620||||MD||||||||||.0124|
RD|I|40|143|1127|43817|6|7|008|149|20201024|00:00|0.00430||||MD||||||||||.0124|
RD|I|40|143|1127|43817|6|7|008|149|20201030|00:00|0.00740||||MD||||||||||.0124|
RD|I|40|143|1127|43817|6|7|008|149|20201105|00:00|0.0167||||SQ||||||||||.0124|
RD|I|40|143|1127|43817|6|7|008|149|20201111|00:00|0.00520||||MD||||||||||.0124|
RD|I|40|143|1127|43817|6|7|008|149|20201117|00:00|0.00790||||MD||||||||||.0124|
RD|I|40|143|1127|43817|6|7|008|149|20201123|00:00|0.00920||||MD||||||||||.0124|
RD|I|40|143|1127|43817|6|7|008|149|20201129|00:00|0.00700||||MD||||||||||.0124|
RD|I|40|143|1127|43817|6|7|008|149|20201211|00:00|0.00640||||MD||||||||||.0124|
RD|I|40|143|1127|43817|6|7|008|149|20201217|00:00|0.0121||||MD||||||||||.0124|
RD|I|40|143|1127|43817|6|7|008|149|20201223|00:00|0.00430||||MD||||||||||.0124|
RD|I|40|143|1127|43817|6|7|008|149|20201229|00:00|0.00800||||MD||||||||||.0124|
RD|I|40|143|1127|43818|6|7|008|149|20200104|00:00|0||||||||||||||.0165|
RD|I|40|143|1127|43818|6|7|008|149|20200110|00:00|0||||||||||||||.0165|
RD|I|40|143|1127|43818|6|7|008|149|20200116|00:00|0.00190||||MD||||||||||.0165|
RD|I|40|143|1127|43818|6|7|008|149|20200122|00:00|0||||||||||||||.0165|
RD|I|40|143|1127|43818|6|7|008|149|20200128|00:00|0||||||||||||||.0165|
RD|I|40|143|1127|43818|6|7|008|149|20200203|00:00|0||||||||||||||.0165|
RD|I|40|143|1127|43818|6|7|008|149|20200209|00:00|0||||||||||||||.0165|
RD|I|40|143|1127|43818|6|7|008|149|20200215|00:00|0.00160||||MD||||||||||.0165|
RD|I|40|143|1127|43818|6|7|008|149|20200221|00:00|0||||||||||||||.0165|
RD|I|40|143|1127|43818|6|7|008|149|20200227|00:00|0||||||||||||||.0165|
RD|I|40|143|1127|43818|6|7|008|149|20200304|00:00|0||||||||||||||.0173|
RD|I|40|143|1127|43818|6|7|008|149|20200310|00:00|0||||||||||||||.0173|
RD|I|40|143|1127|43818|6|7|008|149|20200316|00:00|0||||||||||||||.0173|
RD|I|40|143|1127|43818|6|7|008|149|20200322|00:00|0||||||||||||||.0173|
RD|I|40|143|1127|43818|6|7|008|149|20200328|00:00|0||||||||||||||.0173|
RD|I|40|143|1127|43818|6|7|008|149|20200403|00:00|0||||ND||||||||||.0173|
RD|I|40|143|1127|43818|6|7|008|149|20200409|00:00|0||||ND||||||||||.0173|
RD|I|40|143|1127|43818|6|7|008|149|20200415|00:00|0||||ND||||||||||.0173|
RD|I|40|143|1127|43818|6|7|008|149|20200421|00:00|0||||ND||||||||||.0173|
RD|I|40|143|1127|43818|6|7|008|149|20200427|00:00|0||||ND||||||||||.0173|
RD|I|40|143|1127|43818|6|7|008|149|20200503|00:00|0||||ND||||||||||.0173|
RD|I|40|143|1127|43818|6|7|008|149|20200509|00:00|0||||ND||||||||||.0173|
RD|I|40|143|1127|43818|6|7|008|149|20200515|00:00|0||||ND||||||||||.0173|
RD|I|40|143|1127|43818|6|7|008|149|20200521|00:00|0||||ND||||||||||.0173|
RD|I|40|143|1127|43818|6|7|008|149|20200527|00:00|0||||ND||||||||||.0173|
RD|I|40|143|1127|43818|6|7|008|149|20200602|00:00|0||||ND||||||||||.0173|
RD|I|40|143|1127|43818|6|7|008|149|20200608|00:00|0||||ND||||||||||.0173|
RD|I|40|143|1127|43818|6|7|008|149|20200614|00:00|0||||ND||||||||||.0173|
RD|I|40|143|1127|43818|6|7|008|149|20200620|00:00|0||||ND||||||||||.0173|
RD|I|40|143|1127|43818|6|7|008|149|20200626|00:00|0||||ND||||||||||.0173|
RD|I|40|143|1127|43818|6|7|008|149|20200702|00:00|0||||ND||||||||||.0173|
RD|I|40|143|1127|43818|6|7|008|149|20200708|00:00|0||||ND||||||||||.0173|
RD|I|40|143|1127|43818|6|7|008|149|20200714|00:00|0||||ND||||||||||.0173|
RD|I|40|143|1127|43818|6|7|008|149|20200720|00:00|0||||ND||||||||||.0173|
RD|I|40|143|1127|43818|6|7|008|149|20200726|00:00|0||||ND||||||||||.0173|
RD|I|40|143|1127|43818|6|7|008|149|20200801|00:00|0||||ND||||||||||.0173|
RD|I|40|143|1127|43818|6|7|008|149|20200807|00:00||AN||||||||||||||
RD|I|40|143|1127|43818|6|7|008|149|20200813|00:00|0||||ND||||||||||.0173|
RD|I|40|143|1127|43818|6|7|008|149|20200816|00:00|0||||ND||||||||||.0173|
RD|I|40|143|1127|43818|6|7|008|149|20200819|00:00|0||||ND||||||||||.0173|
RD|I|40|143|1127|43818|6|7|008|149|20200825|00:00|0||||ND||||||||||.0173|
RD|I|40|143|1127|43818|6|7|008|149|20200831|00:00||AL||||||||||||||
RD|I|40|143|1127|43818|6|7|008|149|20200906|00:00|0||||ND||||||||||.0173|
RD|I|40|143|1127|43818|6|7|008|149|20200912|00:00|0||||ND||||||||||.0173|
RD|I|40|143|1127|43818|6|7|008|149|20200918|00:00|0||||ND||||||||||.0173|
RD|I|40|143|1127|43818|6|7|008|149|20200924|00:00|0||||ND||||||||||.0173|
RD|I|40|143|1127|43818|6|7|008|149|20200930|00:00|0||||ND||||||||||.0173|
RD|I|40|143|1127|43818|6|7|008|149|20201006|00:00|0||||ND||||||||||.0173|
RD|I|40|143|1127|43818|6|7|008|149|20201012|00:00|0||||ND||||||||||.0173|
RD|I|40|143|1127|43818|6|7|008|149|20201018|00:00|0||||ND||||||||||.0173|
RD|I|40|143|1127|43818|6|7|008|149|20201020|00:00|0||||ND||||||||||.0173|
RD|I|40|143|1127|43818|6|7|008|149|20201024|00:00|0||||ND||||||||||.0173|
RD|I|40|143|1127|43818|6|7|008|149|20201030|00:00|0||||ND||||||||||.0173|
RD|I|40|143|1127|43818|6|7|008|149|20201105|00:00|0||||ND||||||||||.0173|
RD|I|40|143|1127|43818|6|7|008|149|20201111|00:00|0||||ND||||||||||.0173|
RD|I|40|143|1127|43818|6|7|008|149|20201117|00:00|0||||ND||||||||||.0173|
RD|I|40|143|1127|43818|6|7|008|149|20201123|00:00|0||||ND||||||||||.0173|
RD|I|40|143|1127|43818|6|7|008|149|20201129|00:00|0||||ND||||||||||.0173|
RD|I|40|143|1127|43818|6|7|008|149|20201211|00:00|0||||ND||||||||||.0173|
RD|I|40|143|1127|43818|6|7|008|149|20201217|00:00|0||||ND||||||||||.0173|
RD|I|40|143|1127|43818|6|7|008|149|20201223|00:00|0||||ND||||||||||.0173|
RD|I|40|143|1127|43818|6|7|008|149|20201229|00:00|0||||ND||||||||||.0173|
RD|I|40|143|1127|43824|6|7|008|149|20200104|00:00|0.00710||||MD||||||||||.0123|
RD|I|40|143|1127|43824|6|7|008|149|20200110|00:00|0.0168||||SQ||||||||||.0123|
RD|I|40|143|1127|43824|6|7|008|149|20200116|00:00|0.00600||||MD||||||||||.0123|
RD|I|40|143|1127|43824|6|7|008|149|20200122|00:00|0.00650||||MD||||||||||.0123|
RD|I|40|143|1127|43824|6|7|008|149|20200128|00:00|0.00610||||MD||||||||||.0123|
RD|I|40|143|1127|43824|6|7|008|149|20200203|00:00|0.0105||||MD||||||||||.0123|
RD|I|40|143|1127|43824|6|7|008|149|20200209|00:00|0.00670||||MD||||||||||.0123|
RD|I|40|143|1127|43824|6|7|008|149|20200215|00:00|0.00910||||MD||||||||||.0123|
RD|I|40|143|1127|43824|6|7|008|149|20200221|00:00|0.0123||||SQ||||||||||.0123|
RD|I|40|143|1127|43824|6|7|008|149|20200227|00:00|0.00610||||MD||||||||||.0123|
RD|I|40|143|1127|43824|6|7|008|149|20200304|00:00|0.0101||||SQ||||||||||.00897|
RD|I|40|143|1127|43824|6|7|008|149|20200310|00:00|0.00720||||MD||||||||||.00897|
RD|I|40|143|1127|43824|6|7|008|149|20200316|00:00|0.00740||||MD||||||||||.00897|
RD|I|40|143|1127|43824|6|7|008|149|20200322|00:00|0.00630||||MD||||||||||.00897|
RD|I|40|143|1127|43824|6|7|008|149|20200328|00:00|0.00850||||MD||||||||||.00897|
RD|I|40|143|1127|43824|6|7|008|149|20200403|00:00|0.00550||||MD||||||||||.009|
RD|I|40|143|1127|43824|6|7|008|149|20200409|00:00|0.00560||||MD||||||||||.009|
RD|I|40|143|1127|43824|6|7|008|149|20200415|00:00|0.00590||||MD||||||||||.009|
RD|I|40|143|1127|43824|6|7|008|149|20200421|00:00|0||||ND||||||||||.009|
RD|I|40|143|1127|43824|6|7|008|149|20200427|00:00|0.0129||||SQ||||||||||.009|
RD|I|40|143|1127|43824|6|7|008|149|20200503|00:00|0.00870||||MD||||||||||.009|
RD|I|40|143|1127|43824|6|7|008|149|20200509|00:00|0.00590||||MD||||||||||.009|
RD|I|40|143|1127|43824|6|7|008|149|20200515|00:00|0.00890||||MD||||||||||.009|
RD|I|40|143|1127|43824|6|7|008|149|20200521|00:00|0.00670||||MD||||||||||.009|
RD|I|40|143|1127|43824|6|7|008|149|20200527|00:00|0.00550||||MD||||||||||.009|
RD|I|40|143|1127|43824|6|7|008|149|20200602|00:00|0.0101||||SQ||||||||||.009|
RD|I|40|143|1127|43824|6|7|008|149|20200608|00:00|0.00920||||SQ||||||||||.009|
RD|I|40|143|1127|43824|6|7|008|149|20200614|00:00|0||||ND||||||||||.009|
RD|I|40|143|1127|43824|6|7|008|149|20200620|00:00|0.00650||||MD||||||||||.009|
RD|I|40|143|1127|43824|6|7|008|149|20200626|00:00|0.0136||||SQ||||||||||.009|
RD|I|40|143|1127|43824|6|7|008|149|20200702|00:00|0.0264||||SQ||||||||||.009|
RD|I|40|143|1127|43824|6|7|008|149|20200708|00:00|0.0118||||SQ||||||||||.009|
RD|I|40|143|1127|43824|6|7|008|149|20200714|00:00|0||||ND||||||||||.009|
RD|I|40|143|1127|43824|6|7|008|149|20200720|00:00|0.00890||||MD||||||||||.009|
RD|I|40|143|1127|43824|6|7|008|149|20200726|00:00|0.00880||||MD||||||||||.009|
RD|I|40|143|1127|43824|6|7|008|149|20200801|00:00|0||||ND||||||||||.009|
RD|I|40|143|1127|43824|6|7|008|149|20200807|00:00||AN||||||||||||||
RD|I|40|143|1127|43824|6|7|008|149|20200813|00:00|0.00940||||SQ||||||||||.009|
RD|I|40|143|1127|43824|6|7|008|149|20200816|00:00|0.00590||||MD||||||||||.009|
RD|I|40|143|1127|43824|6|7|008|149|20200819|00:00|0.00540||||MD||||||||||.009|
RD|I|40|143|1127|43824|6|7|008|149|20200825|00:00|0.0173||||SQ||||||||||.009|
RD|I|40|143|1127|43824|6|7|008|149|20200831|00:00||AL||||||||||||||
RD|I|40|143|1127|43824|6|7|008|149|20200906|00:00|0.00940||||SQ||||||||||.009|
RD|I|40|143|1127|43824|6|7|008|149|20200912|00:00|0.0116||||SQ||||||||||.009|
RD|I|40|143|1127|43824|6|7|008|149|20200918|00:00|0.00940||||SQ||||||||||.009|
RD|I|40|143|1127|43824|6|7|008|149|20200924|00:00|0.0151||||SQ||||||||||.009|
RD|I|40|143|1127|43824|6|7|008|149|20200930|00:00|0.00780||||MD||||||||||.009|
RD|I|40|143|1127|43824|6|7|008|149|20201006|00:00|0.0356||||||||||||||.009|
RD|I|40|143|1127|43824|6|7|008|149|20201012|00:00|0.00620||||MD||||||||||.009|
RD|I|40|143|1127|43824|6|7|008|149|20201018|00:00|0.00630||||MD||||||||||.009|
RD|I|40|143|1127|43824|6|7|008|149|20201020|00:00|0.0106||||SQ||||||||||.009|
RD|I|40|143|1127|43824|6|7|008|149|20201024|00:00|0.00640||||MD||||||||||.009|
RD|I|40|143|1127|43824|6|7|008|149|20201030|00:00|0.0277||||SQ||||||||||.009|
RD|I|40|143|1127|43824|6|7|008|149|20201105|00:00|0.0251||||SQ||||||||||.009|
RD|I|40|143|1127|43824|6|7|008|149|20201111|00:00|0.00740||||MD||||||||||.009|
RD|I|40|143|1127|43824|6|7|008|149|20201117|00:00|0.0440||||||||||||||.009|
RD|I|40|143|1127|43824|6|7|008|149|20201123|00:00|0||||ND||||||||||.009|
RD|I|40|143|1127|43824|6|7|008|149|20201129|00:00|0||||ND||||||||||.009|
RD|I|40|143|1127|43824|6|7|008|149|20201211|00:00|0.00850||||MD||||||||||.009|
RD|I|40|143|1127|43824|6|7|008|149|20201217|00:00|0.0224||||SQ||||||||||.009|
RD|I|40|143|1127|43824|6|7|008|149|20201223|00:00|0||||ND||||||||||.009|
RD|I|40|143|1127|43824|6|7|008|149|20201229|00:00|0||||ND||||||||||.009|
RD|I|40|143|1127|43829|6|7|008|149|20200104|00:00|0||||||||||||||.0111|
RD|I|40|143|1127|43829|6|7|008|149|20200110|00:00|0||||||||||||||.0111|
RD|I|40|143|1127|43829|6|7|008|149|20200116|00:00|0||||||||||||||.0111|
RD|I|40|143|1127|43829|6|7|008|149|20200122|00:00|0||||||||||||||.0111|
RD|I|40|143|1127|43829|6|7|008|149|20200128|00:00|0||||||||||||||.0111|
RD|I|40|143|1127|43829|6|7|008|149|20200203|00:00|0||||||||||||||.0111|
RD|I|40|143|1127|43829|6|7|008|149|20200209|00:00|0||||||||||||||.0111|
RD|I|40|143|1127|43829|6|7|008|149|20200215|00:00|0.00430||||MD||||||||||.0111|
RD|I|40|143|1127|43829|6|7|008|149|20200221|00:00|0||||||||||||||.0111|
RD|I|40|143|1127|43829|6|7|008|149|20200227|00:00|0||||||||||||||.0111|
RD|I|40|143|1127|43829|6|7|008|149|20200304|00:00|0||||||||||||||.0138|
RD|I|40|143|1127|43829|6|7|008|149|20200310|00:00|0||||||||||||||.0138|
RD|I|40|143|1127|43829|6|7|008|149|20200316|00:00|0||||||||||||||.0138|
RD|I|40|143|1127|43829|6|7|008|149|20200322|00:00|0||||||||||||||.0138|
RD|I|40|143|1127|43829|6|7|008|149|20200328|00:00|0||||||||||||||.0138|
RD|I|40|143|1127|43829|6|7|008|149|20200403|00:00|0||||ND||||||||||.0138|
RD|I|40|143|1127|43829|6|7|008|149|20200409|00:00|0.00300||||MD||||||||||.0138|
RD|I|40|143|1127|43829|6|7|008|149|20200415|00:00|0||||ND||||||||||.0138|
RD|I|40|143|1127|43829|6|7|008|149|20200421|00:00|0||||ND||||||||||.0138|
RD|I|40|143|1127|43829|6|7|008|149|20200427|00:00|0.00330||||MD||||||||||.0138|
RD|I|40|143|1127|43829|6|7|008|149|20200503|00:00|0||||ND||||||||||.0138|
RD|I|40|143|1127|43829|6|7|008|149|20200509|00:00|0||||ND||||||||||.0138|
RD|I|40|143|1127|43829|6|7|008|149|20200515|00:00|0||||ND||||||||||.0138|
RD|I|40|143|1127|43829|6|7|008|149|20200521|00:00|0||||ND||||||||||.0138|
RD|I|40|143|1127|43829|6|7|008|149|20200527|00:00|0||||ND||||||||||.0138|
RD|I|40|143|1127|43829|6|7|008|149|20200602|00:00|0||||ND||||||||||.0138|
RD|I|40|143|1127|43829|6|7|008|149|20200608|00:00|0||||ND||||||||||.0138|
RD|I|40|143|1127|43829|6|7|008|149|20200614|00:00|0||||ND||||||||||.0138|
RD|I|40|143|1127|43829|6|7|008|149|20200620|00:00|0||||ND||||||||||.0138|
RD|I|40|143|1127|43829|6|7|008|149|20200626|00:00|0||||ND||||||||||.0138|
RD|I|40|143|1127|43829|6|7|008|149|20200702|00:00|0||||ND||||||||||.0138|
RD|I|40|143|1127|43829|6|7|008|149|20200708|00:00|0||||ND||||||||||.0138|
RD|I|40|143|1127|43829|6|7|008|149|20200714|00:00|0||||ND||||||||||.0138|
RD|I|40|143|1127|43829|6|7|008|149|20200720|00:00|0||||ND||||||||||.0138|
RD|I|40|143|1127|43829|6|7|008|149|20200726|00:00|0||||ND||||||||||.0138|
RD|I|40|143|1127|43829|6|7|008|149|20200801|00:00|0||||ND||||||||||.0138|
RD|I|40|143|1127|43829|6|7|008|149|20200807|00:00||AN||||||||||||||
RD|I|40|143|1127|43829|6|7|008|149|20200813|00:00|0||||ND||||||||||.0138|
RD|I|40|143|1127|43829|6|7|008|149|20200816|00:00|0||||ND||||||||||.0138|
RD|I|40|143|1127|43829|6|7|008|149|20200819|00:00|0||||ND||||||||||.0138|
RD|I|40|143|1127|43829|6|7|008|149|20200825|00:00|0||||ND||||||||||.0138|
RD|I|40|143|1127|43829|6|7|008|149|20200831|00:00||AL||||||||||||||
RD|I|40|143|1127|43829|6|7|008|149|20200906|00:00|0||||ND||||||||||.0138|
RD|I|40|143|1127|43829|6|7|008|149|20200912|00:00|0||||ND||||||||||.0138|
RD|I|40|143|1127|43829|6|7|008|149|20200918|00:00|0||||ND||||||||||.0138|
RD|I|40|143|1127|43829|6|7|008|149|20200924|00:00|0||||ND||||||||||.0138|
RD|I|40|143|1127|43829|6|7|008|149|20200930|00:00|0||||ND||||||||||.0138|
RD|I|40|143|1127|43829|6|7|008|149|20201006|00:00|0||||ND||||||||||.0138|
RD|I|40|143|1127|43829|6|7|008|149|20201012|00:00|0||||ND||||||||||.0138|
RD|I|40|143|1127|43829|6|7|008|149|20201018|00:00|0||||ND||||||||||.0138|
RD|I|40|143|1127|43829|6|7|008|149|20201020|00:00|0||||ND||||||||||.0138|
RD|I|40|143|1127|43829|6|7|008|149|20201024|00:00|0||||ND||||||||||.0138|
RD|I|40|143|1127|43829|6|7|008|149|20201030|00:00|0||||ND||||||||||.0138|
RD|I|40|143|1127|43829|6|7|008|149|20201105|00:00|0||||ND||||||||||.0138|
RD|I|40|143|1127|43829|6|7|008|149|20201111|00:00|0||||ND||||||||||.0138|
RD|I|40|143|1127|43829|6|7|008|149|20201117|00:00|0||||ND||||||||||.0138|
RD|I|40|143|1127|43829|6|7|008|149|20201123|00:00|0||||ND||||||||||.0138|
RD|I|40|143|1127|43829|6|7|008|149|20201129|00:00|0||||ND||||||||||.0138|
RD|I|40|143|1127|43829|6|7|008|149|20201211|00:00|0||||ND||||||||||.0138|
RD|I|40|143|1127|43829|6|7|008|149|20201217|00:00|0||||ND||||||||||.0138|
RD|I|40|143|1127|43829|6|7|008|149|20201223|00:00|0||||ND||||||||||.0138|
RD|I|40|143|1127|43829|6|7|008|149|20201229|00:00|0||||ND||||||||||.0138|
RD|I|40|143|1127|43830|6|7|008|149|20200104|00:00|0||||||||||||||.0138|
RD|I|40|143|1127|43830|6|7|008|149|20200110|00:00|0||||||||||||||.0138|
RD|I|40|143|1127|43830|6|7|008|149|20200116|00:00|0||||||||||||||.0138|
RD|I|40|143|1127|43830|6|7|008|149|20200122|00:00|0||||||||||||||.0138|
RD|I|40|143|1127|43830|6|7|008|149|20200128|00:00|0||||||||||||||.0138|
RD|I|40|143|1127|43830|6|7|008|149|20200203|00:00|0||||||||||||||.0138|
RD|I|40|143|1127|43830|6|7|008|149|20200209|00:00|0||||||||||||||.0138|
RD|I|40|143|1127|43830|6|7|008|149|20200215|00:00|0||||||||||||||.0138|
RD|I|40|143|1127|43830|6|7|008|149|20200221|00:00|0||||||||||||||.0138|
RD|I|40|143|1127|43830|6|7|008|149|20200227|00:00|0||||||||||||||.0138|
RD|I|40|143|1127|43830|6|7|008|149|20200304|00:00|0||||||||||||||.0149|
RD|I|40|143|1127|43830|6|7|008|149|20200310|00:00|0||||||||||||||.0149|
RD|I|40|143|1127|43830|6|7|008|149|20200316|00:00|0||||||||||||||.0149|
RD|I|40|143|1127|43830|6|7|008|149|20200322|00:00|0||||||||||||||.0149|
RD|I|40|143|1127|43830|6|7|008|149|20200328|00:00|0||||||||||||||.0149|
RD|I|40|143|1127|43830|6|7|008|149|20200403|00:00|0||||ND||||||||||.0149|
RD|I|40|143|1127|43830|6|7|008|149|20200409|00:00|0||||ND||||||||||.0149|
RD|I|40|143|1127|43830|6|7|008|149|20200415|00:00|0||||ND||||||||||.0149|
RD|I|40|143|1127|43830|6|7|008|149|20200421|00:00|0||||ND||||||||||.0149|
RD|I|40|143|1127|43830|6|7|008|149|20200427|00:00|0||||ND||||||||||.0149|
RD|I|40|143|1127|43830|6|7|008|149|20200503|00:00|0||||ND||||||||||.0149|
RD|I|40|143|1127|43830|6|7|008|149|20200509|00:00|0||||ND||||||||||.0149|
RD|I|40|143|1127|43830|6|7|008|149|20200515|00:00|0||||ND||||||||||.0149|
RD|I|40|143|1127|43830|6|7|008|149|20200521|00:00|0||||ND||||||||||.0149|
RD|I|40|143|1127|43830|6|7|008|149|20200527|00:00|0||||ND||||||||||.0149|
RD|I|40|143|1127|43830|6|7|008|149|20200602|00:00|0||||ND||||||||||.0149|
RD|I|40|143|1127|43830|6|7|008|149|20200608|00:00|0||||ND||||||||||.0149|
RD|I|40|143|1127|43830|6|7|008|149|20200614|00:00|0||||ND||||||||||.0149|
RD|I|40|143|1127|43830|6|7|008|149|20200620|00:00|0||||ND||||||||||.0149|
RD|I|40|143|1127|43830|6|7|008|149|20200626|00:00|0||||ND||||||||||.0149|
RD|I|40|143|1127|43830|6|7|008|149|20200702|00:00|0||||ND||||||||||.0149|
RD|I|40|143|1127|43830|6|7|008|149|20200708|00:00|0||||ND||||||||||.0149|
RD|I|40|143|1127|43830|6|7|008|149|20200714|00:00|0||||ND||||||||||.0149|
RD|I|40|143|1127|43830|6|7|008|149|20200720|00:00|0||||ND||||||||||.0149|
RD|I|40|143|1127|43830|6|7|008|149|20200726|00:00|0||||ND||||||||||.0149|
RD|I|40|143|1127|43830|6|7|008|149|20200801|00:00|0||||ND||||||||||.0149|
RD|I|40|143|1127|43830|6|7|008|149|20200807|00:00||AN||||||||||||||
RD|I|40|143|1127|43830|6|7|008|149|20200813|00:00|0||||ND||||||||||.0149|
RD|I|40|143|1127|43830|6|7|008|149|20200816|00:00|0||||ND||||||||||.0149|
RD|I|40|143|1127|43830|6|7|008|149|20200819|00:00|0||||ND||||||||||.0149|
RD|I|40|143|1127|43830|6|7|008|149|20200825|00:00|0||||ND||||||||||.0149|
RD|I|40|143|1127|43830|6|7|008|149|20200831|00:00||AL||||||||||||||
RD|I|40|143|1127|43830|6|7|008|149|20200906|00:00|0||||ND||||||||||.0149|
RD|I|40|143|1127|43830|6|7|008|149|20200912|00:00|0||||ND||||||||||.0149|
RD|I|40|143|1127|43830|6|7|008|149|20200918|00:00|0||||ND||||||||||.0149|
RD|I|40|143|1127|43830|6|7|008|149|20200924|00:00|0||||ND||||||||||.0149|
RD|I|40|143|1127|43830|6|7|008|149|20200930|00:00|0||||ND||||||||||.0149|
RD|I|40|143|1127|43830|6|7|008|149|20201006|00:00|0||||ND||||||||||.0149|
RD|I|40|143|1127|43830|6|7|008|149|20201012|00:00|0||||ND||||||||||.0149|
RD|I|40|143|1127|43830|6|7|008|149|20201018|00:00|0||||ND||||||||||.0149|
RD|I|40|143|1127|43830|6|7|008|149|20201020|00:00|0||||ND||||||||||.0149|
RD|I|40|143|1127|43830|6|7|008|149|20201024|00:00|0||||ND||||||||||.0149|
RD|I|40|143|1127|43830|6|7|008|149|20201030|00:00|0||||ND||||||||||.0149|
RD|I|40|143|1127|43830|6|7|008|149|20201105|00:00|0||||ND||||||||||.0149|
RD|I|40|143|1127|43830|6|7|008|149|20201111|00:00|0||||ND||||||||||.0149|
RD|I|40|143|1127|43830|6|7|008|149|20201117|00:00|0||||ND||||||||||.0149|
RD|I|40|143|1127|43830|6|7|008|149|20201123|00:00|0||||ND||||||||||.0149|
RD|I|40|143|1127|43830|6|7|008|149|20201129|00:00|0||||ND||||||||||.0149|
RD|I|40|143|1127|43830|6|7|008|149|20201211|00:00|0||||ND||||||||||.0149|
RD|I|40|143|1127|43830|6|7|008|149|20201217|00:00|0||||ND||||||||||.0149|
RD|I|40|143|1127|43830|6|7|008|149|20201223|00:00|0||||ND||||||||||.0149|
RD|I|40|143|1127|43830|6|7|008|149|20201229|00:00|0||||ND||||||||||.0149|
RD|I|40|143|1127|43831|6|7|008|149|20200104|00:00|0||||||||||||||.0099|
RD|I|40|143|1127|43831|6|7|008|149|20200110|00:00|0||||||||||||||.0099|
RD|I|40|143|1127|43831|6|7|008|149|20200116|00:00|0||||||||||||||.0099|
RD|I|40|143|1127|43831|6|7|008|149|20200122|00:00|0||||||||||||||.0099|
RD|I|40|143|1127|43831|6|7|008|149|20200128|00:00|0||||||||||||||.0099|
RD|I|40|143|1127|43831|6|7|008|149|20200203|00:00|0||||||||||||||.0099|
RD|I|40|143|1127|43831|6|7|008|149|20200209|00:00|0||||||||||||||.0099|
RD|I|40|143|1127|43831|6|7|008|149|20200215|00:00|0||||||||||||||.0099|
RD|I|40|143|1127|43831|6|7|008|149|20200221|00:00|0||||||||||||||.0099|
RD|I|40|143|1127|43831|6|7|008|149|20200227|00:00|0||||||||||||||.0099|
RD|I|40|143|1127|43831|6|7|008|149|20200304|00:00|0||||||||||||||.0098|
RD|I|40|143|1127|43831|6|7|008|149|20200310|00:00|0||||||||||||||.0098|
RD|I|40|143|1127|43831|6|7|008|149|20200316|00:00|0||||||||||||||.0098|
RD|I|40|143|1127|43831|6|7|008|149|20200322|00:00|0||||||||||||||.0098|
RD|I|40|143|1127|43831|6|7|008|149|20200328|00:00|0||||||||||||||.0098|
RD|I|40|143|1127|43831|6|7|008|149|20200403|00:00|0||||ND||||||||||.0098|
RD|I|40|143|1127|43831|6|7|008|149|20200409|00:00|0||||ND||||||||||.0098|
RD|I|40|143|1127|43831|6|7|008|149|20200415|00:00|0||||ND||||||||||.0098|
RD|I|40|143|1127|43831|6|7|008|149|20200421|00:00|0||||ND||||||||||.0098|
RD|I|40|143|1127|43831|6|7|008|149|20200427|00:00|0||||ND||||||||||.0098|
RD|I|40|143|1127|43831|6|7|008|149|20200503|00:00|0||||ND||||||||||.0098|
RD|I|40|143|1127|43831|6|7|008|149|20200509|00:00|0||||ND||||||||||.0098|
RD|I|40|143|1127|43831|6|7|008|149|20200515|00:00|0||||ND||||||||||.0098|
RD|I|40|143|1127|43831|6|7|008|149|20200521|00:00|0||||ND||||||||||.0098|
RD|I|40|143|1127|43831|6|7|008|149|20200527|00:00|0||||ND||||||||||.0098|
RD|I|40|143|1127|43831|6|7|008|149|20200602|00:00|0||||ND||||||||||.0098|
RD|I|40|143|1127|43831|6|7|008|149|20200608|00:00|0||||ND||||||||||.0098|
RD|I|40|143|1127|43831|6|7|008|149|20200614|00:00|0||||ND||||||||||.0098|
RD|I|40|143|1127|43831|6|7|008|149|20200620|00:00|0||||ND||||||||||.0098|
RD|I|40|143|1127|43831|6|7|008|149|20200626|00:00|0||||ND||||||||||.0098|
RD|I|40|143|1127|43831|6|7|008|149|20200702|00:00|0||||ND||||||||||.0098|
RD|I|40|143|1127|43831|6|7|008|149|20200708|00:00|0||||ND||||||||||.0098|
RD|I|40|143|1127|43831|6|7|008|149|20200714|00:00|0||||ND||||||||||.0098|
RD|I|40|143|1127|43831|6|7|008|149|20200720|00:00|0||||ND||||||||||.0098|
RD|I|40|143|1127|43831|6|7|008|149|20200726|00:00|0||||ND||||||||||.0098|
RD|I|40|143|1127|43831|6|7|008|149|20200801|00:00|0||||ND||||||||||.0098|
RD|I|40|143|1127|43831|6|7|008|149|20200807|00:00||AN||||||||||||||
RD|I|40|143|1127|43831|6|7|008|149|20200813|00:00|0||||ND||||||||||.0098|
RD|I|40|143|1127|43831|6|7|008|149|20200816|00:00|0||||ND||||||||||.0098|
RD|I|40|143|1127|43831|6|7|008|149|20200819|00:00|0||||ND||||||||||.0098|
RD|I|40|143|1127|43831|6|7|008|149|20200825|00:00|0||||ND||||||||||.0098|
RD|I|40|143|1127|43831|6|7|008|149|20200831|00:00||AL||||||||||||||
RD|I|40|143|1127|43831|6|7|008|149|20200906|00:00|0||||ND||||||||||.0098|
RD|I|40|143|1127|43831|6|7|008|149|20200912|00:00|0||||ND||||||||||.0098|
RD|I|40|143|1127|43831|6|7|008|149|20200918|00:00|0||||ND||||||||||.0098|
RD|I|40|143|1127|43831|6|7|008|149|20200924|00:00|0||||ND||||||||||.0098|
RD|I|40|143|1127|43831|6|7|008|149|20200930|00:00|0||||ND||||||||||.0098|
RD|I|40|143|1127|43831|6|7|008|149|20201006|00:00|0||||ND||||||||||.0098|
RD|I|40|143|1127|43831|6|7|008|149|20201012|00:00|0||||ND||||||||||.0098|
RD|I|40|143|1127|43831|6|7|008|149|20201018|00:00|0||||ND||||||||||.0098|
RD|I|40|143|1127|43831|6|7|008|149|20201020|00:00|0||||ND||||||||||.0098|
RD|I|40|143|1127|43831|6|7|008|149|20201024|00:00|0||||ND||||||||||.0098|
RD|I|40|143|1127|43831|6|7|008|149|20201030|00:00|0||||ND||||||||||.0098|
RD|I|40|143|1127|43831|6|7|008|149|20201105|00:00|0||||ND||||||||||.0098|
RD|I|40|143|1127|43831|6|7|008|149|20201111|00:00|0||||ND||||||||||.0098|
RD|I|40|143|1127|43831|6|7|008|149|20201117|00:00|0||||ND||||||||||.0098|
RD|I|40|143|1127|43831|6|7|008|149|20201123|00:00|0||||ND||||||||||.0098|
RD|I|40|143|1127|43831|6|7|008|149|20201129|00:00|0||||ND||||||||||.0098|
RD|I|40|143|1127|43831|6|7|008|149|20201211|00:00|0||||ND||||||||||.0098|
RD|I|40|143|1127|43831|6|7|008|149|20201217|00:00|0||||ND||||||||||.0098|
RD|I|40|143|1127|43831|6|7|008|149|20201223|00:00|0||||ND||||||||||.0098|
RD|I|40|143|1127|43831|6|7|008|149|20201229|00:00|0||||ND||||||||||.0098|
RD|I|40|143|1127|43843|6|7|008|149|20200104|00:00|0||||||||||||||.0132|
RD|I|40|143|1127|43843|6|7|008|149|20200110|00:00|0||||||||||||||.0132|
RD|I|40|143|1127|43843|6|7|008|149|20200116|00:00|0||||||||||||||.0132|
RD|I|40|143|1127|43843|6|7|008|149|20200122|00:00|0||||||||||||||.0132|
RD|I|40|143|1127|43843|6|7|008|149|20200128|00:00|0||||||||||||||.0132|
RD|I|40|143|1127|43843|6|7|008|149|20200203|00:00|0||||||||||||||.0132|
RD|I|40|143|1127|43843|6|7|008|149|20200209|00:00|0||||||||||||||.0132|
RD|I|40|143|1127|43843|6|7|008|149|20200215|00:00|0||||||||||||||.0132|
RD|I|40|143|1127|43843|6|7|008|149|20200221|00:00|0||||||||||||||.0132|
RD|I|40|143|1127|43843|6|7|008|149|20200227|00:00|0||||||||||||||.0132|
RD|I|40|143|1127|43843|6|7|008|149|20200304|00:00|0||||||||||||||.0135|
RD|I|40|143|1127|43843|6|7|008|149|20200310|00:00|0||||||||||||||.0135|
RD|I|40|143|1127|43843|6|7|008|149|20200316|00:00|0||||||||||||||.0135|
RD|I|40|143|1127|43843|6|7|008|149|20200322|00:00|0||||||||||||||.0135|
RD|I|40|143|1127|43843|6|7|008|149|20200328|00:00|0||||||||||||||.0135|
RD|I|40|143|1127|43843|6|7|008|149|20200403|00:00|0||||ND||||||||||.0135|
RD|I|40|143|1127|43843|6|7|008|149|20200409|00:00|0||||ND||||||||||.0135|
RD|I|40|143|1127|43843|6|7|008|149|20200415|00:00|0||||ND||||||||||.0135|
RD|I|40|143|1127|43843|6|7|008|149|20200421|00:00|0||||ND||||||||||.0135|
RD|I|40|143|1127|43843|6|7|008|149|20200427|00:00|0||||ND||||||||||.0135|
RD|I|40|143|1127|43843|6|7|008|149|20200503|00:00|0||||ND||||||||||.0135|
RD|I|40|143|1127|43843|6|7|008|149|20200509|00:00|0||||ND||||||||||.0135|
RD|I|40|143|1127|43843|6|7|008|149|20200515|00:00|0||||ND||||||||||.0135|
RD|I|40|143|1127|43843|6|7|008|149|20200521|00:00|0||||ND||||||||||.0135|
RD|I|40|143|1127|43843|6|7|008|149|20200527|00:00|0||||ND||||||||||.0135|
RD|I|40|143|1127|43843|6|7|008|149|20200602|00:00|0||||ND||||||||||.0135|
RD|I|40|143|1127|43843|6|7|008|149|20200608|00:00|0||||ND||||||||||.0135|
RD|I|40|143|1127|43843|6|7|008|149|20200614|00:00|0||||ND||||||||||.0135|
RD|I|40|143|1127|43843|6|7|008|149|20200620|00:00|0||||ND||||||||||.0135|
RD|I|40|143|1127|43843|6|7|008|149|20200626|00:00|0||||ND||||||||||.0135|
RD|I|40|143|1127|43843|6|7|008|149|20200702|00:00|0||||ND||||||||||.0135|
RD|I|40|143|1127|43843|6|7|008|149|20200708|00:00|0||||ND||||||||||.0135|
RD|I|40|143|1127|43843|6|7|008|149|20200714|00:00|0||||ND||||||||||.0135|
RD|I|40|143|1127|43843|6|7|008|149|20200720|00:00|0||||ND||||||||||.0135|
RD|I|40|143|1127|43843|6|7|008|149|20200726|00:00|0||||ND||||||||||.0135|
RD|I|40|143|1127|43843|6|7|008|149|20200801|00:00|0||||ND||||||||||.0135|
RD|I|40|143|1127|43843|6|7|008|149|20200807|00:00||AN||||||||||||||
RD|I|40|143|1127|43843|6|7|008|149|20200813|00:00|0||||ND||||||||||.0135|
RD|I|40|143|1127|43843|6|7|008|149|20200816|00:00|0||||ND||||||||||.0135|
RD|I|40|143|1127|43843|6|7|008|149|20200819|00:00|0||||ND||||||||||.0135|
RD|I|40|143|1127|43843|6|7|008|149|20200825|00:00|0||||ND||||||||||.0135|
RD|I|40|143|1127|43843|6|7|008|149|20200831|00:00||AL||||||||||||||
RD|I|40|143|1127|43843|6|7|008|149|20200906|00:00|0||||ND||||||||||.0135|
RD|I|40|143|1127|43843|6|7|008|149|20200912|00:00|0||||ND||||||||||.0135|
RD|I|40|143|1127|43843|6|7|008|149|20200918|00:00|0||||ND||||||||||.0135|
RD|I|40|143|1127|43843|6|7|008|149|20200924|00:00|0||||ND||||||||||.0135|
RD|I|40|143|1127|43843|6|7|008|149|20200930|00:00|0||||ND||||||||||.0135|
RD|I|40|143|1127|43843|6|7|008|149|20201006|00:00|0||||ND||||||||||.0135|
RD|I|40|143|1127|43843|6|7|008|149|20201012|00:00|0||||ND||||||||||.0135|
RD|I|40|143|1127|43843|6|7|008|149|20201018|00:00|0||||ND||||||||||.0135|
RD|I|40|143|1127|43843|6|7|008|149|20201020|00:00|0||||ND||||||||||.0135|
RD|I|40|143|1127|43843|6|7|008|149|20201024|00:00|0||||ND||||||||||.0135|
RD|I|40|143|1127|43843|6|7|008|149|20201030|00:00|0||||ND||||||||||.0135|
RD|I|40|143|1127|43843|6|7|008|149|20201105|00:00|0||||ND||||||||||.0135|
RD|I|40|143|1127|43843|6|7|008|149|20201111|00:00|0||||ND||||||||||.0135|
RD|I|40|143|1127|43843|6|7|008|149|20201117|00:00|0||||ND||||||||||.0135|
RD|I|40|143|1127|43843|6|7|008|149|20201123|00:00|0||||ND||||||||||.0135|
RD|I|40|143|1127|43843|6|7|008|149|20201129|00:00|0||||ND||||||||||.0135|
RD|I|40|143|1127|43843|6|7|008|149|20201211|00:00|0||||ND||||||||||.0135|
RD|I|40|143|1127|43843|6|7|008|149|20201217|00:00|0||||ND||||||||||.0135|
RD|I|40|143|1127|43843|6|7|008|149|20201223|00:00|0||||ND||||||||||.0135|
RD|I|40|143|1127|43843|6|7|008|149|20201229|00:00|0||||ND||||||||||.0135|
RD|I|40|143|1127|43860|6|7|008|149|20200104|00:00|0||||||||||||||.0102|
RD|I|40|143|1127|43860|6|7|008|149|20200110|00:00|0||||||||||||||.0102|
RD|I|40|143|1127|43860|6|7|008|149|20200116|00:00|0.0009||||MD||||||||||.0102|
RD|I|40|143|1127|43860|6|7|008|149|20200122|00:00|0||||||||||||||.0102|
RD|I|40|143|1127|43860|6|7|008|149|20200128|00:00|0||||||||||||||.0102|
RD|I|40|143|1127|43860|6|7|008|149|20200203|00:00|0||||||||||||||.0102|
RD|I|40|143|1127|43860|6|7|008|149|20200209|00:00|0||||||||||||||.0102|
RD|I|40|143|1127|43860|6|7|008|149|20200215|00:00|0||||||||||||||.0102|
RD|I|40|143|1127|43860|6|7|008|149|20200221|00:00|0||||||||||||||.0102|
RD|I|40|143|1127|43860|6|7|008|149|20200227|00:00|0||||||||||||||.0102|
RD|I|40|143|1127|43860|6|7|008|149|20200304|00:00|0.00230||||MD||||||||||.0154|
RD|I|40|143|1127|43860|6|7|008|149|20200310|00:00|0||||||||||||||.0154|
RD|I|40|143|1127|43860|6|7|008|149|20200316|00:00|0||||||||||||||.0154|
RD|I|40|143|1127|43860|6|7|008|149|20200322|00:00|0||||||||||||||.0154|
RD|I|40|143|1127|43860|6|7|008|149|20200328|00:00|0.00250||||MD||||||||||.0154|
RD|I|40|143|1127|43860|6|7|008|149|20200403|00:00|0||||ND||||||||||.0154|
RD|I|40|143|1127|43860|6|7|008|149|20200409|00:00|0||||ND||||||||||.0154|
RD|I|40|143|1127|43860|6|7|008|149|20200415|00:00|0||||ND||||||||||.0154|
RD|I|40|143|1127|43860|6|7|008|149|20200421|00:00|0||||ND||||||||||.0154|
RD|I|40|143|1127|43860|6|7|008|149|20200427|00:00|0||||ND||||||||||.0154|
RD|I|40|143|1127|43860|6|7|008|149|20200503|00:00|0||||ND||||||||||.0154|
RD|I|40|143|1127|43860|6|7|008|149|20200509|00:00|0||||ND||||||||||.0154|
RD|I|40|143|1127|43860|6|7|008|149|20200515|00:00|0||||ND||||||||||.0154|
RD|I|40|143|1127|43860|6|7|008|149|20200521|00:00|0||||ND||||||||||.0154|
RD|I|40|143|1127|43860|6|7|008|149|20200527|00:00|0||||ND||||||||||.0154|
RD|I|40|143|1127|43860|6|7|008|149|20200602|00:00|0||||ND||||||||||.0154|
RD|I|40|143|1127|43860|6|7|008|149|20200608|00:00|0||||ND||||||||||.0154|
RD|I|40|143|1127|43860|6|7|008|149|20200614|00:00|0||||ND||||||||||.0154|
RD|I|40|143|1127|43860|6|7|008|149|20200620|00:00|0||||ND||||||||||.0154|
RD|I|40|143|1127|43860|6|7|008|149|20200626|00:00|0||||ND||||||||||.0154|
RD|I|40|143|1127|43860|6|7|008|149|20200702|00:00|0||||ND||||||||||.0154|
RD|I|40|143|1127|43860|6|7|008|149|20200708|00:00|0.00140||||MD||||||||||.0154|
RD|I|40|143|1127|43860|6|7|008|149|20200714|00:00|0||||ND||||||||||.0154|
RD|I|40|143|1127|43860|6|7|008|149|20200720|00:00|0||||ND||||||||||.0154|
RD|I|40|143|1127|43860|6|7|008|149|20200726|00:00|0||||ND||||||||||.0154|
RD|I|40|143|1127|43860|6|7|008|149|20200801|00:00|0||||ND||||||||||.0154|
RD|I|40|143|1127|43860|6|7|008|149|20200807|00:00||AN||||||||||||||
RD|I|40|143|1127|43860|6|7|008|149|20200813|00:00|0||||ND||||||||||.0154|
RD|I|40|143|1127|43860|6|7|008|149|20200816|00:00|0||||ND||||||||||.0154|
RD|I|40|143|1127|43860|6|7|008|149|20200819|00:00|0||||ND||||||||||.0154|
RD|I|40|143|1127|43860|6|7|008|149|20200825|00:00|0||||ND||||||||||.0154|
RD|I|40|143|1127|43860|6|7|008|149|20200831|00:00||AL||||||||||||||
RD|I|40|143|1127|43860|6|7|008|149|20200906|00:00|0||||ND||||||||||.0154|
RD|I|40|143|1127|43860|6|7|008|149|20200912|00:00|0||||ND||||||||||.0154|
RD|I|40|143|1127|43860|6|7|008|149|20200918|00:00|0||||ND||||||||||.0154|
RD|I|40|143|1127|43860|6|7|008|149|20200924|00:00|0||||ND||||||||||.0154|
RD|I|40|143|1127|43860|6|7|008|149|20200930|00:00|0||||ND||||||||||.0154|
RD|I|40|143|1127|43860|6|7|008|149|20201006|00:00|0||||ND||||||||||.0154|
RD|I|40|143|1127|43860|6|7|008|149|20201012|00:00|0||||ND||||||||||.0154|
RD|I|40|143|1127|43860|6|7|008|149|20201018|00:00|0||||ND||||||||||.0154|
RD|I|40|143|1127|43860|6|7|008|149|20201020|00:00|0||||ND||||||||||.0154|
RD|I|40|143|1127|43860|6|7|008|149|20201024|00:00|0||||ND||||||||||.0154|
RD|I|40|143|1127|43860|6|7|008|149|20201030|00:00|0||||ND||||||||||.0154|
RD|I|40|143|1127|43860|6|7|008|149|20201105|00:00|0||||ND||||||||||.0154|
RD|I|40|143|1127|43860|6|7|008|149|20201111|00:00|0||||ND||||||||||.0154|
RD|I|40|143|1127|43860|6|7|008|149|20201117|00:00|0||||ND||||||||||.0154|
RD|I|40|143|1127|43860|6|7|008|149|20201123|00:00|0||||ND||||||||||.0154|
RD|I|40|143|1127|43860|6|7|008|149|20201129|00:00|0||||ND||||||||||.0154|
RD|I|40|143|1127|43860|6|7|008|149|20201211|00:00|0||||ND||||||||||.0154|
RD|I|40|143|1127|43860|6|7|008|149|20201217|00:00|0||||ND||||||||||.0154|
RD|I|40|143|1127|43860|6|7|008|149|20201223|00:00|0||||ND||||||||||.0154|
RD|I|40|143|1127|43860|6|7|008|149|20201229|00:00|0||||ND||||||||||.0154|
RD|I|40|143|1127|45201|6|7|008|149|20200104|00:00|0.195||||||||||||||.0099|
RD|I|40|143|1127|45201|6|7|008|149|20200110|00:00|0.185||||||||||||||.0099|
RD|I|40|143|1127|45201|6|7|008|149|20200116|00:00|0.205||||||||||||||.0099|
RD|I|40|143|1127|45201|6|7|008|149|20200122|00:00|0.191||||||||||||||.0099|
RD|I|40|143|1127|45201|6|7|008|149|20200128|00:00|0.194||||||||||||||.0099|
RD|I|40|143|1127|45201|6|7|008|149|20200203|00:00|0.220||||||||||||||.0099|
RD|I|40|143|1127|45201|6|7|008|149|20200209|00:00|0.189||||||||||||||.0099|
RD|I|40|143|1127|45201|6|7|008|149|20200215|00:00|0.249||||||||||||||.0099|
RD|I|40|143|1127|45201|6|7|008|149|20200221|00:00|0.327||||||||||||||.0099|
RD|I|40|143|1127|45201|6|7|008|149|20200227|00:00|0.246||||||||||||||.0099|
RD|I|40|143|1127|45201|6|7|008|149|20200304|00:00|0.559||||||||||||||.0102|
RD|I|40|143|1127|45201|6|7|008|149|20200310|00:00|0.182||||||||||||||.0102|
RD|I|40|143|1127|45201|6|7|008|149|20200316|00:00|0.190||||||||||||||.0102|
RD|I|40|143|1127|45201|6|7|008|149|20200322|00:00|0.192||||||||||||||.0102|
RD|I|40|143|1127|45201|6|7|008|149|20200328|00:00|0.125||||||||||||||.0102|
RD|I|40|143|1127|45201|6|7|008|149|20200403|00:00|0.134||||||||||||||.0102|
RD|I|40|143|1127|45201|6|7|008|149|20200409|00:00|0.193||||||||||||||.0102|
RD|I|40|143|1127|45201|6|7|008|149|20200415|00:00|0.159||||||||||||||.0102|
RD|I|40|143|1127|45201|6|7|008|149|20200421|00:00|0.312||||||||||||||.0102|
RD|I|40|143|1127|45201|6|7|008|149|20200427|00:00|0.149||||||||||||||.0102|
RD|I|40|143|1127|45201|6|7|008|149|20200503|00:00|0.141||||||||||||||.0102|
RD|I|40|143|1127|45201|6|7|008|149|20200509|00:00|0.194||||||||||||||.0102|
RD|I|40|143|1127|45201|6|7|008|149|20200515|00:00|0.103||||||||||||||.0102|
RD|I|40|143|1127|45201|6|7|008|149|20200521|00:00|0.133||||||||||||||.0102|
RD|I|40|143|1127|45201|6|7|008|149|20200527|00:00|0.172||||||||||||||.0102|
RD|I|40|143|1127|45201|6|7|008|149|20200602|00:00|0.141||||||||||||||.0102|
RD|I|40|143|1127|45201|6|7|008|149|20200608|00:00|0.231||||||||||||||.0102|
RD|I|40|143|1127|45201|6|7|008|149|20200614|00:00|0.273||||||||||||||.0102|
RD|I|40|143|1127|45201|6|7|008|149|20200620|00:00|0.134||||||||||||||.0102|
RD|I|40|143|1127|45201|6|7|008|149|20200626|00:00|0.112||||||||||||||.0102|
RD|I|40|143|1127|45201|6|7|008|149|20200702|00:00|0.185||||||||||||||.0102|
RD|I|40|143|1127|45201|6|7|008|149|20200708|00:00|0.148||||||||||||||.0102|
RD|I|40|143|1127|45201|6|7|008|149|20200714|00:00|0.107||||||||||||||.0102|
RD|I|40|143|1127|45201|6|7|008|149|20200720|00:00|0.172||||||||||||||.0102|
RD|I|40|143|1127|45201|6|7|008|149|20200726|00:00|0.0731||||||||||||||.0102|
RD|I|40|143|1127|45201|6|7|008|149|20200801|00:00|0.162||||||||||||||.0102|
RD|I|40|143|1127|45201|6|7|008|149|20200807|00:00||AN||||||||||||||
RD|I|40|143|1127|45201|6|7|008|149|20200813|00:00|0.108||||||||||||||.0102|
RD|I|40|143|1127|45201|6|7|008|149|20200816|00:00|0.158||||||||||||||.0102|
RD|I|40|143|1127|45201|6|7|008|149|20200819|00:00|0.216||||||||||||||.0102|
RD|I|40|143|1127|45201|6|7|008|149|20200825|00:00|0.375||||||||||||||.0102|
RD|I|40|143|1127|45201|6|7|008|149|20200831|00:00||AL||||||||||||||
RD|I|40|143|1127|45201|6|7|008|149|20200906|00:00|0.0873||||||||||||||.0102|
RD|I|40|143|1127|45201|6|7|008|149|20200912|00:00|0.211||||||||||||||.0102|
RD|I|40|143|1127|45201|6|7|008|149|20200918|00:00|0.208||||||||||||||.0102|
RD|I|40|143|1127|45201|6|7|008|149|20200924|00:00|0.318||||||||||||||.0102|
RD|I|40|143|1127|45201|6|7|008|149|20200930|00:00|0.230||||||||||||||.0102|
RD|I|40|143|1127|45201|6|7|008|149|20201006|00:00|0.252||||||||||||||.0102|
RD|I|40|143|1127|45201|6|7|008|149|20201012|00:00|0.236||||||||||||||.0102|
RD|I|40|143|1127|45201|6|7|008|149|20201018|00:00|0.158||||||||||||||.0102|
RD|I|40|143|1127|45201|6|7|008|149|20201020|00:00|0.200||||||||||||||.0102|
RD|I|40|143|1127|45201|6|7|008|149|20201024|00:00|0.126||||||||||||||.0102|
RD|I|40|143|1127|45201|6|7|008|149|20201030|00:00|0.454||||||||||||||.0102|
RD|I|40|143|1127|45201|6|7|008|149|20201105|00:00|0.331||||||||||||||.0102|
RD|I|40|143|1127|45201|6|7|008|149|20201111|00:00|0.330||||||||||||||.0102|
RD|I|40|143|1127|45201|6|7|008|149|20201117|00:00|0.512||||||||||||||.0102|
RD|I|40|143|1127|45201|6|7|008|149|20201123|00:00|0.284||||||||||||||.0102|
RD|I|40|143|1127|45201|6|7|008|149|20201129|00:00|0.154||||||||||||||.0102|
RD|I|40|143|1127|45201|6|7|008|149|20201211|00:00|0.189||||||||||||||.0102|
RD|I|40|143|1127|45201|6|7|008|149|20201217|00:00|0.500||||||||||||||.0102|
RD|I|40|143|1127|45201|6|7|008|149|20201223|00:00|0.130||||||||||||||.0102|
RD|I|40|143|1127|45201|6|7|008|149|20201229|00:00|0.160||||||||||||||.0102|
RD|I|40|143|1127|45202|6|7|008|149|20200104|00:00|0.349||||||||||||||.0182|
RD|I|40|143|1127|45202|6|7|008|149|20200110|00:00|0.405||||||||||||||.0182|
RD|I|40|143|1127|45202|6|7|008|149|20200116|00:00|0.216||||||||||||||.0182|
RD|I|40|143|1127|45202|6|7|008|149|20200122|00:00|0.217||||||||||||||.0182|
RD|I|40|143|1127|45202|6|7|008|149|20200128|00:00|0.215||||||||||||||.0182|
RD|I|40|143|1127|45202|6|7|008|149|20200203|00:00|0.482||||||||||||||.0182|
RD|I|40|143|1127|45202|6|7|008|149|20200209|00:00|0.170||||||||||||||.0182|
RD|I|40|143|1127|45202|6|7|008|149|20200215|00:00|0.347||||||||||||||.0182|
RD|I|40|143|1127|45202|6|7|008|149|20200221|00:00|0.813||||||||||||||.0182|
RD|I|40|143|1127|45202|6|7|008|149|20200227|00:00|0.489||||||||||||||.0182|
RD|I|40|143|1127|45202|6|7|008|149|20200304|00:00|1.55||||||||||||||.0186|
RD|I|40|143|1127|45202|6|7|008|149|20200310|00:00|0.283||||||||||||||.0186|
RD|I|40|143|1127|45202|6|7|008|149|20200316|00:00|0.233||||||||||||||.0186|
RD|I|40|143|1127|45202|6|7|008|149|20200322|00:00|0.167||||||||||||||.0186|
RD|I|40|143|1127|45202|6|7|008|149|20200328|00:00|0.179||||||||||||||.0186|
RD|I|40|143|1127|45202|6|7|008|149|20200403|00:00|0.117||||||||||||||.0186|
RD|I|40|143|1127|45202|6|7|008|149|20200409|00:00|0.176||||||||||||||.0186|
RD|I|40|143|1127|45202|6|7|008|149|20200415|00:00|0.220||||||||||||||.0186|
RD|I|40|143|1127|45202|6|7|008|149|20200421|00:00|0.839||||||||||||||.0186|
RD|I|40|143|1127|45202|6|7|008|149|20200427|00:00|0.246||||||||||||||.0186|
RD|I|40|143|1127|45202|6|7|008|149|20200503|00:00|0.232||||||||||||||.0186|
RD|I|40|143|1127|45202|6|7|008|149|20200509|00:00|0.659||||||||||||||.0186|
RD|I|40|143|1127|45202|6|7|008|149|20200515|00:00|0.244||||||||||||||.0186|
RD|I|40|143|1127|45202|6|7|008|149|20200521|00:00|0.255||||||||||||||.0186|
RD|I|40|143|1127|45202|6|7|008|149|20200527|00:00|0.394||||||||||||||.0186|
RD|I|40|143|1127|45202|6|7|008|149|20200602|00:00|0.341||||||||||||||.0186|
RD|I|40|143|1127|45202|6|7|008|149|20200608|00:00|0.521||||||||||||||.0186|
RD|I|40|143|1127|45202|6|7|008|149|20200614|00:00|0.698||||||||||||||.0186|
RD|I|40|143|1127|45202|6|7|008|149|20200620|00:00|0.346||||||||||||||.0186|
RD|I|40|143|1127|45202|6|7|008|149|20200626|00:00|0.232||||||||||||||.0186|
RD|I|40|143|1127|45202|6|7|008|149|20200702|00:00|0.578||||||||||||||.0186|
RD|I|40|143|1127|45202|6|7|008|149|20200708|00:00|0.621||||||||||||||.0186|
RD|I|40|143|1127|45202|6|7|008|149|20200714|00:00|0.239||||||||||||||.0186|
RD|I|40|143|1127|45202|6|7|008|149|20200720|00:00|0.488||||||||||||||.0186|
RD|I|40|143|1127|45202|6|7|008|149|20200726|00:00|0.170||||||||||||||.0186|
RD|I|40|143|1127|45202|6|7|008|149|20200801|00:00|0.520||||||||||||||.0186|
RD|I|40|143|1127|45202|6|7|008|149|20200807|00:00||AN||||||||||||||
RD|I|40|143|1127|45202|6|7|008|149|20200813|00:00|0.254||||||||||||||.0186|
RD|I|40|143|1127|45202|6|7|008|149|20200816|00:00|0.266||||||||||||||.0186|
RD|I|40|143|1127|45202|6|7|008|149|20200819|00:00|0.428||||||||||||||.0186|
RD|I|40|143|1127|45202|6|7|008|149|20200825|00:00|1.02||||||||||||||.0186|
RD|I|40|143|1127|45202|6|7|008|149|20200831|00:00||AL||||||||||||||
RD|I|40|143|1127|45202|6|7|008|149|20200906|00:00|0.266||||||||||||||.0186|
RD|I|40|143|1127|45202|6|7|008|149|20200912|00:00|0.694||||||||||||||.0186|
RD|I|40|143|1127|45202|6|7|008|149|20200918|00:00|0.262||||||||||||||.0186|
RD|I|40|143|1127|45202|6|7|008|149|20200924|00:00|0.878||||||||||||||.0186|
RD|I|40|143|1127|45202|6|7|008|149|20200930|00:00|0.492||||||||||||||.0186|
RD|I|40|143|1127|45202|6|7|008|149|20201006|00:00|0.640||||||||||||||.0186|
RD|I|40|143|1127|45202|6|7|008|149|20201012|00:00|0.724||||||||||||||.0186|
RD|I|40|143|1127|45202|6|7|008|149|20201018|00:00|0.347||||||||||||||.0186|
RD|I|40|143|1127|45202|6|7|008|149|20201020|00:00|0.425||||||||||||||.0186|
RD|I|40|143|1127|45202|6|7|008|149|20201024|00:00|0.124||||||||||||||.0186|
RD|I|40|143|1127|45202|6|7|008|149|20201030|00:00|1.09||||||||||||||.0186|
RD|I|40|143|1127|45202|6|7|008|149|20201105|00:00|0.525||||||||||||||.0186|
RD|I|40|143|1127|45202|6|7|008|149|20201111|00:00|0.711||||||||||||||.0186|
RD|I|40|143|1127|45202|6|7|008|149|20201117|00:00|1.41||||||||||||||.0186|
RD|I|40|143|1127|45202|6|7|008|149|20201123|00:00|0.606||||||||||||||.0186|
RD|I|40|143|1127|45202|6|7|008|149|20201129|00:00|0.235||||||||||||||.0186|
RD|I|40|143|1127|45202|6|7|008|149|20201211|00:00|0.354||||||||||||||.0186|
RD|I|40|143|1127|45202|6|7|008|149|20201217|00:00|1.71||||||||||||||.0186|
RD|I|40|143|1127|45202|6|7|008|149|20201223|00:00|0.188||||||||||||||.0186|
RD|I|40|143|1127|45202|6|7|008|149|20201229|00:00|0.268||||||||||||||.0186|
RD|I|40|143|1127|45203|6|7|008|149|20200104|00:00|0.0254||||SQ||||||||||.0178|
RD|I|40|143|1127|45203|6|7|008|149|20200110|00:00|0.0467||||SQ||||||||||.0178|
RD|I|40|143|1127|45203|6|7|008|149|20200116|00:00|0.0270||||SQ||||||||||.0178|
RD|I|40|143|1127|45203|6|7|008|149|20200122|00:00|0.0250||||SQ||||||||||.0178|
RD|I|40|143|1127|45203|6|7|008|149|20200128|00:00|0.0281||||SQ||||||||||.0178|
RD|I|40|143|1127|45203|6|7|008|149|20200203|00:00|0.0514||||SQ||||||||||.0178|
RD|I|40|143|1127|45203|6|7|008|149|20200209|00:00|0.0202||||SQ||||||||||.0178|
RD|I|40|143|1127|45203|6|7|008|149|20200215|00:00|0.0398||||SQ||||||||||.0178|
RD|I|40|143|1127|45203|6|7|008|149|20200221|00:00|0.0662||||||||||||||.0178|
RD|I|40|143|1127|45203|6|7|008|149|20200227|00:00|0.0520||||SQ||||||||||.0178|
RD|I|40|143|1127|45203|6|7|008|149|20200304|00:00|0.162||||||||||||||.0093|
RD|I|40|143|1127|45203|6|7|008|149|20200310|00:00|0.0330||||||||||||||.0093|
RD|I|40|143|1127|45203|6|7|008|149|20200316|00:00|0.0265||||SQ||||||||||.0093|
RD|I|40|143|1127|45203|6|7|008|149|20200322|00:00|0.0187||||SQ||||||||||.0093|
RD|I|40|143|1127|45203|6|7|008|149|20200328|00:00|0.0168||||SQ||||||||||.0093|
RD|I|40|143|1127|45203|6|7|008|149|20200403|00:00|0.0112||||SQ||||||||||.0093|
RD|I|40|143|1127|45203|6|7|008|149|20200409|00:00|0.0198||||SQ||||||||||.0093|
RD|I|40|143|1127|45203|6|7|008|149|20200415|00:00|0.0254||||SQ||||||||||.0093|
RD|I|40|143|1127|45203|6|7|008|149|20200421|00:00|0.104||||||||||||||.0093|
RD|I|40|143|1127|45203|6|7|008|149|20200427|00:00|0.0272||||SQ||||||||||.0093|
RD|I|40|143|1127|45203|6|7|008|149|20200503|00:00|0.0275||||SQ||||||||||.0093|
RD|I|40|143|1127|45203|6|7|008|149|20200509|00:00|0.0777||||||||||||||.0093|
RD|I|40|143|1127|45203|6|7|008|149|20200515|00:00|0.0277||||SQ||||||||||.0093|
RD|I|40|143|1127|45203|6|7|008|149|20200521|00:00|0.0301||||||||||||||.0093|
RD|I|40|143|1127|45203|6|7|008|149|20200527|00:00|0.0425||||||||||||||.0093|
RD|I|40|143|1127|45203|6|7|008|149|20200602|00:00|0.0370||||||||||||||.0093|
RD|I|40|143|1127|45203|6|7|008|149|20200608|00:00|0.0565||||||||||||||.0093|
RD|I|40|143|1127|45203|6|7|008|149|20200614|00:00|0.0698||||||||||||||.0093|
RD|I|40|143|1127|45203|6|7|008|149|20200620|00:00|0.0364||||||||||||||.0093|
RD|I|40|143|1127|45203|6|7|008|149|20200626|00:00|0.0229||||SQ||||||||||.0093|
RD|I|40|143|1127|45203|6|7|008|149|20200702|00:00|0.0601||||||||||||||.0093|
RD|I|40|143|1127|45203|6|7|008|149|20200708|00:00|0.0623||||||||||||||.0093|
RD|I|40|143|1127|45203|6|7|008|149|20200714|00:00|0.0352||||||||||||||.0093|
RD|I|40|143|1127|45203|6|7|008|149|20200720|00:00|0.0542||||||||||||||.0093|
RD|I|40|143|1127|45203|6|7|008|149|20200726|00:00|0.0201||||SQ||||||||||.0093|
RD|I|40|143|1127|45203|6|7|008|149|20200801|00:00|0.0540||||||||||||||.0093|
RD|I|40|143|1127|45203|6|7|008|149|20200807|00:00||AN||||||||||||||
RD|I|40|143|1127|45203|6|7|008|149|20200813|00:00|0.0268||||SQ||||||||||.0093|
RD|I|40|143|1127|45203|6|7|008|149|20200816|00:00|0.0353||||||||||||||.0093|
RD|I|40|143|1127|45203|6|7|008|149|20200819|00:00|0.0537||||||||||||||.0093|
RD|I|40|143|1127|45203|6|7|008|149|20200825|00:00|0.107||||||||||||||.0093|
RD|I|40|143|1127|45203|6|7|008|149|20200831|00:00||AL||||||||||||||
RD|I|40|143|1127|45203|6|7|008|149|20200906|00:00|0.0316||||||||||||||.0093|
RD|I|40|143|1127|45203|6|7|008|149|20200912|00:00|0.111||||||||||||||.0093|
RD|I|40|143|1127|45203|6|7|008|149|20200918|00:00|0.0332||||||||||||||.0093|
RD|I|40|143|1127|45203|6|7|008|149|20200924|00:00|0.116||||||||||||||.0093|
RD|I|40|143|1127|45203|6|7|008|149|20200930|00:00|0.0566||||||||||||||.0093|
RD|I|40|143|1127|45203|6|7|008|149|20201006|00:00|0.0671||||||||||||||.0093|
RD|I|40|143|1127|45203|6|7|008|149|20201012|00:00|0.0651||||||||||||||.0093|
RD|I|40|143|1127|45203|6|7|008|149|20201018|00:00|0.0218||||SQ||||||||||.0093|
RD|I|40|143|1127|45203|6|7|008|149|20201020|00:00|0.0338||||||||||||||.0093|
RD|I|40|143|1127|45203|6|7|008|149|20201024|00:00|0.0149||||SQ||||||||||.0093|
RD|I|40|143|1127|45203|6|7|008|149|20201030|00:00|0.122||||||||||||||.0093|
RD|I|40|143|1127|45203|6|7|008|149|20201105|00:00|0.0639||||||||||||||.0093|
RD|I|40|143|1127|45203|6|7|008|149|20201111|00:00|0.0889||||||||||||||.0093|
RD|I|40|143|1127|45203|6|7|008|149|20201117|00:00|0.154||||||||||||||.0093|
RD|I|40|143|1127|45203|6|7|008|149|20201123|00:00|0.0882||||||||||||||.0093|
RD|I|40|143|1127|45203|6|7|008|149|20201129|00:00|0.0305||||||||||||||.0093|
RD|I|40|143|1127|45203|6|7|008|149|20201211|00:00|0.0487||||||||||||||.0093|
RD|I|40|143|1127|45203|6|7|008|149|20201217|00:00|0.261||||||||||||||.0093|
RD|I|40|143|1127|45203|6|7|008|149|20201223|00:00|0.0234||||SQ||||||||||.0093|
RD|I|40|143|1127|45203|6|7|008|149|20201229|00:00|0.0296||||||||||||||.0093|
RD|I|40|143|1127|88103|5|7|105|811|20200101|00:00|0.00002||||MD||||||||||.00124|.00075
RD|I|40|143|1127|88103|5|7|105|811|20200104|00:00|0.00004||||5|MD|||||||||.00124|.00075
RD|I|40|143|1127|88103|5|7|105|811|20200107|00:00|-0.00006||||MD||||||||||.00124|.00075
RD|I|40|143|1127|88103|5|7|105|811|20200110|00:00|-0.00001||||MD||||||||||.0012|.00073
RD|I|40|143|1127|88103|5|7|105|811|20200113|00:00|0.00006||||MD||||||||||.00124|.00075
RD|I|40|143|1127|88103|5|7|105|811|20200116|00:00|0.00006||||MD||||||||||.00124|.00075
RD|I|40|143|1127|88103|5|7|105|811|20200119|00:00|0.00006||||MD||||||||||.00124|.00075
RD|I|40|143|1127|88103|5|7|105|811|20200122|00:00|0.00000||||MD||||||||||.00124|.00075
RD|I|40|143|1127|88103|5|7|105|811|20200125|00:00|-0.00002||||MD|TT|||||||||.00124|.00075
RD|I|40|143|1127|88103|5|7|105|811|20200128|00:00|0.00000||||MD|TT|||||||||.00124|.00075
RD|I|40|143|1127|88103|5|7|105|811|20200131|00:00|-0.00011||||MD||||||||||.00124|.00075
RD|I|40|143|1127|88103|5|7|105|811|20200203|00:00|-0.00005||||MD||||||||||.00124|.00075
RD|I|40|143|1127|88103|5|7|105|811|20200206|00:00|-0.00005||||MD||||||||||.00124|.00075
RD|I|40|143|1127|88103|5|7|105|811|20200209|00:00|-0.00012||||MD||||||||||.00124|.00075
RD|I|40|143|1127|88103|5|7|105|811|20200212|00:00|-0.00010||||5|MD|||||||||.00124|.00075
RD|I|40|143|1127|88103|5|7|105|811|20200215|00:00|0.00000||||MD||||||||||.00124|.00075
RD|I|40|143|1127|88103|5|7|105|811|20200218|00:00|-0.00011||||MD||||||||||.00124|.00075
RD|I|40|143|1127|88103|5|7|105|811|20200221|00:00|-0.00018||||MD|TT|||||||||.00124|.00075
RD|I|40|143|1127|88103|5|7|105|811|20200224|00:00|-0.00012||||MD|TT|||||||||.00124|.00075
RD|I|40|143|1127|88103|5|7|105|811|20200227|00:00|-0.00007||||MD||||||||||.00124|.00075
RD|I|40|143|1127|88103|5|7|105|811|20200301|00:00|0.00000||||MD||||||||||.00124|.00075
RD|I|40|143|1127|88103|5|7|105|811|20200304|00:00|-0.00001||||MD||||||||||.00124|.00075
RD|I|40|143|1127|88103|5|7|105|811|20200307|00:00|0.00004||||MD||||||||||.00124|.00075
RD|I|40|143|1127|88103|5|7|105|811|20200310|00:00|0.00001||||MD||||||||||.00124|.00075
RD|I|40|143|1127|88103|5|7|105|811|20200313|00:00|0.00010||||MD||||||||||.00124|.00075
RD|I|40|143|1127|88103|5|7|105|811|20200316|00:00|0.00004||||MD||||||||||.00124|.00075
RD|I|40|143|1127|88103|5|7|105|811|20200319|00:00|0.00006||||MD|TT|||||||||.00124|.00075
RD|I|40|143|1127|88103|5|7|105|811|20200322|00:00|0.00000||||MD|TT|||||||||.00124|.00075
RD|I|40|143|1127|88103|5|7|105|811|20200325|00:00|0.00002||||MD|Y|||||||||.00125|.00076
RD|I|40|143|1127|88103|5|7|105|811|20200328|00:00|-0.00001||||MD|TT|||||||||.00124|.00075
RD|I|40|143|1127|88103|5|7|105|811|20200331|00:00|-0.00007||||MD|TT|||||||||.00124|.00075
RD|I|40|143|1127|88103|5|7|105|811|20200403|00:00|-0.00010||||4|5|MD|TT|||||||.00124|.00075
RD|I|40|143|1127|88103|5|7|105|811|20200406|00:00|-0.00007||||4|MD|TT||||||||.00124|.00075
RD|I|40|143|1127|88103|5|7|105|811|20200409|00:00|-0.00007||||4|MD|||||||||.00124|.00075
RD|I|40|143|1127|88103|5|7|105|811|20200412|00:00|-0.00002||||4|MD|||||||||.00124|.00075
RD|I|40|143|1127|88103|5|7|105|811|20200415|00:00|-0.00004||||4|5|MD||||||||.00124|.00075
RD|I|40|143|1127|88103|5|7|105|811|20200418|00:00|0.00000||||4|MD|||||||||.00124|.00075
RD|I|40|143|1127|88103|5|7|105|811|20200421|00:00|0.00000||||4|MD|||||||||.00124|.00075
RD|I|40|143|1127|88103|5|7|105|811|20200424|00:00|0.00000||||4|MD|TT||||||||.00124|.00075
RD|I|40|143|1127|88103|5|7|105|811|20200427|00:00|-0.00007||||4|MD|TT||||||||.00124|.00075
RD|I|40|143|1127|88103|5|7|105|811|20200430|00:00|-0.00006||||4|MD|||||||||.00124|.00075
RD|I|40|143|1127|88103|5|7|105|811|20200503|00:00|0.00004||||MD|TT|||||||||.00123|.00075
RD|I|40|143|1127|88103|5|7|105|811|20200506|00:00|0.00001||||MD|TT|||||||||.00124|.00075
RD|I|40|143|1127|88103|5|7|105|811|20200509|00:00|-0.00001||||MD|TT|||||||||.00124|.00075
RD|I|40|143|1127|88103|5|7|105|811|20200512|00:00|-0.00002||||MD|TT|||||||||.00124|.00075
RD|I|40|143|1127|88103|5|7|105|811|20200515|00:00|-0.00001||||MD|TT|||||||||.00124|.00075
RD|I|40|143|1127|88103|5|7|105|811|20200518|00:00|-0.00002||||MD|TT|||||||||.00124|.00075
RD|I|40|143|1127|88103|5|7|105|811|20200521|00:00|-0.00005||||MD|TT|||||||||.00124|.00075
RD|I|40|143|1127|88103|5|7|105|811|20200524|00:00|-0.00001||||MD|TT|||||||||.00124|.00075
RD|I|40|143|1127|88103|5|7|105|811|20200527|00:00|0.00001||||MD|TT|||||||||.00124|.00075
RD|I|40|143|1127|88103|5|7|105|811|20200530|00:00|-0.00006||||MD|TT|||||||||.00124|.00075
RD|I|40|143|1127|88103|5|7|105|811|20200602|00:00|0.00001||||MD|TT|||||||||.00124|.00075
RD|I|40|143|1127|88103|5|7|105|811|20200605|00:00|0.00001||||MD|TT|||||||||.00123|.00075
RD|I|40|143|1127|88103|5|7|105|811|20200608|00:00|0.00005||||MD|TT|||||||||.00124|.00075
RD|I|40|143|1127|88103|5|7|105|811|20200611|00:00|-0.00006||||MD||||||||||.00124|.00075
RD|I|40|143|1127|88103|5|7|105|811|20200614|00:00|-0.00004||||MD||||||||||.00124|.00075
RD|I|40|143|1127|88103|5|7|105|811|20200617|00:00|-0.00005||||MD|TT|||||||||.00123|.00075
RD|I|40|143|1127|88103|5|7|105|811|20200620|00:00|-0.00004||||MD|TT|||||||||.00124|.00075
RD|I|40|143|1127|88103|5|7|105|811|20200623|00:00|0.00006||||MD|TT|||||||||.00124|.00075
RD|I|40|143|1127|88103|5|7|105|811|20200626|00:00|0.00001||||MD|TT|||||||||.00124|.00075
RD|I|40|143|1127|88103|5|7|105|811|20200629|00:00|0.00007||||MD|TT|||||||||.00123|.00075
RD|I|40|143|1127|88103|5|7|105|811|20200702|00:00|0.00000||||MD|TT|||||||||.00124|.00075
RD|I|40|143|1127|88103|5|7|105|811|20200705|00:00|-0.00001||||MD|TT|||||||||.00124|.00075
RD|I|40|143|1127|88103|5|7|105|811|20200708|00:00|-0.00007||||MD||||||||||.00124|.00075
RD|I|40|143|1127|88103|5|7|105|811|20200711|00:00|-0.00012||||IJ|3|MD|TT|X||||||.00123|.00075
RD|I|40|143|1127|88103|5|7|105|811|20200714|00:00|-0.00015||||3|MD|TT||||||||.00124|.00075
RD|I|40|143|1127|88103|5|7|105|811|20200717|00:00|-0.00007||||MD|TT|||||||||.00123|.00075
RD|I|40|143|1127|88103|5|7|105|811|20200720|00:00|-0.00009||||MD|TT|||||||||.00123|.00075
RD|I|40|143|1127|88103|5|7|105|811|20200723|00:00|0.00000||||MD|TT|||||||||.00124|.00075
RD|I|40|143|1127|88103|5|7|105|811|20200726|00:00|0.00000||||MD|TT|||||||||.00123|.00075
RD|I|40|143|1127|88103|5|7|105|811|20200729|00:00|-0.00001||||MD|TT|||||||||.00124|.00075
RD|I|40|143|1127|88103|5|7|105|811|20200801|00:00|-0.00007||||MD|TT|||||||||.00123|.00075
RD|I|40|143|1127|88103|5|7|105|811|20200804|00:00|-0.00004||||MD|TT|||||||||.00124|.00075
RD|I|40|143|1127|88103|5|7|105|811|20200807|00:00|0.00004||||MD|TT|||||||||.00123|.00075
RD|I|40|143|1127|88103|5|7|105|811|20200810|00:00|0.00004||||MD|TT|||||||||.00123|.00075
RD|I|40|143|1127|88103|5|7|105|811|20200813|00:00|-0.00009||||MD|TT|||||||||.00124|.00075
RD|I|40|143|1127|88103|5|7|105|811|20200816|00:00|-0.00004||||MD|TT|||||||||.00123|.00075
RD|I|40|143|1127|88103|5|7|105|811|20200819|00:00|-0.00001||||MD|TT|||||||||.00124|.00075
RD|I|40|143|1127|88103|5|7|105|811|20200822|00:00|-0.00010||||MD|TT|||||||||.00124|.00075
RD|I|40|143|1127|88103|5|7|105|811|20200825|00:00|-0.00007||||MD|TT|||||||||.00124|.00075
RD|I|40|143|1127|88103|5|7|105|811|20200828|00:00|-0.00007||||MD|TT|||||||||.00124|.00075
RD|I|40|143|1127|88103|5|7|105|811|20200831|00:00|-0.00002||||MD|TT|||||||||.00124|.00075
RD|I|40|143|1127|88103|5|7|105|811|20200903|00:00|0.00022||||MD|TT|||||||||.00123|.00075
RD|I|40|143|1127|88103|5|7|105|811|20200906|00:00|0.00006||||MD|TT|||||||||.00123|.00075
RD|I|40|143|1127|88103|5|7|105|811|20200909|00:00|0.00006||||MD||||||||||.00124|.00075
RD|I|40|143|1127|88103|5|7|105|811|20200912|00:00|0.00006||||MD|TT|||||||||.00124|.00075
RD|I|40|143|1127|88103|5|7|105|811|20200915|00:00|0.00026||||MD|TT|||||||||.00123|.00075
RD|I|40|143|1127|88103|5|7|105|811|20200918|00:00|0.00022||||MD||||||||||.00124|.00075
RD|I|40|143|1127|88103|5|7|105|811|20200921|00:00|0.00026||||MD||||||||||.00124|.00075
RD|I|40|143|1127|88103|5|7|105|811|20200924|00:00|-0.00005||||MD|TT|||||||||.00124|.00075
RD|I|40|143|1127|88103|5|7|105|811|20200927|00:00|0.00006||||MD|TT|||||||||.00124|.00075
RD|I|40|143|1127|88103|5|7|105|811|20200930|00:00||BJ||||||||||||||
RD|I|40|143|1127|88103|5|7|105|811|20201003|00:00|0.00024||||MD|TT|||||||||.00124|.00075
RD|I|40|143|1127|88103|5|7|105|811|20201006|00:00|0.00024||||MD|TT|||||||||.00124|.00075
RD|I|40|143|1127|88103|5|7|105|811|20201009|00:00|0.00000||||MD|TT|||||||||.00123|.00075
RD|I|40|143|1127|88103|5|7|105|811|20201012|00:00|-0.00002||||MD|TT|||||||||.00124|.00075
RD|I|40|143|1127|88103|5|7|105|811|20201015|00:00|-0.00001||||MD|TT|||||||||.00124|.00075
RD|I|40|143|1127|88103|5|7|105|811|20201018|00:00|0.00000||||MD|TT|||||||||.00124|.00075
RD|I|40|143|1127|88103|5|7|105|811|20201021|00:00|-0.00001||||MD|TT|||||||||.00124|.00075
RD|I|40|143|1127|88103|5|7|105|811|20201024|00:00|0.00001||||MD||||||||||.00124|.00075
RD|I|40|143|1127|88103|5|7|105|811|20201027|00:00|0.00021||||5|MD|||||||||.00124|.00075
RD|I|40|143|1127|88103|5|7|105|811|20201030|00:00|0.00009||||MD|TT|||||||||.00124|.00075
RD|I|40|143|1127|88103|5|7|105|811|20201102|00:00|0.00016||||MD|TT|||||||||.00124|.00075
RD|I|40|143|1127|88103|5|7|105|811|20201105|00:00|-0.00004||||MD||||||||||.00124|.00075
RD|I|40|143|1127|88103|5|7|105|811|20201108|00:00|0.00005||||MD||||||||||.00124|.00075
RD|I|40|143|1127|88103|5|7|105|811|20201111|00:00|-0.00005||||MD|TT|||||||||.00124|.00075
RD|I|40|143|1127|88103|5|7|105|811|20201114|00:00|0.00005||||MD|TT|||||||||.00124|.00075
RD|I|40|143|1127|88103|5|7|105|811|20201117|00:00|-0.00006||||MD|TT|||||||||.00124|.00075
RD|I|40|143|1127|88103|5|7|105|811|20201120|00:00|-0.00006||||MD||||||||||.00124|.00075
RD|I|40|143|1127|88103|5|7|105|811|20201123|00:00|-0.00002||||MD||||||||||.00124|.00075
RD|I|40|143|1127|88103|5|7|105|811|20201126|00:00|-0.00002||||MD||||||||||.00124|.00075
RD|I|40|143|1127|88103|5|7|105|811|20201129|00:00|-0.00001||||MD||||||||||.00124|.00075
RD|I|40|143|1127|88103|5|7|105|811|20201202|00:00|-0.00005||||MD||||||||||.00124|.00075
RD|I|40|143|1127|88103|5|7|105|811|20201205|00:00|-0.00002||||MD||||||||||.00124|.00075
RD|I|40|143|1127|88103|5|7|105|811|20201208|00:00|-0.00001||||MD||||||||||.00124|.00075
RD|I|40|143|1127|88103|5|7|105|811|20201211|00:00|-0.00001||||MD||||||||||.00124|.00075
RD|I|40|143|1127|88103|5|7|105|811|20201214|00:00|0.00002||||MD||||||||||.00124|.00075
RD|I|40|143|1127|88103|5|7|105|811|20201217|00:00|0.00004||||MD||||||||||.00124|.00075
RD|I|40|143|1127|88103|5|7|105|811|20201220|00:00|-0.00002||||MD||||||||||.00124|.00075
RD|I|40|143|1127|88103|5|7|105|811|20201223|00:00|0.00007||||MD||||||||||.00124|.00075
RD|I|40|143|1127|88103|5|7|105|811|20201226|00:00||AF||||||||||||||
RD|I|40|143|1127|88103|5|7|105|811|20201229|00:00|0.00001||||MD|TT|||||||||.00124|.00075
RD|I|40|143|1127|88103|5|7|105|811|20201230|00:00|0.00000||||2|MD|TT||||||||.00124|.00075
RD|I|40|143|1127|88110|5|7|105|811|20200101|00:00|-0.00586||||MD||||||||||.01775|.01089
RD|I|40|143|1127|88110|5|7|105|811|20200104|00:00|0.00592||||5|MD|||||||||.01777|.0109
RD|I|40|143|1127|88110|5|7|105|811|20200107|00:00|0.01214||||MD||||||||||.01777|.01122
RD|I|40|143|1127|88110|5|7|105|811|20200110|00:00|0.00574||||MD||||||||||.0173|.01061
RD|I|40|143|1127|88110|5|7|105|811|20200113|00:00|-0.00792||||MD||||||||||.01777|.01098
RD|I|40|143|1127|88110|5|7|105|811|20200116|00:00|0.00550||||MD||||||||||.01777|.01089
RD|I|40|143|1127|88110|5|7|105|811|20200119|00:00|0.01615||||MD||||||||||.01776|.01153
RD|I|40|143|1127|88110|5|7|105|811|20200122|00:00|-0.01088||||MD||||||||||.01774|.01112
RD|I|40|143|1127|88110|5|7|105|811|20200125|00:00|0.00449||||MD|TT|||||||||.01777|.01086
RD|I|40|143|1127|88110|5|7|105|811|20200128|00:00|0.00150||||MD|TT|||||||||.01778|.01081
RD|I|40|143|1127|88110|5|7|105|811|20200131|00:00|-0.01090||||MD||||||||||.01777|.01114
RD|I|40|143|1127|88110|5|7|105|811|20200203|00:00|-0.00885||||MD||||||||||.01332|.00839
RD|I|40|143|1127|88110|5|7|105|811|20200206|00:00|0.00125||||MD||||||||||.01331|.0081
RD|I|40|143|1127|88110|5|7|105|811|20200209|00:00|0.00640||||MD||||||||||.01333|.00826
RD|I|40|143|1127|88110|5|7|105|811|20200212|00:00|0.00168||||5|MD|||||||||.01332|.00811
RD|I|40|143|1127|88110|5|7|105|811|20200215|00:00|0.00028||||MD||||||||||.01333|.00811
RD|I|40|143|1127|88110|5|7|105|811|20200218|00:00|0.00059||||MD||||||||||.01332|.0081
RD|I|40|143|1127|88110|5|7|105|811|20200221|00:00|0.00945||||MD|TT|||||||||.01331|.00843
RD|I|40|143|1127|88110|5|7|105|811|20200224|00:00|0.01119||||MD|TT|||||||||.01331|.00856
RD|I|40|143|1127|88110|5|7|105|811|20200227|00:00|0.00504||||MD||||||||||.01331|.00819
RD|I|40|143|1127|88110|5|7|105|811|20200301|00:00|-0.00411||||MD||||||||||.01227|.00753
RD|I|40|143|1127|88110|5|7|105|811|20200304|00:00|-0.00128||||MD||||||||||.01228|.00747
RD|I|40|143|1127|88110|5|7|105|811|20200307|00:00|-0.00852||||MD||||||||||.01226|.00775
RD|I|40|143|1127|88110|5|7|105|811|20200310|00:00|-0.01190||||MD||||||||||.01228|.00803
RD|I|40|143|1127|88110|5|7|105|811|20200313|00:00|-0.00513||||MD||||||||||.01226|.00756
RD|I|40|143|1127|88110|5|7|105|811|20200316|00:00|-0.00533||||MD||||||||||.01228|.00758
RD|I|40|143|1127|88110|5|7|105|811|20200319|00:00|-0.00661||||MD|TT|||||||||.01227|.00764
RD|I|40|143|1127|88110|5|7|105|811|20200322|00:00|0.00027||||MD|TT|||||||||.01228|.00746
RD|I|40|143|1127|88110|5|7|105|811|20200325|00:00|0.00073||||MD|Y|||||||||.01235|.00751
RD|I|40|143|1127|88110|5|7|105|811|20200328|00:00|-0.00909||||MD|TT|||||||||.01226|.00778
RD|I|40|143|1127|88110|5|7|105|811|20200331|00:00|0.00455||||MD|TT|||||||||.01228|.00755
RD|I|40|143|1127|88110|5|7|105|811|20200403|00:00|-0.00316||||4|5|MD|TT|||||||.01226|.00749
RD|I|40|143|1127|88110|5|7|105|811|20200406|00:00|-0.00274||||4|MD|TT||||||||.01226|.00749
RD|I|40|143|1127|88110|5|7|105|811|20200409|00:00|0.00363||||4|MD|||||||||.01227|.00751
RD|I|40|143|1127|88110|5|7|105|811|20200412|00:00|0.00054||||4|MD|||||||||.01227|.00746
RD|I|40|143|1127|88110|5|7|105|811|20200415|00:00|-0.00427||||4|5|MD||||||||.01227|.00754
RD|I|40|143|1127|88110|5|7|105|811|20200418|00:00|-0.00278||||4|MD|||||||||.01227|.00749
RD|I|40|143|1127|88110|5|7|105|811|20200421|00:00|-0.00445||||4|MD|||||||||.01226|.00754
RD|I|40|143|1127|88110|5|7|105|811|20200424|00:00|0.01873||||4|TT|||||||||.01227|.00881
RD|I|40|143|1127|88110|5|7|105|811|20200427|00:00|0.01048||||4|MD|TT||||||||.01226|.0079
RD|I|40|143|1127|88110|5|7|105|811|20200430|00:00|-0.00078||||4|MD|||||||||.01228|.00747
RD|I|40|143|1127|88110|5|7|105|811|20200503|00:00|-0.00146||||MD|TT|||||||||.01224|.00745
RD|I|40|143|1127|88110|5|7|105|811|20200506|00:00|-0.00346||||MD|TT|||||||||.01228|.00752
RD|I|40|143|1127|88110|5|7|105|811|20200509|00:00|-0.00481||||MD|TT|||||||||.01225|.00755
RD|I|40|143|1127|88110|5|7|105|811|20200512|00:00|-0.00243||||MD|TT|||||||||.01228|.00749
RD|I|40|143|1127|88110|5|7|105|811|20200515|00:00|0.00875||||MD|TT|||||||||.01227|.00777
RD|I|40|143|1127|88110|5|7|105|811|20200518|00:00|0.00189||||MD|TT|||||||||.01226|.00747
RD|I|40|143|1127|88110|5|7|105|811|20200521|00:00|0.00327||||MD|TT|||||||||.01226|.0075
RD|I|40|143|1127|88110|5|7|105|811|20200524|00:00|-0.01308||||MD|TT|||||||||.01225|.00814
RD|I|40|143|1127|88110|5|7|105|811|20200527|00:00|-0.00589||||MD|TT|||||||||.01226|.0076
RD|I|40|143|1127|88110|5|7|105|811|20200530|00:00|0.01066||||MD|TT|||||||||.01226|.00791
RD|I|40|143|1127|88110|5|7|105|811|20200602|00:00|0.00071||||MD|TT|||||||||.01394|.00848
RD|I|40|143|1127|88110|5|7|105|811|20200605|00:00|-0.00674||||MD|TT|||||||||.01393|.00863
RD|I|40|143|1127|88110|5|7|105|811|20200608|00:00|0.00115||||MD|TT|||||||||.01394|.00848
RD|I|40|143|1127|88110|5|7|105|811|20200611|00:00|-0.00175||||MD||||||||||.01394|.00848
RD|I|40|143|1127|88110|5|7|105|811|20200614|00:00|0.00636||||MD||||||||||.01395|.00863
RD|I|40|143|1127|88110|5|7|105|811|20200617|00:00|-0.00464||||MD|TT|||||||||.01393|.00855
RD|I|40|143|1127|88110|5|7|105|811|20200620|00:00|0.00969||||MD|TT|||||||||.01394|.00882
RD|I|40|143|1127|88110|5|7|105|811|20200623|00:00|0.00373||||MD|TT|||||||||.01395|.00853
RD|I|40|143|1127|88110|5|7|105|811|20200626|00:00|-0.00344||||MD|TT|||||||||.01394|.00852
RD|I|40|143|1127|88110|5|7|105|811|20200629|00:00|-0.00346||||MD|TT|||||||||.01393|.00851
RD|I|40|143|1127|88110|5|7|105|811|20200702|00:00|-0.00352||||MD|TT|||||||||.01226|.0075
RD|I|40|143|1127|88110|5|7|105|811|20200705|00:00|-0.00703||||MD|TT|||||||||.01227|.00766
RD|I|40|143|1127|88110|5|7|105|811|20200708|00:00|0.01386||||||||||||||.01226|.00822
RD|I|40|143|1127|88110|5|7|105|811|20200711|00:00|-0.00449||||IJ|3|MD|TT|X||||||.01224|.00753
RD|I|40|143|1127|88110|5|7|105|811|20200714|00:00|0.00509||||3|MD|TT||||||||.01226|.00756
RD|I|40|143|1127|88110|5|7|105|811|20200717|00:00|0.00982||||MD|TT|||||||||.01223|.00783
RD|I|40|143|1127|88110|5|7|105|811|20200720|00:00|0.01358||||TT||||||||||.01223|.00818
RD|I|40|143|1127|88110|5|7|105|811|20200723|00:00|-0.00327||||MD|TT|||||||||.01225|.00749
RD|I|40|143|1127|88110|5|7|105|811|20200726|00:00|0.00067||||MD|TT|||||||||.01224|.00745
RD|I|40|143|1127|88110|5|7|105|811|20200729|00:00|-0.00233||||MD|TT|||||||||.01225|.00747
RD|I|40|143|1127|88110|5|7|105|811|20200801|00:00|0.00501||||MD|TT|||||||||.01344|.00827
RD|I|40|143|1127|88110|5|7|105|811|20200804|00:00|0.00788||||MD|TT|||||||||.01346|.00842
RD|I|40|143|1127|88110|5|7|105|811|20200807|00:00|-0.00266||||MD|TT|||||||||.01343|.00819
RD|I|40|143|1127|88110|5|7|105|811|20200810|00:00|0.00205||||MD|TT|||||||||.01345|.00819
RD|I|40|143|1127|88110|5|7|105|811|20200813|00:00|0.01133||||MD|TT|||||||||.01346|.00866
RD|I|40|143|1127|88110|5|7|105|811|20200816|00:00|-0.00006||||MD|TT|||||||||.01345|.00818
RD|I|40|143|1127|88110|5|7|105|811|20200819|00:00|-0.00447||||MD|TT|||||||||.01347|.00826
RD|I|40|143|1127|88110|5|7|105|811|20200822|00:00|0.00620||||MD|TT|||||||||.01347|.00833
RD|I|40|143|1127|88110|5|7|105|811|20200825|00:00|0.00324||||MD|TT|||||||||.01346|.00822
RD|I|40|143|1127|88110|5|7|105|811|20200828|00:00|0.02157||||TT||||||||||.01346|.0098
RD|I|40|143|1127|88110|5|7|105|811|20200831|00:00|-0.00441||||MD|TT|||||||||.01346|.00826
RD|I|40|143|1127|88110|5|7|105|811|20200903|00:00|0.00138||||MD|TT|||||||||.01391|.00846
RD|I|40|143|1127|88110|5|7|105|811|20200906|00:00|0.01537||||TT||||||||||.0139|.00928
RD|I|40|143|1127|88110|5|7|105|811|20200909|00:00|0.00212||||MD||||||||||.01396|.0085
RD|I|40|143|1127|88110|5|7|105|811|20200912|00:00|0.01549||||TT||||||||||.01393|.00931
RD|I|40|143|1127|88110|5|7|105|811|20200915|00:00|0.00240||||MD|TT|||||||||.01392|.00848
RD|I|40|143|1127|88110|5|7|105|811|20200918|00:00|-0.00209||||MD||||||||||.01394|.00849
RD|I|40|143|1127|88110|5|7|105|811|20200921|00:00|0.00208||||MD||||||||||.01394|.00849
RD|I|40|143|1127|88110|5|7|105|811|20200924|00:00|-0.01213||||MD|TT|||||||||.01394|.009
RD|I|40|143|1127|88110|5|7|105|811|20200927|00:00|0.00181||||MD|TT|||||||||.01393|.00848
RD|I|40|143|1127|88110|5|7|105|811|20200930|00:00||BJ||||||||||||||
RD|I|40|143|1127|88110|5|7|105|811|20201003|00:00|-0.00967||||MD|TT|||||||||.01284|.00817
RD|I|40|143|1127|88110|5|7|105|811|20201006|00:00|-0.00347||||MD|TT|||||||||.01284|.00785
RD|I|40|143|1127|88110|5|7|105|811|20201009|00:00|-0.01398||||MD|TT|||||||||.01282|.00854
RD|I|40|143|1127|88110|5|7|105|811|20201012|00:00|-0.00431||||MD|TT|||||||||.01283|.00788
RD|I|40|143|1127|88110|5|7|105|811|20201015|00:00|-0.00337||||MD|TT|||||||||.01284|.00785
RD|I|40|143|1127|88110|5|7|105|811|20201018|00:00|0.01130||||MD|TT|||||||||.01283|.00829
RD|I|40|143|1127|88110|5|7|105|811|20201021|00:00|0.02185||||TT||||||||||.01283|.00952
RD|I|40|143|1127|88110|5|7|105|811|20201024|00:00|-0.00798||||MD||||||||||.01286|.00807
RD|I|40|143|1127|88110|5|7|105|811|20201027|00:00|-0.01569||||5|MD|||||||||.01282|.00873
RD|I|40|143|1127|88110|5|7|105|811|20201030|00:00|-0.00249||||MD|TT|||||||||.01284|.00783
RD|I|40|143|1127|88110|5|7|105|811|20201102|00:00|0.01514||||MD|TT|||||||||.0162|.01055
RD|I|40|143|1127|88110|5|7|105|811|20201105|00:00|-0.00435||||MD||||||||||.01623|.00992
RD|I|40|143|1127|88110|5|7|105|811|20201108|00:00|0.00556||||MD||||||||||.01621|.00995
RD|I|40|143|1127|88110|5|7|105|811|20201111|00:00|0.01409||||MD|TT|||||||||.01621|.01047
RD|I|40|143|1127|88110|5|7|105|811|20201114|00:00|0.02148||||TT||||||||||.01621|.01122
RD|I|40|143|1127|88110|5|7|105|811|20201117|00:00|-0.01196||||MD|TT|||||||||.0162|.01029
RD|I|40|143|1127|88110|5|7|105|811|20201120|00:00|-0.00741||||MD||||||||||.01622|.01003
RD|I|40|143|1127|88110|5|7|105|811|20201123|00:00|0.00748||||MD||||||||||.01621|.01003
RD|I|40|143|1127|88110|5|7|105|811|20201126|00:00|-0.00774||||MD||||||||||.01622|.01005
RD|I|40|143|1127|88110|5|7|105|811|20201129|00:00|-0.00350||||MD||||||||||.01622|.0099
RD|I|40|143|1127|88110|5|7|105|811|20201202|00:00|0.01124||||MD||||||||||.01614|.01021
RD|I|40|143|1127|88110|5|7|105|811|20201205|00:00|-0.00567||||MD||||||||||.01615|.00992
RD|I|40|143|1127|88110|5|7|105|811|20201208|00:00|-0.01022||||MD||||||||||.01613|.01014
RD|I|40|143|1127|88110|5|7|105|811|20201211|00:00|-0.01179||||MD||||||||||.01615|.01025
RD|I|40|143|1127|88110|5|7|105|811|20201214|00:00|-0.00314||||MD||||||||||.01613|.00984
RD|I|40|143|1127|88110|5|7|105|811|20201217|00:00|-0.00786||||MD||||||||||.01613|.01
RD|I|40|143|1127|88110|5|7|105|811|20201220|00:00|0.00930||||MD||||||||||.01615|.01009
RD|I|40|143|1127|88110|5|7|105|811|20201223|00:00|-0.00102||||MD||||||||||.01614|.00981
RD|I|40|143|1127|88110|5|7|105|811|20201226|00:00||AF||||||||||||||
RD|I|40|143|1127|88110|5|7|105|811|20201229|00:00|-0.00020||||MD|TT|||||||||.01616|.00982
RD|I|40|143|1127|88110|5|7|105|811|20201230|00:00|0.00909||||2|MD|TT||||||||.01614|.01007
RD|I|40|143|1127|88112|5|7|105|811|20200101|00:00|0.00280||||||||||||||.00239|.00161
RD|I|40|143|1127|88112|5|7|105|811|20200104|00:00|0.00024||||5|MD|||||||||.00239|.00145
RD|I|40|143|1127|88112|5|7|105|811|20200107|00:00|0.00093||||MD||||||||||.00239|.00147
RD|I|40|143|1127|88112|5|7|105|811|20200110|00:00|0.00595||||||||||||||.00233|.00202
RD|I|40|143|1127|88112|5|7|105|811|20200113|00:00|0.00099||||MD||||||||||.00239|.00147
RD|I|40|143|1127|88112|5|7|105|811|20200116|00:00|0.00010||||MD||||||||||.00239|.00145
RD|I|40|143|1127|88112|5|7|105|811|20200119|00:00|-0.00126||||MD||||||||||.00239|.00149
RD|I|40|143|1127|88112|5|7|105|811|20200122|00:00|0.00062||||MD||||||||||.00239|.00146
RD|I|40|143|1127|88112|5|7|105|811|20200125|00:00|0.00388||||TT||||||||||.00239|.00175
RD|I|40|143|1127|88112|5|7|105|811|20200128|00:00|0.00336||||TT||||||||||.00239|.00168
RD|I|40|143|1127|88112|5|7|105|811|20200131|00:00|0.00490||||||||||||||.00239|.0019
RD|I|40|143|1127|88112|5|7|105|811|20200203|00:00|0.00256||||||||||||||.00192|.00133
RD|I|40|143|1127|88112|5|7|105|811|20200206|00:00|0.00497||||||||||||||.00192|.00171
RD|I|40|143|1127|88112|5|7|105|811|20200209|00:00|0.00521||||||||||||||.00192|.00175
RD|I|40|143|1127|88112|5|7|105|811|20200212|00:00|0.00155||||5|MD|||||||||.00192|.00123
RD|I|40|143|1127|88112|5|7|105|811|20200215|00:00|0.00432||||||||||||||.00192|.00159
RD|I|40|143|1127|88112|5|7|105|811|20200218|00:00|-0.00037||||MD||||||||||.00192|.00117
RD|I|40|143|1127|88112|5|7|105|811|20200221|00:00|0.00112||||MD|TT|||||||||.00192|.0012
RD|I|40|143|1127|88112|5|7|105|811|20200224|00:00|0.00249||||TT||||||||||.00192|.00132
RD|I|40|143|1127|88112|5|7|105|811|20200227|00:00|0.00144||||MD||||||||||.00192|.00122
RD|I|40|143|1127|88112|5|7|105|811|20200301|00:00|-0.00181||||MD||||||||||.00202|.0013
RD|I|40|143|1127|88112|5|7|105|811|20200304|00:00|-0.00070||||MD||||||||||.00202|.00124
RD|I|40|143|1127|88112|5|7|105|811|20200307|00:00|-0.00125||||MD||||||||||.00202|.00126
RD|I|40|143|1127|88112|5|7|105|811|20200310|00:00|0.00204||||||||||||||.00202|.00133
RD|I|40|143|1127|88112|5|7|105|811|20200313|00:00|-0.00081||||MD||||||||||.00202|.00124
RD|I|40|143|1127|88112|5|7|105|811|20200316|00:00|-0.00094||||MD||||||||||.00202|.00125
RD|I|40|143|1127|88112|5|7|105|811|20200319|00:00|-0.00126||||MD|TT|||||||||.00202|.00126
RD|I|40|143|1127|88112|5|7|105|811|20200322|00:00|0.00188||||MD|TT|||||||||.00202|.00132
RD|I|40|143|1127|88112|5|7|105|811|20200325|00:00|0.00386||||Y||||||||||.00203|.00157
RD|I|40|143|1127|88112|5|7|105|811|20200328|00:00|0.00067||||MD|TT|||||||||.00201|.00124
RD|I|40|143|1127|88112|5|7|105|811|20200331|00:00|-0.00002||||MD|TT|||||||||.00202|.00123
RD|I|40|143|1127|88112|5|7|105|811|20200403|00:00|0.00088||||4|5|MD|TT|||||||.00223|.00138
RD|I|40|143|1127|88112|5|7|105|811|20200406|00:00|0.00474||||4|TT|||||||||.00224|.0018
RD|I|40|143|1127|88112|5|7|105|811|20200409|00:00|0.00098||||4|MD|||||||||.00224|.00138
RD|I|40|143|1127|88112|5|7|105|811|20200412|00:00|0.00050||||4|MD|||||||||.00224|.00137
RD|I|40|143|1127|88112|5|7|105|811|20200415|00:00|-0.00015||||4|5|MD||||||||.00224|.00136
RD|I|40|143|1127|88112|5|7|105|811|20200418|00:00|-0.00061||||4|MD|||||||||.00224|.00137
RD|I|40|143|1127|88112|5|7|105|811|20200421|00:00|0.00016||||4|MD|||||||||.00224|.00136
RD|I|40|143|1127|88112|5|7|105|811|20200424|00:00|0.00105||||4|MD|TT||||||||.00224|.00138
RD|I|40|143|1127|88112|5|7|105|811|20200427|00:00|0.00723||||4|TT|||||||||.00223|.00226
RD|I|40|143|1127|88112|5|7|105|811|20200430|00:00|0.00253||||4||||||||||.00224|.0015
RD|I|40|143|1127|88112|5|7|105|811|20200503|00:00|-0.00125||||MD|TT|||||||||.00218|.00136
RD|I|40|143|1127|88112|5|7|105|811|20200506|00:00|-0.00048||||MD|TT|||||||||.00218|.00133
RD|I|40|143|1127|88112|5|7|105|811|20200509|00:00|-0.00023||||MD|TT|||||||||.00218|.00133
RD|I|40|143|1127|88112|5|7|105|811|20200512|00:00|0.00208||||MD|TT|||||||||.00218|.00143
RD|I|40|143|1127|88112|5|7|105|811|20200515|00:00|0.00227||||TT||||||||||.00218|.00144
RD|I|40|143|1127|88112|5|7|105|811|20200518|00:00|0.00284||||TT||||||||||.00218|.0015
RD|I|40|143|1127|88112|5|7|105|811|20200521|00:00|0.00291||||TT||||||||||.00218|.00151
RD|I|40|143|1127|88112|5|7|105|811|20200524|00:00|0.00222||||TT||||||||||.00218|.00144
RD|I|40|143|1127|88112|5|7|105|811|20200527|00:00|0.00087||||MD|TT|||||||||.00218|.00134
RD|I|40|143|1127|88112|5|7|105|811|20200530|00:00|0.00424||||TT||||||||||.00218|.0017
RD|I|40|143|1127|88112|5|7|105|811|20200602|00:00|0.00132||||MD|TT|||||||||.00225|.00141
RD|I|40|143|1127|88112|5|7|105|811|20200605|00:00|0.00454||||TT||||||||||.00225|.00178
RD|I|40|143|1127|88112|5|7|105|811|20200608|00:00|-0.00079||||MD|TT|||||||||.00225|.00138
RD|I|40|143|1127|88112|5|7|105|811|20200611|00:00|0.00127||||MD||||||||||.00225|.0014
RD|I|40|143|1127|88112|5|7|105|811|20200614|00:00|-0.00064||||MD||||||||||.00225|.00138
RD|I|40|143|1127|88112|5|7|105|811|20200617|00:00|0.00043||||MD|TT|||||||||.00225|.00137
RD|I|40|143|1127|88112|5|7|105|811|20200620|00:00|-0.00197||||MD|TT|||||||||.00225|.00145
RD|I|40|143|1127|88112|5|7|105|811|20200623|00:00|-0.00029||||MD|TT|||||||||.00225|.00137
RD|I|40|143|1127|88112|5|7|105|811|20200626|00:00|-0.00027||||MD|TT|||||||||.00225|.00137
RD|I|40|143|1127|88112|5|7|105|811|20200629|00:00|0.00134||||MD|TT|||||||||.00225|.00141
RD|I|40|143|1127|88112|5|7|105|811|20200702|00:00|0.00206||||MD|TT|||||||||.00224|.00145
RD|I|40|143|1127|88112|5|7|105|811|20200705|00:00|0.00512||||TT||||||||||.00224|.00187
RD|I|40|143|1127|88112|5|7|105|811|20200708|00:00|0.00307||||||||||||||.00224|.00156
RD|I|40|143|1127|88112|5|7|105|811|20200711|00:00|0.00080||||IJ|3|MD|TT|X||||||.00224|.00137
RD|I|40|143|1127|88112|5|7|105|811|20200714|00:00|0.00074||||3|MD|TT||||||||.00224|.00137
RD|I|40|143|1127|88112|5|7|105|811|20200717|00:00|0.00255||||TT||||||||||.00223|.0015
RD|I|40|143|1127|88112|5|7|105|811|20200720|00:00|0.00561||||TT||||||||||.00223|.00195
RD|I|40|143|1127|88112|5|7|105|811|20200723|00:00|0.00411||||TT||||||||||.00224|.0017
RD|I|40|143|1127|88112|5|7|105|811|20200726|00:00|0.00145||||MD|TT|||||||||.00224|.00141
RD|I|40|143|1127|88112|5|7|105|811|20200729|00:00|0.00163||||MD|TT|||||||||.00224|.00142
RD|I|40|143|1127|88112|5|7|105|811|20200801|00:00|0.00022||||MD|TT|||||||||.00234|.00143
RD|I|40|143|1127|88112|5|7|105|811|20200804|00:00|-0.00118||||MD|TT|||||||||.00235|.00146
RD|I|40|143|1127|88112|5|7|105|811|20200807|00:00|-0.00105||||MD|TT|||||||||.00234|.00145
RD|I|40|143|1127|88112|5|7|105|811|20200810|00:00|-0.00071||||MD|TT|||||||||.00235|.00144
RD|I|40|143|1127|88112|5|7|105|811|20200813|00:00|0.00491||||TT||||||||||.00235|.00188
RD|I|40|143|1127|88112|5|7|105|811|20200816|00:00|0.00188||||MD|TT|||||||||.00234|.0015
RD|I|40|143|1127|88112|5|7|105|811|20200819|00:00|0.00114||||MD|TT|||||||||.00235|.00146
RD|I|40|143|1127|88112|5|7|105|811|20200822|00:00|0.00202||||MD|TT|||||||||.00235|.00151
RD|I|40|143|1127|88112|5|7|105|811|20200825|00:00|0.00144||||MD|TT|||||||||.00235|.00147
RD|I|40|143|1127|88112|5|7|105|811|20200828|00:00|0.00172||||MD|TT|||||||||.00235|.00149
RD|I|40|143|1127|88112|5|7|105|811|20200831|00:00|0.00178||||MD|TT|||||||||.00235|.0015
RD|I|40|143|1127|88112|5|7|105|811|20200903|00:00|-0.00030||||MD|TT|||||||||.00228|.00139
RD|I|40|143|1127|88112|5|7|105|811|20200906|00:00|-0.00055||||MD|TT|||||||||.00227|.00139
RD|I|40|143|1127|88112|5|7|105|811|20200909|00:00|0.00131||||MD||||||||||.00228|.00143
RD|I|40|143|1127|88112|5|7|105|811|20200912|00:00|0.00158||||MD|TT|||||||||.00228|.00144
RD|I|40|143|1127|88112|5|7|105|811|20200915|00:00|0.00438||||TT||||||||||.00228|.00177
RD|I|40|143|1127|88112|5|7|105|811|20200918|00:00|-0.00007||||MD||||||||||.00228|.00139
RD|I|40|143|1127|88112|5|7|105|811|20200921|00:00|0.00054||||MD||||||||||.00228|.00139
RD|I|40|143|1127|88112|5|7|105|811|20200924|00:00|0.00737||||TT||||||||||.00228|.00231
RD|I|40|143|1127|88112|5|7|105|811|20200927|00:00|0.00239||||TT||||||||||.00228|.00151
RD|I|40|143|1127|88112|5|7|105|811|20200930|00:00||BJ||||||||||||||
RD|I|40|143|1127|88112|5|7|105|811|20201003|00:00|-0.00094||||MD|TT|||||||||.00263|.00162
RD|I|40|143|1127|88112|5|7|105|811|20201006|00:00|0.00156||||MD|TT|||||||||.00263|.00165
RD|I|40|143|1127|88112|5|7|105|811|20201009|00:00|0.00086||||MD|TT|||||||||.00263|.00161
RD|I|40|143|1127|88112|5|7|105|811|20201012|00:00|0.00199||||MD|TT|||||||||.00263|.00168
RD|I|40|143|1127|88112|5|7|105|811|20201015|00:00|0.00035||||MD|TT|||||||||.00263|.0016
RD|I|40|143|1127|88112|5|7|105|811|20201018|00:00|0.00122||||MD|TT|||||||||.00263|.00163
RD|I|40|143|1127|88112|5|7|105|811|20201021|00:00||SC||||||||||||||
RD|I|40|143|1127|88112|5|7|105|811|20201024|00:00|0.00211||||MD||||||||||.00264|.00169
RD|I|40|143|1127|88112|5|7|105|811|20201027|00:00|0.00002||||5|MD|||||||||.00263|.0016
RD|I|40|143|1127|88112|5|7|105|811|20201030|00:00|-0.00032||||MD|TT|||||||||.00263|.0016
RD|I|40|143|1127|88112|5|7|105|811|20201102|00:00|0.00158||||MD|TT|||||||||.00231|.00146
RD|I|40|143|1127|88112|5|7|105|811|20201105|00:00|0.00391||||||||||||||.00231|.00171
RD|I|40|143|1127|88112|5|7|105|811|20201108|00:00|-0.00221||||MD||||||||||.00231|.00151
RD|I|40|143|1127|88112|5|7|105|811|20201111|00:00|0.00037||||MD|TT|||||||||.00231|.00141
RD|I|40|143|1127|88112|5|7|105|811|20201114|00:00|0.00034||||MD|TT|||||||||.00231|.00141
RD|I|40|143|1127|88112|5|7|105|811|20201117|00:00|0.00064||||MD|TT|||||||||.00231|.00141
RD|I|40|143|1127|88112|5|7|105|811|20201120|00:00|-0.00087||||MD||||||||||.00231|.00142
RD|I|40|143|1127|88112|5|7|105|811|20201123|00:00|-0.00076||||MD||||||||||.00231|.00142
RD|I|40|143|1127|88112|5|7|105|811|20201126|00:00|0.00191||||MD||||||||||.00231|.00149
RD|I|40|143|1127|88112|5|7|105|811|20201129|00:00|0.00016||||MD||||||||||.00231|.00141
RD|I|40|143|1127|88112|5|7|105|811|20201202|00:00|0.00400||||||||||||||.00243|.00179
RD|I|40|143|1127|88112|5|7|105|811|20201205|00:00|0.00130||||MD||||||||||.00243|.00151
RD|I|40|143|1127|88112|5|7|105|811|20201208|00:00|-0.00056||||MD||||||||||.00243|.00148
RD|I|40|143|1127|88112|5|7|105|811|20201211|00:00|0.00399||||||||||||||.00243|.00178
RD|I|40|143|1127|88112|5|7|105|811|20201214|00:00|0.00241||||MD||||||||||.00243|.0016
RD|I|40|143|1127|88112|5|7|105|811|20201217|00:00|0.00081||||MD||||||||||.00243|.00149
RD|I|40|143|1127|88112|5|7|105|811|20201220|00:00|-0.00002||||MD||||||||||.00243|.00148
RD|I|40|143|1127|88112|5|7|105|811|20201223|00:00|0.00444||||||||||||||.00243|.00185
RD|I|40|143|1127|88112|5|7|105|811|20201226|00:00||AF||||||||||||||
RD|I|40|143|1127|88112|5|7|105|811|20201229|00:00|-0.00027||||MD|TT|||||||||.00244|.00148
RD|I|40|143|1127|88112|5|7|105|811|20201230|00:00|0.00157||||2|MD|TT||||||||.00243|.00153
RD|I|40|143|1127|88128|5|7|105|811|20200101|00:00|-0.00255||||MD||||||||||.00933|.00571
RD|I|40|143|1127|88128|5|7|105|811|20200104|00:00|-0.00496||||5|MD|||||||||.00934|.00581
RD|I|40|143|1127|88128|5|7|105|811|20200107|00:00|0.01163||||||||||||||.00935|.00638
RD|I|40|143|1127|88128|5|7|105|811|20200110|00:00|0.00329||||MD||||||||||.0091|.00559
RD|I|40|143|1127|88128|5|7|105|811|20200113|00:00|-0.00130||||MD||||||||||.00935|.00569
RD|I|40|143|1127|88128|5|7|105|811|20200116|00:00|-0.00005||||MD||||||||||.00935|.00568
RD|I|40|143|1127|88128|5|7|105|811|20200119|00:00|-0.00021||||MD||||||||||.00934|.00568
RD|I|40|143|1127|88128|5|7|105|811|20200122|00:00|0.00371||||MD||||||||||.00933|.00575
RD|I|40|143|1127|88128|5|7|105|811|20200125|00:00|0.00461||||MD|TT|||||||||.00935|.0058
RD|I|40|143|1127|88128|5|7|105|811|20200128|00:00|0.00165||||MD|TT|||||||||.00935|.0057
RD|I|40|143|1127|88128|5|7|105|811|20200131|00:00|0.00986||||||||||||||.00934|.00619
RD|I|40|143|1127|88128|5|7|105|811|20200203|00:00|0.00064||||MD||||||||||.00608|.0037
RD|I|40|143|1127|88128|5|7|105|811|20200206|00:00|-0.00021||||MD||||||||||.00608|.0037
RD|I|40|143|1127|88128|5|7|105|811|20200209|00:00|0.01308||||||||||||||.00609|.00494
RD|I|40|143|1127|88128|5|7|105|811|20200212|00:00|0.00807||||5||||||||||.00608|.00421
RD|I|40|143|1127|88128|5|7|105|811|20200215|00:00|0.00022||||MD||||||||||.00609|.0037
RD|I|40|143|1127|88128|5|7|105|811|20200218|00:00|0.00395||||MD||||||||||.00608|.00383
RD|I|40|143|1127|88128|5|7|105|811|20200221|00:00|0.01286||||TT||||||||||.00608|.0049
RD|I|40|143|1127|88128|5|7|105|811|20200224|00:00|0.00532||||MD|TT|||||||||.00608|.00393
RD|I|40|143|1127|88128|5|7|105|811|20200227|00:00|0.00385||||MD||||||||||.00608|.00382
RD|I|40|143|1127|88128|5|7|105|811|20200301|00:00|0.00357||||MD||||||||||.00627|.00392
RD|I|40|143|1127|88128|5|7|105|811|20200304|00:00|0.00481||||MD||||||||||.00627|.00401
RD|I|40|143|1127|88128|5|7|105|811|20200307|00:00|-0.00312||||MD||||||||||.00626|.00388
RD|I|40|143|1127|88128|5|7|105|811|20200310|00:00|-0.00585||||MD||||||||||.00627|.00407
RD|I|40|143|1127|88128|5|7|105|811|20200313|00:00|-0.00529||||MD||||||||||.00626|.00402
RD|I|40|143|1127|88128|5|7|105|811|20200316|00:00|-0.00098||||MD||||||||||.00627|.00382
RD|I|40|143|1127|88128|5|7|105|811|20200319|00:00|-0.00816||||MD|TT|||||||||.00627|.0043
RD|I|40|143|1127|88128|5|7|105|811|20200322|00:00|0.00359||||MD|TT|||||||||.00627|.00392
RD|I|40|143|1127|88128|5|7|105|811|20200325|00:00|-0.00186||||MD|Y|||||||||.0063|.00386
RD|I|40|143|1127|88128|5|7|105|811|20200328|00:00|-0.00211||||MD|TT|||||||||.00626|.00384
RD|I|40|143|1127|88128|5|7|105|811|20200331|00:00|0.00458||||MD|TT|||||||||.00627|.00399
RD|I|40|143|1127|88128|5|7|105|811|20200403|00:00|0.00955||||4|5|TT||||||||.00608|.0044
RD|I|40|143|1127|88128|5|7|105|811|20200406|00:00|0.00395||||4|MD|TT||||||||.00608|.00383
RD|I|40|143|1127|88128|5|7|105|811|20200409|00:00|0.00495||||4|MD|||||||||.00608|.0039
RD|I|40|143|1127|88128|5|7|105|811|20200412|00:00|-0.00254||||4|MD|||||||||.00608|.00375
RD|I|40|143|1127|88128|5|7|105|811|20200415|00:00|-0.00125||||4|5|MD||||||||.00608|.00371
RD|I|40|143|1127|88128|5|7|105|811|20200418|00:00|0.00358||||4|MD|||||||||.00608|.00381
RD|I|40|143|1127|88128|5|7|105|811|20200421|00:00|-0.00001||||4|MD|||||||||.00608|.0037
RD|I|40|143|1127|88128|5|7|105|811|20200424|00:00|0.00473||||4|MD|TT||||||||.00608|.00388
RD|I|40|143|1127|88128|5|7|105|811|20200427|00:00|0.00384||||4|MD|TT||||||||.00608|.00382
RD|I|40|143|1127|88128|5|7|105|811|20200430|00:00|0.00315||||4|MD|||||||||.00609|.00378
RD|I|40|143|1127|88128|5|7|105|811|20200503|00:00|0.00321||||MD|TT|||||||||.00612|.0038
RD|I|40|143|1127|88128|5|7|105|811|20200506|00:00|-0.00241||||MD|TT|||||||||.00614|.00378
RD|I|40|143|1127|88128|5|7|105|811|20200509|00:00|0.00329||||MD|TT|||||||||.00613|.00381
RD|I|40|143|1127|88128|5|7|105|811|20200512|00:00|0.00263||||MD|TT|||||||||.00614|.00379
RD|I|40|143|1127|88128|5|7|105|811|20200515|00:00|0.00048||||MD|TT|||||||||.00613|.00373
RD|I|40|143|1127|88128|5|7|105|811|20200518|00:00|0.00347||||MD|TT|||||||||.00613|.00383
RD|I|40|143|1127|88128|5|7|105|811|20200521|00:00|0.00855||||TT||||||||||.00613|.00429
RD|I|40|143|1127|88128|5|7|105|811|20200524|00:00|0.00139||||MD|TT|||||||||.00612|.00374
RD|I|40|143|1127|88128|5|7|105|811|20200527|00:00|-0.00315||||MD|TT|||||||||.00613|.00381
RD|I|40|143|1127|88128|5|7|105|811|20200530|00:00|0.00988||||TT||||||||||.00613|.00447
RD|I|40|143|1127|88128|5|7|105|811|20200602|00:00|-0.00203||||MD|TT|||||||||.00736|.0045
RD|I|40|143|1127|88128|5|7|105|811|20200605|00:00|-0.00110||||MD|TT|||||||||.00736|.00448
RD|I|40|143|1127|88128|5|7|105|811|20200608|00:00|0.00581||||MD|TT|||||||||.00736|.00471
RD|I|40|143|1127|88128|5|7|105|811|20200611|00:00|0.01051||||||||||||||.00736|.00519
RD|I|40|143|1127|88128|5|7|105|811|20200614|00:00|0.00514||||MD||||||||||.00737|.00466
RD|I|40|143|1127|88128|5|7|105|811|20200617|00:00|0.00882||||TT||||||||||.00736|.00499
RD|I|40|143|1127|88128|5|7|105|811|20200620|00:00|0.00583||||MD|TT|||||||||.00737|.00471
RD|I|40|143|1127|88128|5|7|105|811|20200623|00:00|0.00228||||MD|TT|||||||||.00737|.00451
RD|I|40|143|1127|88128|5|7|105|811|20200626|00:00|-0.00174||||MD|TT|||||||||.00736|.0045
RD|I|40|143|1127|88128|5|7|105|811|20200629|00:00|-0.00681||||MD|TT|||||||||.00736|.00479
RD|I|40|143|1127|88128|5|7|105|811|20200702|00:00|0.00472||||MD|TT|||||||||.00608|.00388
RD|I|40|143|1127|88128|5|7|105|811|20200705|00:00|0.00704||||TT||||||||||.00608|.00409
RD|I|40|143|1127|88128|5|7|105|811|20200708|00:00|0.00546||||MD||||||||||.00608|.00394
RD|I|40|143|1127|88128|5|7|105|811|20200711|00:00|0.01284||||IJ|3|TT|X|||||||.00607|.00489
RD|I|40|143|1127|88128|5|7|105|811|20200714|00:00|0.01882||||3|TT|||||||||.00608|.00598
RD|I|40|143|1127|88128|5|7|105|811|20200717|00:00|0.00475||||MD|TT|||||||||.00607|.00387
RD|I|40|143|1127|88128|5|7|105|811|20200720|00:00|0.00555||||MD|TT|||||||||.00607|.00394
RD|I|40|143|1127|88128|5|7|105|811|20200723|00:00|0.00338||||MD|TT|||||||||.00607|.00379
RD|I|40|143|1127|88128|5|7|105|811|20200726|00:00|0.00409||||MD|TT|||||||||.00607|.00383
RD|I|40|143|1127|88128|5|7|105|811|20200729|00:00|0.01208||||TT||||||||||.00607|.00477
RD|I|40|143|1127|88128|5|7|105|811|20200801|00:00|0.01206||||TT||||||||||.00607|.00476
RD|I|40|143|1127|88128|5|7|105|811|20200804|00:00|0.00507||||MD|TT|||||||||.00607|.0039
RD|I|40|143|1127|88128|5|7|105|811|20200807|00:00|0.00266||||MD|TT|||||||||.00606|.00374
RD|I|40|143|1127|88128|5|7|105|811|20200810|00:00|0.00073||||MD|TT|||||||||.00607|.0037
RD|I|40|143|1127|88128|5|7|105|811|20200813|00:00|0.01246||||TT||||||||||.00608|.00483
RD|I|40|143|1127|88128|5|7|105|811|20200816|00:00|0.00559||||MD|TT|||||||||.00607|.00395
RD|I|40|143|1127|88128|5|7|105|811|20200819|00:00|-0.00386||||MD|TT|||||||||.00608|.00382
RD|I|40|143|1127|88128|5|7|105|811|20200822|00:00|0.00930||||TT||||||||||.00608|.00437
RD|I|40|143|1127|88128|5|7|105|811|20200825|00:00|0.01143||||TT||||||||||.00607|.00467
RD|I|40|143|1127|88128|5|7|105|811|20200828|00:00|0.01043||||TT||||||||||.00608|.00452
RD|I|40|143|1127|88128|5|7|105|811|20200831|00:00|-0.00149||||MD|TT|||||||||.00608|.00371
RD|I|40|143|1127|88128|5|7|105|811|20200903|00:00|-0.00076||||MD|TT|||||||||.00737|.00449
RD|I|40|143|1127|88128|5|7|105|811|20200906|00:00|0.00740||||TT||||||||||.00737|.00485
RD|I|40|143|1127|88128|5|7|105|811|20200909|00:00|-0.00146||||MD||||||||||.0074|.00451
RD|I|40|143|1127|88128|5|7|105|811|20200912|00:00|0.00125||||MD|TT|||||||||.00739|.0045
RD|I|40|143|1127|88128|5|7|105|811|20200915|00:00|0.00276||||MD|TT|||||||||.00738|.00454
RD|I|40|143|1127|88128|5|7|105|811|20200918|00:00|-0.00061||||MD||||||||||.00739|.00449
RD|I|40|143|1127|88128|5|7|105|811|20200921|00:00|0.00297||||MD||||||||||.00739|.00455
RD|I|40|143|1127|88128|5|7|105|811|20200924|00:00|0.00392||||MD|TT|||||||||.00739|.0046
RD|I|40|143|1127|88128|5|7|105|811|20200927|00:00|-0.00276||||MD|TT|||||||||.00739|.00454
RD|I|40|143|1127|88128|5|7|105|811|20200930|00:00||BJ||||||||||||||
RD|I|40|143|1127|88128|5|7|105|811|20201003|00:00|-0.00145||||MD|TT|||||||||.00708|.00432
RD|I|40|143|1127|88128|5|7|105|811|20201006|00:00|-0.00161||||MD|TT|||||||||.00709|.00433
RD|I|40|143|1127|88128|5|7|105|811|20201009|00:00|-0.00042||||MD|TT|||||||||.00707|.0043
RD|I|40|143|1127|88128|5|7|105|811|20201012|00:00|0.00687||||MD|TT|||||||||.00708|.00464
RD|I|40|143|1127|88128|5|7|105|811|20201015|00:00|0.00458||||MD|TT|||||||||.00709|.00446
RD|I|40|143|1127|88128|5|7|105|811|20201018|00:00|0.00109||||MD|TT|||||||||.00708|.00431
RD|I|40|143|1127|88128|5|7|105|811|20201021|00:00|0.00508||||MD|TT|||||||||.00708|.00449
RD|I|40|143|1127|88128|5|7|105|811|20201024|00:00|-0.00248||||MD||||||||||.00709|.00436
RD|I|40|143|1127|88128|5|7|105|811|20201027|00:00|-0.00493||||5|MD|||||||||.00708|.00447
RD|I|40|143|1127|88128|5|7|105|811|20201030|00:00|0.00010||||MD|TT|||||||||.00709|.00431
RD|I|40|143|1127|88128|5|7|105|811|20201102|00:00|-0.00508||||MD|TT|||||||||.00649|.00415
RD|I|40|143|1127|88128|5|7|105|811|20201105|00:00|0.00398||||MD||||||||||.0065|.00407
RD|I|40|143|1127|88128|5|7|105|811|20201108|00:00|-0.00436||||MD||||||||||.00649|.0041
RD|I|40|143|1127|88128|5|7|105|811|20201111|00:00|0.00610||||MD|TT|||||||||.00649|.00423
RD|I|40|143|1127|88128|5|7|105|811|20201114|00:00|0.00712||||TT||||||||||.00649|.00433
RD|I|40|143|1127|88128|5|7|105|811|20201117|00:00|0.00347||||MD|TT|||||||||.00649|.00404
RD|I|40|143|1127|88128|5|7|105|811|20201120|00:00|0.00539||||MD||||||||||.0065|.00417
RD|I|40|143|1127|88128|5|7|105|811|20201123|00:00|-0.00269||||MD||||||||||.00649|.004
RD|I|40|143|1127|88128|5|7|105|811|20201126|00:00|0.00213||||MD||||||||||.0065|.00399
RD|I|40|143|1127|88128|5|7|105|811|20201129|00:00|0.00062||||MD||||||||||.0065|.00395
RD|I|40|143|1127|88128|5|7|105|811|20201202|00:00|0.00949||||||||||||||.00701|.00488
RD|I|40|143|1127|88128|5|7|105|811|20201205|00:00|0.00460||||MD||||||||||.00701|.00441
RD|I|40|143|1127|88128|5|7|105|811|20201208|00:00|-0.00098||||MD||||||||||.007|.00426
RD|I|40|143|1127|88128|5|7|105|811|20201211|00:00|-0.00157||||MD||||||||||.00701|.00428
RD|I|40|143|1127|88128|5|7|105|811|20201214|00:00|-0.00405||||MD||||||||||.007|.00438
RD|I|40|143|1127|88128|5|7|105|811|20201217|00:00|-0.00609||||MD||||||||||.007|.00452
RD|I|40|143|1127|88128|5|7|105|811|20201220|00:00|0.00010||||MD||||||||||.00701|.00426
RD|I|40|143|1127|88128|5|7|105|811|20201223|00:00|-0.00010||||MD||||||||||.007|.00426
RD|I|40|143|1127|88128|5|7|105|811|20201226|00:00||AF||||||||||||||
RD|I|40|143|1127|88128|5|7|105|811|20201229|00:00|-0.00053||||MD|TT|||||||||.00701|.00427
RD|I|40|143|1127|88128|5|7|105|811|20201230|00:00|-0.00043||||2|MD|TT||||||||.007|.00426
RD|I|40|143|1127|88132|5|7|105|811|20200101|00:00|-0.00023||||MD||||||||||.00247|.0015
RD|I|40|143|1127|88132|5|7|105|811|20200104|00:00|0.00023||||5|MD|||||||||.00247|.0015
RD|I|40|143|1127|88132|5|7|105|811|20200107|00:00|0.00852||||||||||||||.00247|.00261
RD|I|40|143|1127|88132|5|7|105|811|20200110|00:00|0.00158||||MD||||||||||.00241|.00151
RD|I|40|143|1127|88132|5|7|105|811|20200113|00:00|0.00077||||MD||||||||||.00247|.00152
RD|I|40|143|1127|88132|5|7|105|811|20200116|00:00|0.00006||||MD||||||||||.00247|.0015
RD|I|40|143|1127|88132|5|7|105|811|20200119|00:00|0.00082||||MD||||||||||.00247|.00152
RD|I|40|143|1127|88132|5|7|105|811|20200122|00:00|0.00061||||MD||||||||||.00247|.00151
RD|I|40|143|1127|88132|5|7|105|811|20200125|00:00|0.00402||||TT||||||||||.00247|.00181
RD|I|40|143|1127|88132|5|7|105|811|20200128|00:00|-0.00320||||MD|TT|||||||||.00247|.0017
RD|I|40|143|1127|88132|5|7|105|811|20200131|00:00|0.00792||||||||||||||.00247|.00249
RD|I|40|143|1127|88132|5|7|105|811|20200203|00:00|0.00091||||MD||||||||||.00278|.00171
RD|I|40|143|1127|88132|5|7|105|811|20200206|00:00|0.00415||||||||||||||.00278|.00198
RD|I|40|143|1127|88132|5|7|105|811|20200209|00:00|0.00122||||MD||||||||||.00279|.00172
RD|I|40|143|1127|88132|5|7|105|811|20200212|00:00|0.01065||||5||||||||||.00278|.00315
RD|I|40|143|1127|88132|5|7|105|811|20200215|00:00|0.00617||||||||||||||.00279|.00229
RD|I|40|143|1127|88132|5|7|105|811|20200218|00:00|-0.00177||||MD||||||||||.00278|.00175
RD|I|40|143|1127|88132|5|7|105|811|20200221|00:00|0.00161||||MD|TT|||||||||.00278|.00174
RD|I|40|143|1127|88132|5|7|105|811|20200224|00:00|0.00044||||MD|TT|||||||||.00278|.0017
RD|I|40|143|1127|88132|5|7|105|811|20200227|00:00|0.00062||||MD||||||||||.00278|.0017
RD|I|40|143|1127|88132|5|7|105|811|20200301|00:00|0.01414||||||||||||||.00349|.00412
RD|I|40|143|1127|88132|5|7|105|811|20200304|00:00|0.00232||||MD||||||||||.00349|.0022
RD|I|40|143|1127|88132|5|7|105|811|20200307|00:00|0.00149||||MD||||||||||.00349|.00215
RD|I|40|143|1127|88132|5|7|105|811|20200310|00:00|0.00329||||MD||||||||||.00349|.00228
RD|I|40|143|1127|88132|5|7|105|811|20200313|00:00|-0.00071||||MD||||||||||.00349|.00213
RD|I|40|143|1127|88132|5|7|105|811|20200316|00:00|-0.00071||||MD||||||||||.00349|.00213
RD|I|40|143|1127|88132|5|7|105|811|20200319|00:00|-0.00172||||MD|TT|||||||||.00349|.00217
RD|I|40|143|1127|88132|5|7|105|811|20200322|00:00|0.00124||||MD|TT|||||||||.00349|.00214
RD|I|40|143|1127|88132|5|7|105|811|20200325|00:00|0.00306||||MD|Y|||||||||.00351|.00227
RD|I|40|143|1127|88132|5|7|105|811|20200328|00:00|-0.00166||||MD|TT|||||||||.00349|.00216
RD|I|40|143|1127|88132|5|7|105|811|20200331|00:00|-0.00040||||MD|TT|||||||||.00349|.00213
RD|I|40|143|1127|88132|5|7|105|811|20200403|00:00|-0.00247||||4|5|MD|TT|||||||.00276|.00179
RD|I|40|143|1127|88132|5|7|105|811|20200406|00:00|0.00081||||4|MD|TT||||||||.00276|.00169
RD|I|40|143|1127|88132|5|7|105|811|20200409|00:00|-0.00011||||4|MD|||||||||.00276|.00168
RD|I|40|143|1127|88132|5|7|105|811|20200412|00:00|0.00077||||4|MD|||||||||.00276|.00169
RD|I|40|143|1127|88132|5|7|105|811|20200415|00:00|-0.00207||||4|5|MD||||||||.00277|.00176
RD|I|40|143|1127|88132|5|7|105|811|20200418|00:00|0.00066||||4|MD|||||||||.00277|.00169
RD|I|40|143|1127|88132|5|7|105|811|20200421|00:00|-0.00051||||4|MD|||||||||.00276|.00168
RD|I|40|143|1127|88132|5|7|105|811|20200424|00:00|0.00353||||4|TT|||||||||.00276|.0019
RD|I|40|143|1127|88132|5|7|105|811|20200427|00:00|0.00266||||4|MD|TT||||||||.00276|.00181
RD|I|40|143|1127|88132|5|7|105|811|20200430|00:00|-0.00250||||4|MD|||||||||.00277|.00179
RD|I|40|143|1127|88132|5|7|105|811|20200503|00:00|-0.00100||||MD|TT|||||||||.00247|.00152
RD|I|40|143|1127|88132|5|7|105|811|20200506|00:00|0.00178||||MD|TT|||||||||.00248|.00157
RD|I|40|143|1127|88132|5|7|105|811|20200509|00:00|0.00078||||MD|TT|||||||||.00247|.00152
RD|I|40|143|1127|88132|5|7|105|811|20200512|00:00|0.00171||||MD|TT|||||||||.00248|.00157
RD|I|40|143|1127|88132|5|7|105|811|20200515|00:00|0.00125||||MD|TT|||||||||.00247|.00154
RD|I|40|143|1127|88132|5|7|105|811|20200518|00:00|-0.00028||||MD|TT|||||||||.00247|.00151
RD|I|40|143|1127|88132|5|7|105|811|20200521|00:00|0.00542||||TT||||||||||.00247|.00202
RD|I|40|143|1127|88132|5|7|105|811|20200524|00:00|0.00189||||MD|TT|||||||||.00247|.00158
RD|I|40|143|1127|88132|5|7|105|811|20200527|00:00|-0.00070||||MD|TT|||||||||.00247|.00151
RD|I|40|143|1127|88132|5|7|105|811|20200530|00:00|0.00450||||TT||||||||||.00247|.00188
RD|I|40|143|1127|88132|5|7|105|811|20200602|00:00|-0.00060||||MD|TT|||||||||.00261|.00159
RD|I|40|143|1127|88132|5|7|105|811|20200605|00:00|0.00438||||TT||||||||||.00261|.00193
RD|I|40|143|1127|88132|5|7|105|811|20200608|00:00|0.00335||||TT||||||||||.00261|.00179
RD|I|40|143|1127|88132|5|7|105|811|20200611|00:00|0.00310||||||||||||||.00261|.00177
RD|I|40|143|1127|88132|5|7|105|811|20200614|00:00|0.00032||||MD||||||||||.00261|.00159
RD|I|40|143|1127|88132|5|7|105|811|20200617|00:00|0.00887||||TT||||||||||.00261|.00273
RD|I|40|143|1127|88132|5|7|105|811|20200620|00:00|0.00035||||MD|TT|||||||||.00261|.00159
RD|I|40|143|1127|88132|5|7|105|811|20200623|00:00|-0.00002||||MD|TT|||||||||.00261|.00159
RD|I|40|143|1127|88132|5|7|105|811|20200626|00:00|0.00454||||TT||||||||||.00261|.00195
RD|I|40|143|1127|88132|5|7|105|811|20200629|00:00|0.00822||||TT||||||||||.00261|.0026
RD|I|40|143|1127|88132|5|7|105|811|20200702|00:00|0.00614||||TT||||||||||.00329|.00252
RD|I|40|143|1127|88132|5|7|105|811|20200705|00:00|0.00587||||TT||||||||||.00329|.00248
RD|I|40|143|1127|88132|5|7|105|811|20200708|00:00|0.00722||||||||||||||.00329|.00269
RD|I|40|143|1127|88132|5|7|105|811|20200711|00:00|0.00223||||IJ|3|MD|TT|X||||||.00329|.00207
RD|I|40|143|1127|88132|5|7|105|811|20200714|00:00|0.00316||||3|MD|TT||||||||.00329|.00215
RD|I|40|143|1127|88132|5|7|105|811|20200717|00:00|0.01248||||TT||||||||||.00328|.0037
RD|I|40|143|1127|88132|5|7|105|811|20200720|00:00|0.00074||||MD|TT|||||||||.00328|.002
RD|I|40|143|1127|88132|5|7|105|811|20200723|00:00|0.00213||||MD|TT|||||||||.00329|.00207
RD|I|40|143|1127|88132|5|7|105|811|20200726|00:00|0.00362||||TT||||||||||.00329|.00219
RD|I|40|143|1127|88132|5|7|105|811|20200729|00:00|0.00334||||TT||||||||||.00329|.00217
RD|I|40|143|1127|88132|5|7|105|811|20200801|00:00|0.00310||||TT||||||||||.00304|.002
RD|I|40|143|1127|88132|5|7|105|811|20200804|00:00|-0.00127||||MD|TT|||||||||.00304|.00188
RD|I|40|143|1127|88132|5|7|105|811|20200807|00:00|0.00792||||TT||||||||||.00304|.00271
RD|I|40|143|1127|88132|5|7|105|811|20200810|00:00|0.01220||||TT||||||||||.00304|.00357
RD|I|40|143|1127|88132|5|7|105|811|20200813|00:00|0.00111||||MD|TT|||||||||.00304|.00187
RD|I|40|143|1127|88132|5|7|105|811|20200816|00:00|0.00439||||TT||||||||||.00304|.00215
RD|I|40|143|1127|88132|5|7|105|811|20200819|00:00|0.00423||||TT||||||||||.00304|.00213
RD|I|40|143|1127|88132|5|7|105|811|20200822|00:00|0.00796||||TT||||||||||.00305|.00272
RD|I|40|143|1127|88132|5|7|105|811|20200825|00:00|0.01022||||TT||||||||||.00304|.00315
RD|I|40|143|1127|88132|5|7|105|811|20200828|00:00|0.00707||||TT||||||||||.00304|.00256
RD|I|40|143|1127|88132|5|7|105|811|20200831|00:00|0.00235||||MD|TT|||||||||.00304|.00194
RD|I|40|143|1127|88132|5|7|105|811|20200903|00:00|-0.00045||||MD|TT|||||||||.00312|.0019
RD|I|40|143|1127|88132|5|7|105|811|20200906|00:00|0.00017||||MD|TT|||||||||.00311|.00189
RD|I|40|143|1127|88132|5|7|105|811|20200909|00:00|0.00002||||MD||||||||||.00313|.0019
RD|I|40|143|1127|88132|5|7|105|811|20200912|00:00|0.00303||||MD|TT|||||||||.00312|.00204
RD|I|40|143|1127|88132|5|7|105|811|20200915|00:00|0.00061||||MD|TT|||||||||.00312|.0019
RD|I|40|143|1127|88132|5|7|105|811|20200918|00:00|0.00013||||MD||||||||||.00312|.0019
RD|I|40|143|1127|88132|5|7|105|811|20200921|00:00|-0.00029||||MD||||||||||.00312|.0019
RD|I|40|143|1127|88132|5|7|105|811|20200924|00:00|0.00202||||MD|TT|||||||||.00312|.00197
RD|I|40|143|1127|88132|5|7|105|811|20200927|00:00|0.00130||||MD|TT|||||||||.00312|.00193
RD|I|40|143|1127|88132|5|7|105|811|20200930|00:00||BJ||||||||||||||
RD|I|40|143|1127|88132|5|7|105|811|20201003|00:00|-0.00078||||MD|TT|||||||||.00301|.00184
RD|I|40|143|1127|88132|5|7|105|811|20201006|00:00|0.00599||||TT||||||||||.00301|.00236
RD|I|40|143|1127|88132|5|7|105|811|20201009|00:00|-0.00087||||MD|TT|||||||||.003|.00184
RD|I|40|143|1127|88132|5|7|105|811|20201012|00:00|0.00072||||MD|TT|||||||||.00301|.00184
RD|I|40|143|1127|88132|5|7|105|811|20201015|00:00|0.00355||||TT||||||||||.00301|.00203
RD|I|40|143|1127|88132|5|7|105|811|20201018|00:00|0.00154||||MD|TT|||||||||.003|.00187
RD|I|40|143|1127|88132|5|7|105|811|20201021|00:00|0.00840||||TT||||||||||.003|.00278
RD|I|40|143|1127|88132|5|7|105|811|20201024|00:00|-0.00075||||MD||||||||||.00301|.00184
RD|I|40|143|1127|88132|5|7|105|811|20201027|00:00|-0.00114||||5|MD|||||||||.003|.00185
RD|I|40|143|1127|88132|5|7|105|811|20201030|00:00|0.00318||||TT||||||||||.00301|.00199
RD|I|40|143|1127|88132|5|7|105|811|20201102|00:00|-0.00111||||MD|TT|||||||||.00381|.00233
RD|I|40|143|1127|88132|5|7|105|811|20201105|00:00|0.00746||||||||||||||.00382|.00298
RD|I|40|143|1127|88132|5|7|105|811|20201108|00:00|-0.00276||||MD||||||||||.00382|.00242
RD|I|40|143|1127|88132|5|7|105|811|20201111|00:00|0.00066||||MD|TT|||||||||.00381|.00232
RD|I|40|143|1127|88132|5|7|105|811|20201114|00:00|0.00512||||TT||||||||||.00381|.00265
RD|I|40|143|1127|88132|5|7|105|811|20201117|00:00|0.00922||||TT||||||||||.00381|.00327
RD|I|40|143|1127|88132|5|7|105|811|20201120|00:00|0.00172||||MD||||||||||.00382|.00236
RD|I|40|143|1127|88132|5|7|105|811|20201123|00:00|0.00255||||MD||||||||||.00381|.00241
RD|I|40|143|1127|88132|5|7|105|811|20201126|00:00|0.00202||||MD||||||||||.00382|.00237
RD|I|40|143|1127|88132|5|7|105|811|20201129|00:00|-0.00013||||MD||||||||||.00382|.00232
RD|I|40|143|1127|88132|5|7|105|811|20201202|00:00|0.00119||||MD||||||||||.00347|.00213
RD|I|40|143|1127|88132|5|7|105|811|20201205|00:00|0.00138||||MD||||||||||.00347|.00214
RD|I|40|143|1127|88132|5|7|105|811|20201208|00:00|0.00566||||||||||||||.00347|.00254
RD|I|40|143|1127|88132|5|7|105|811|20201211|00:00|0.00229||||MD||||||||||.00347|.00219
RD|I|40|143|1127|88132|5|7|105|811|20201214|00:00|-0.00094||||MD||||||||||.00347|.00212
RD|I|40|143|1127|88132|5|7|105|811|20201217|00:00|0.00532||||||||||||||.00347|.00249
RD|I|40|143|1127|88132|5|7|105|811|20201220|00:00|-0.00267||||MD||||||||||.00347|.00221
RD|I|40|143|1127|88132|5|7|105|811|20201223|00:00|0.00155||||MD||||||||||.00347|.00215
RD|I|40|143|1127|88132|5|7|105|811|20201226|00:00||AF||||||||||||||
RD|I|40|143|1127|88132|5|7|105|811|20201229|00:00|0.00146||||MD|TT|||||||||.00348|.00214
RD|I|40|143|1127|88132|5|7|105|811|20201230|00:00|0.00086||||2|MD|TT||||||||.00347|.00212
RD|I|40|143|1127|88136|5|7|105|811|20200101|00:00|0.00063||||MD||||||||||.00148|.00091
RD|I|40|143|1127|88136|5|7|105|811|20200104|00:00|-0.00026||||5|MD|||||||||.00148|.0009
RD|I|40|143|1127|88136|5|7|105|811|20200107|00:00|0.00146||||MD||||||||||.00148|.00097
RD|I|40|143|1127|88136|5|7|105|811|20200110|00:00|0.00391||||||||||||||.00144|.00129
RD|I|40|143|1127|88136|5|7|105|811|20200113|00:00|-0.00051||||MD||||||||||.00148|.00091
RD|I|40|143|1127|88136|5|7|105|811|20200116|00:00|-0.00054||||MD||||||||||.00148|.00091
RD|I|40|143|1127|88136|5|7|105|811|20200119|00:00|0.00081||||MD||||||||||.00148|.00092
RD|I|40|143|1127|88136|5|7|105|811|20200122|00:00|-0.00007||||MD||||||||||.00148|.0009
RD|I|40|143|1127|88136|5|7|105|811|20200125|00:00|0.00092||||MD|TT|||||||||.00148|.00093
RD|I|40|143|1127|88136|5|7|105|811|20200128|00:00|0.00007||||MD|TT|||||||||.00148|.0009
RD|I|40|143|1127|88136|5|7|105|811|20200131|00:00|0.00240||||||||||||||.00148|.00108
RD|I|40|143|1127|88136|5|7|105|811|20200203|00:00|0.00150||||||||||||||.00124|.00084
RD|I|40|143|1127|88136|5|7|105|811|20200206|00:00|0.00068||||MD||||||||||.00124|.00077
RD|I|40|143|1127|88136|5|7|105|811|20200209|00:00|-0.00044||||MD||||||||||.00124|.00076
RD|I|40|143|1127|88136|5|7|105|811|20200212|00:00|0.00044||||5|MD|||||||||.00124|.00076
RD|I|40|143|1127|88136|5|7|105|811|20200215|00:00|0.00001||||MD||||||||||.00124|.00075
RD|I|40|143|1127|88136|5|7|105|811|20200218|00:00|-0.00035||||MD||||||||||.00124|.00076
RD|I|40|143|1127|88136|5|7|105|811|20200221|00:00|-0.00032||||MD|TT|||||||||.00124|.00076
RD|I|40|143|1127|88136|5|7|105|811|20200224|00:00|0.00094||||MD|TT|||||||||.00124|.00079
RD|I|40|143|1127|88136|5|7|105|811|20200227|00:00|-0.00059||||MD||||||||||.00124|.00077
RD|I|40|143|1127|88136|5|7|105|811|20200301|00:00|0.00050||||MD||||||||||.00124|.00076
RD|I|40|143|1127|88136|5|7|105|811|20200304|00:00|-0.00083||||MD||||||||||.00124|.00078
RD|I|40|143|1127|88136|5|7|105|811|20200307|00:00|-0.00023||||MD||||||||||.00124|.00075
RD|I|40|143|1127|88136|5|7|105|811|20200310|00:00|0.00084||||MD||||||||||.00124|.00078
RD|I|40|143|1127|88136|5|7|105|811|20200313|00:00|0.00060||||MD||||||||||.00124|.00077
RD|I|40|143|1127|88136|5|7|105|811|20200316|00:00|-0.00033||||MD||||||||||.00124|.00076
RD|I|40|143|1127|88136|5|7|105|811|20200319|00:00|-0.00050||||MD|TT|||||||||.00124|.00076
RD|I|40|143|1127|88136|5|7|105|811|20200322|00:00|0.00174||||TT||||||||||.00124|.00087
RD|I|40|143|1127|88136|5|7|105|811|20200325|00:00|0.00149||||Y||||||||||.00125|.00084
RD|I|40|143|1127|88136|5|7|105|811|20200328|00:00|-0.00118||||MD|TT|||||||||.00124|.00081
RD|I|40|143|1127|88136|5|7|105|811|20200331|00:00|-0.00002||||MD|TT|||||||||.00124|.00075
RD|I|40|143|1127|88136|5|7|105|811|20200403|00:00|0.00083||||4|5|MD|TT|||||||.00124|.00078
RD|I|40|143|1127|88136|5|7|105|811|20200406|00:00|0.00176||||4|TT|||||||||.00124|.00087
RD|I|40|143|1127|88136|5|7|105|811|20200409|00:00|0.00029||||4|MD|||||||||.00124|.00076
RD|I|40|143|1127|88136|5|7|105|811|20200412|00:00|0.00034||||4|MD|||||||||.00124|.00076
RD|I|40|143|1127|88136|5|7|105|811|20200415|00:00|0.00033||||4|5|MD||||||||.00124|.00076
RD|I|40|143|1127|88136|5|7|105|811|20200418|00:00|0.00168||||4||||||||||.00124|.00086
RD|I|40|143|1127|88136|5|7|105|811|20200421|00:00|0.00044||||4|MD|||||||||.00124|.00076
RD|I|40|143|1127|88136|5|7|105|811|20200424|00:00|0.00013||||4|MD|TT||||||||.00124|.00075
RD|I|40|143|1127|88136|5|7|105|811|20200427|00:00|0.00264||||4|TT|||||||||.00124|.001
RD|I|40|143|1127|88136|5|7|105|811|20200430|00:00|-0.00010||||4|MD|||||||||.00124|.00075
RD|I|40|143|1127|88136|5|7|105|811|20200503|00:00|0.00150||||TT||||||||||.00123|.00084
RD|I|40|143|1127|88136|5|7|105|811|20200506|00:00|0.00077||||MD|TT|||||||||.00124|.00078
RD|I|40|143|1127|88136|5|7|105|811|20200509|00:00|0.00112||||MD|TT|||||||||.00124|.0008
RD|I|40|143|1127|88136|5|7|105|811|20200512|00:00|0.00140||||TT||||||||||.00124|.00083
RD|I|40|143|1127|88136|5|7|105|811|20200515|00:00|0.00086||||MD|TT|||||||||.00124|.00078
RD|I|40|143|1127|88136|5|7|105|811|20200518|00:00|-0.00017||||MD|TT|||||||||.00124|.00075
RD|I|40|143|1127|88136|5|7|105|811|20200521|00:00|-0.00034||||MD|TT|||||||||.00124|.00076
RD|I|40|143|1127|88136|5|7|105|811|20200524|00:00|0.00131||||TT||||||||||.00124|.00082
RD|I|40|143|1127|88136|5|7|105|811|20200527|00:00|-0.00018||||MD|TT|||||||||.00124|.00075
RD|I|40|143|1127|88136|5|7|105|811|20200530|00:00|0.00059||||MD|TT|||||||||.00124|.00077
RD|I|40|143|1127|88136|5|7|105|811|20200602|00:00|0.00003||||MD|TT|||||||||.00137|.00084
RD|I|40|143|1127|88136|5|7|105|811|20200605|00:00|0.00263||||TT||||||||||.00137|.00106
RD|I|40|143|1127|88136|5|7|105|811|20200608|00:00|0.00108||||MD|TT|||||||||.00137|.00088
RD|I|40|143|1127|88136|5|7|105|811|20200611|00:00|0.00100||||MD||||||||||.00137|.00087
RD|I|40|143|1127|88136|5|7|105|811|20200614|00:00|0.00071||||MD||||||||||.00137|.00085
RD|I|40|143|1127|88136|5|7|105|811|20200617|00:00|0.00115||||MD|TT|||||||||.00137|.00088
RD|I|40|143|1127|88136|5|7|105|811|20200620|00:00|0.00009||||MD|TT|||||||||.00137|.00084
RD|I|40|143|1127|88136|5|7|105|811|20200623|00:00|0.00233||||TT||||||||||.00137|.00102
RD|I|40|143|1127|88136|5|7|105|811|20200626|00:00|-0.00018||||MD|TT|||||||||.00137|.00084
RD|I|40|143|1127|88136|5|7|105|811|20200629|00:00|0.00036||||MD|TT|||||||||.00137|.00084
RD|I|40|143|1127|88136|5|7|105|811|20200702|00:00|0.00211||||TT||||||||||.00124|.00092
RD|I|40|143|1127|88136|5|7|105|811|20200705|00:00|0.00054||||MD|TT|||||||||.00124|.00076
RD|I|40|143|1127|88136|5|7|105|811|20200708|00:00|0.00039||||MD||||||||||.00124|.00076
RD|I|40|143|1127|88136|5|7|105|811|20200711|00:00|0.00017||||IJ|3|MD|TT|X||||||.00123|.00075
RD|I|40|143|1127|88136|5|7|105|811|20200714|00:00|0.00064||||3|MD|TT||||||||.00124|.00077
RD|I|40|143|1127|88136|5|7|105|811|20200717|00:00|0.00029||||MD|TT|||||||||.00123|.00075
RD|I|40|143|1127|88136|5|7|105|811|20200720|00:00|0.00323||||TT||||||||||.00123|.0011
RD|I|40|143|1127|88136|5|7|105|811|20200723|00:00|-0.00023||||MD|TT|||||||||.00124|.00075
RD|I|40|143|1127|88136|5|7|105|811|20200726|00:00|0.00052||||MD|TT|||||||||.00123|.00076
RD|I|40|143|1127|88136|5|7|105|811|20200729|00:00|0.00172||||TT||||||||||.00124|.00087
RD|I|40|143|1127|88136|5|7|105|811|20200801|00:00|-0.00005||||MD|TT|||||||||.00123|.00075
RD|I|40|143|1127|88136|5|7|105|811|20200804|00:00|-0.00029||||MD|TT|||||||||.00124|.00075
RD|I|40|143|1127|88136|5|7|105|811|20200807|00:00|-0.00043||||MD|TT|||||||||.00123|.00076
RD|I|40|143|1127|88136|5|7|105|811|20200810|00:00|0.00088||||MD|TT|||||||||.00123|.00078
RD|I|40|143|1127|88136|5|7|105|811|20200813|00:00|0.00117||||MD|TT|||||||||.00124|.00081
RD|I|40|143|1127|88136|5|7|105|811|20200816|00:00|-0.00016||||MD|TT|||||||||.00123|.00075
RD|I|40|143|1127|88136|5|7|105|811|20200819|00:00|0.00061||||MD|TT|||||||||.00124|.00077
RD|I|40|143|1127|88136|5|7|105|811|20200822|00:00|0.00009||||MD|TT|||||||||.00124|.00075
RD|I|40|143|1127|88136|5|7|105|811|20200825|00:00|0.00107||||MD|TT|||||||||.00124|.0008
RD|I|40|143|1127|88136|5|7|105|811|20200828|00:00|0.00010||||MD|TT|||||||||.00124|.00075
RD|I|40|143|1127|88136|5|7|105|811|20200831|00:00|0.00151||||TT||||||||||.00124|.00084
RD|I|40|143|1127|88136|5|7|105|811|20200903|00:00|0.00013||||MD|TT|||||||||.00136|.00083
RD|I|40|143|1127|88136|5|7|105|811|20200906|00:00|-0.00017||||MD|TT|||||||||.00136|.00082
RD|I|40|143|1127|88136|5|7|105|811|20200909|00:00|0.00105||||MD||||||||||.00136|.00087
RD|I|40|143|1127|88136|5|7|105|811|20200912|00:00|0.00155||||TT||||||||||.00136|.00091
RD|I|40|143|1127|88136|5|7|105|811|20200915|00:00|0.00048||||MD|TT|||||||||.00136|.00083
RD|I|40|143|1127|88136|5|7|105|811|20200918|00:00|-0.00061||||MD||||||||||.00136|.00084
RD|I|40|143|1127|88136|5|7|105|811|20200921|00:00|-0.00021||||MD||||||||||.00136|.00083
RD|I|40|143|1127|88136|5|7|105|811|20200924|00:00|-0.00028||||MD|TT|||||||||.00136|.00083
RD|I|40|143|1127|88136|5|7|105|811|20200927|00:00|0.00238||||TT||||||||||.00136|.00102
RD|I|40|143|1127|88136|5|7|105|811|20200930|00:00||BJ||||||||||||||
RD|I|40|143|1127|88136|5|7|105|811|20201003|00:00|-0.00090||||MD|TT|||||||||.00124|.00078
RD|I|40|143|1127|88136|5|7|105|811|20201006|00:00|-0.00031||||MD|TT|||||||||.00124|.00076
RD|I|40|143|1127|88136|5|7|105|811|20201009|00:00|0.00274||||TT||||||||||.00123|.00102
RD|I|40|143|1127|88136|5|7|105|811|20201012|00:00|0.00016||||MD|TT|||||||||.00124|.00075
RD|I|40|143|1127|88136|5|7|105|811|20201015|00:00|-0.00029||||MD|TT|||||||||.00124|.00076
RD|I|40|143|1127|88136|5|7|105|811|20201018|00:00|-0.00041||||MD|TT|||||||||.00124|.00076
RD|I|40|143|1127|88136|5|7|105|811|20201021|00:00||SC||||||||||||||
RD|I|40|143|1127|88136|5|7|105|811|20201024|00:00|0.00048||||MD||||||||||.00124|.00076
RD|I|40|143|1127|88136|5|7|105|811|20201027|00:00|0.00007||||5|MD|||||||||.00124|.00075
RD|I|40|143|1127|88136|5|7|105|811|20201030|00:00|-0.00031||||MD|TT|||||||||.00124|.00076
RD|I|40|143|1127|88136|5|7|105|811|20201102|00:00|0.00103||||MD|TT|||||||||.00124|.00079
RD|I|40|143|1127|88136|5|7|105|811|20201105|00:00|0.00308||||||||||||||.00124|.00108
RD|I|40|143|1127|88136|5|7|105|811|20201108|00:00|-0.00043||||MD||||||||||.00124|.00076
RD|I|40|143|1127|88136|5|7|105|811|20201111|00:00|0.00068||||MD|TT|||||||||.00124|.00077
RD|I|40|143|1127|88136|5|7|105|811|20201114|00:00|-0.00020||||MD|TT|||||||||.00124|.00075
RD|I|40|143|1127|88136|5|7|105|811|20201117|00:00|0.00106||||MD|TT|||||||||.00124|.0008
RD|I|40|143|1127|88136|5|7|105|811|20201120|00:00|0.00044||||MD||||||||||.00124|.00076
RD|I|40|143|1127|88136|5|7|105|811|20201123|00:00|0.00027||||MD||||||||||.00124|.00075
RD|I|40|143|1127|88136|5|7|105|811|20201126|00:00|-0.00021||||MD||||||||||.00124|.00075
RD|I|40|143|1127|88136|5|7|105|811|20201129|00:00|0.00029||||MD||||||||||.00124|.00076
RD|I|40|143|1127|88136|5|7|105|811|20201202|00:00|0.00097||||MD||||||||||.00125|.0008
RD|I|40|143|1127|88136|5|7|105|811|20201205|00:00|0.00022||||MD||||||||||.00125|.00076
RD|I|40|143|1127|88136|5|7|105|811|20201208|00:00|0.00035||||MD||||||||||.00125|.00077
RD|I|40|143|1127|88136|5|7|105|811|20201211|00:00|0.00022||||MD||||||||||.00125|.00076
RD|I|40|143|1127|88136|5|7|105|811|20201214|00:00|0.00051||||MD||||||||||.00125|.00077
RD|I|40|143|1127|88136|5|7|105|811|20201217|00:00|0.00049||||MD||||||||||.00125|.00077
RD|I|40|143|1127|88136|5|7|105|811|20201220|00:00|-0.00058||||MD||||||||||.00125|.00077
RD|I|40|143|1127|88136|5|7|105|811|20201223|00:00|0.00207||||||||||||||.00125|.00092
RD|I|40|143|1127|88136|5|7|105|811|20201226|00:00||AF||||||||||||||
RD|I|40|143|1127|88136|5|7|105|811|20201229|00:00|0.00049||||MD|TT|||||||||.00125|.00077
RD|I|40|143|1127|88136|5|7|105|811|20201230|00:00|0.00012||||2|MD|TT||||||||.00125|.00076
# 8149 records were written
