# RD|Action Code|State Code|County Code|Site ID|Parameter|POC|Sample Duration|Unit|Method|Date|Start Time|Sample Value|Null Data Code|Sampling Frequency|Monitor Protocol (MP) ID|Qualifier - 1|Qualifier - 2|Qualifier - 3|Qualifier - 4|Qualifier - 5|Qualifier - 6|Qualifier - 7|Qualifier - 8|Qualifier - 9|Qualifier - 10|Alternate Method Detectable Limit|Uncertainty
# RC|Action Code|State Code|County Code|Site ID|Parameter|POC|Unit|Method|Year|Period|Number of Samples|Composite Type|Sample Value|Monitor Protocol (MP) ID|Qualifier - 1|Qualifier - 2|Qualifier - 3|Qualifier - 4|Qualifier - 5|Qualifier - 6|Qualifier - 7|Qualifier - 8|Qualifier - 9|Qualifier - 10|Alternate Method Detectable Limit|Uncertainty
RD|I|40|109|1037|12103|6|7|003|089|20260102|00:00|0.872||||||||||||||.00625|
RD|I|40|109|1037|12103|6|7|003|089|20260108|00:00|0.325||||||||||||||.00629|
RD|I|40|109|1037|12103|6|7|003|089|20260114|00:00|0.161||||||||||||||.00601|
RD|I|40|109|1037|12103|6|7|003|089|20260121|00:00|0.326||||||||||||||.00608|
RD|I|40|109|1037|12103|6|7|003|089|20260126|00:00|0.294||||||||||||||.00556|
RD|I|40|109|1037|12103|6|7|003|089|20260201|00:00|0.365||||||||||||||.00599|
RD|I|40|109|1037|12103|6|7|003|089|20260207|00:00|0.372||||||||||||||.00616|
RD|I|40|109|1037|12103|6|7|003|089|20260213|00:00|0.765||||||||||||||.00616|
RD|I|40|109|1037|12103|6|7|003|089|20260219|00:00|0.434||||||||||||||.00624|
RD|I|40|109|1037|12103|6|7|003|089|20260225|00:00|0.485||||||||||||||.00628|
RD|I|40|109|1037|12103|6|7|003|089|20260302|00:00||AQ||||||||||||||
RD|I|40|109|1037|12103|6|7|003|089|20260309|00:00|0.386||||||||||||||.00638|
RD|I|40|109|1037|12103|6|7|003|089|20260315|00:00|0.583||||QX|LJ|||||||||.00527|
RD|I|40|109|1037|12103|6|7|003|089|20260321|00:00|0.586||||||||||||||.00941|
RD|I|40|109|1037|12103|6|7|003|089|20260327|00:00|0.386||||||||||||||.00823|
RD|I|40|109|1037|12103|7|7|003|089|20260102|00:00|0.916||||||||||||||.00643|
RD|I|40|109|1037|12103|7|7|003|089|20260108|00:00|0.338||||||||||||||.00649|
RD|I|40|109|1037|12103|7|7|003|089|20260114|00:00|0.158||||||||||||||.00615|
RD|I|40|109|1037|12103|7|7|003|089|20260121|00:00|0.358||||||||||||||.00608|
RD|I|40|109|1037|12103|7|7|003|089|20260126|00:00|0.309||||||||||||||.0057|
RD|I|40|109|1037|12103|7|7|003|089|20260131|00:00||AF||||||||||||||
RD|I|40|109|1037|12103|7|7|003|089|20260201|00:00|0.350||||||||||||||.00601|
RD|I|40|109|1037|12103|7|7|003|089|20260207|00:00|0.402||||||||||||||.0062|
RD|I|40|109|1037|12103|7|7|003|089|20260213|00:00|0.812||||||||||||||.00637|
RD|I|40|109|1037|12103|7|7|003|089|20260219|00:00|0.418||||||||||||||.00639|
RD|I|40|109|1037|12103|7|7|003|089|20260225|00:00|0.501||||||||||||||.00644|
RD|I|40|109|1037|12103|7|7|003|089|20260302|00:00||AQ||||||||||||||
RD|I|40|109|1037|12103|7|7|003|089|20260309|00:00|0.352||||||||||||||.0064|
RD|I|40|109|1037|12103|7|7|003|089|20260315|00:00|0.886||||QX|LJ|||||||||.00624|
RD|I|40|109|1037|12103|7|7|003|089|20260321|00:00|0.581||||||||||||||.00645|
RD|I|40|109|1037|12103|7|7|003|089|20260327|00:00|0.381||||||||||||||.00606|
RD|I|40|109|1037|12105|6|7|003|089|20260102|00:00|0.0127||||||||||||||.0013|
RD|I|40|109|1037|12105|6|7|003|089|20260108|00:00|0.00819||||||||||||||.00131|
RD|I|40|109|1037|12105|6|7|003|089|20260114|00:00|0.00877||||||||||||||.00125|
RD|I|40|109|1037|12105|6|7|003|089|20260121|00:00|0.0176||||||||||||||.00126|
RD|I|40|109|1037|12105|6|7|003|089|20260126|00:00|0.00415||||||||||||||.00116|
RD|I|40|109|1037|12105|6|7|003|089|20260201|00:00|0.00506||||||||||||||.00124|
RD|I|40|109|1037|12105|6|7|003|089|20260207|00:00|0.00938||||||||||||||.00128|
RD|I|40|109|1037|12105|6|7|003|089|20260213|00:00|0.0221||||||||||||||.00128|
RD|I|40|109|1037|12105|6|7|003|089|20260219|00:00|0.0589||||||||||||||.0013|
RD|I|40|109|1037|12105|6|7|003|089|20260225|00:00|0.0270||||||||||||||.00131|
RD|I|40|109|1037|12105|6|7|003|089|20260302|00:00||AQ||||||||||||||
RD|I|40|109|1037|12105|6|7|003|089|20260309|00:00|0.0165||||||||||||||.00133|
RD|I|40|109|1037|12105|6|7|003|089|20260315|00:00|0.0708||||QX|LJ|||||||||.00109|
RD|I|40|109|1037|12105|6|7|003|089|20260321|00:00|0.0295||||||||||||||.00196|
RD|I|40|109|1037|12105|6|7|003|089|20260327|00:00|0.0231||||||||||||||.00171|
RD|I|40|109|1037|12105|7|7|003|089|20260102|00:00|0.0154||||||||||||||.00134|
RD|I|40|109|1037|12105|7|7|003|089|20260108|00:00|0.00789||||||||||||||.00135|
RD|I|40|109|1037|12105|7|7|003|089|20260114|00:00|0.00924||||||||||||||.00128|
RD|I|40|109|1037|12105|7|7|003|089|20260121|00:00|0.0181||||||||||||||.00126|
RD|I|40|109|1037|12105|7|7|003|089|20260126|00:00|0.00344||||SQ||||||||||.00118|
RD|I|40|109|1037|12105|7|7|003|089|20260131|00:00||AF||||||||||||||
RD|I|40|109|1037|12105|7|7|003|089|20260201|00:00|0.00475||||||||||||||.00125|
RD|I|40|109|1037|12105|7|7|003|089|20260207|00:00|0.00953||||||||||||||.00129|
RD|I|40|109|1037|12105|7|7|003|089|20260213|00:00|0.0237||||||||||||||.00132|
RD|I|40|109|1037|12105|7|7|003|089|20260219|00:00|0.0577||||||||||||||.00133|
RD|I|40|109|1037|12105|7|7|003|089|20260225|00:00|0.0267||||||||||||||.00134|
RD|I|40|109|1037|12105|7|7|003|089|20260302|00:00||AQ||||||||||||||
RD|I|40|109|1037|12105|7|7|003|089|20260309|00:00|0.0147||||||||||||||.00133|
RD|I|40|109|1037|12105|7|7|003|089|20260315|00:00|0.110||||QX|LJ|||||||||.0013|
RD|I|40|109|1037|12105|7|7|003|089|20260321|00:00|0.0250||||||||||||||.00134|
RD|I|40|109|1037|12105|7|7|003|089|20260327|00:00|0.0242||||||||||||||.00126|
RD|I|40|109|1037|12110|6|7|003|089|20260102|00:00|0.150||||FB||||||||||.00361|
RD|I|40|109|1037|12110|6|7|003|089|20260108|00:00|0.0657||||QX|LJ|FB||||||||.00364|
RD|I|40|109|1037|12110|6|7|003|089|20260114|00:00|0.0517||||QX|LJ|FB||||||||.00348|
RD|I|40|109|1037|12110|6|7|003|089|20260121|00:00|0.0847||||QX|LJ|FB||||||||.00351|
RD|I|40|109|1037|12110|6|7|003|089|20260126|00:00|0.379||||QX|LJ|FB||||||||.00322|
RD|I|40|109|1037|12110|6|7|003|089|20260201|00:00|0.0674||||FB||||||||||.00346|
RD|I|40|109|1037|12110|6|7|003|089|20260207|00:00|0.0977||||FB||||||||||.00357|
RD|I|40|109|1037|12110|6|7|003|089|20260213|00:00|0.162||||FB||||||||||.00356|
RD|I|40|109|1037|12110|6|7|003|089|20260219|00:00|0.0824||||QX|LJ|FB||||||||.00361|
RD|I|40|109|1037|12110|6|7|003|089|20260225|00:00|0.135||||||||||||||.00364|
RD|I|40|109|1037|12110|6|7|003|089|20260302|00:00||AQ||||||||||||||
RD|I|40|109|1037|12110|6|7|003|089|20260309|00:00|0.165||||QX|LJ|||||||||.00369|
RD|I|40|109|1037|12110|6|7|003|089|20260315|00:00|0.198||||QX|LJ|||||||||.00305|
RD|I|40|109|1037|12110|6|7|003|089|20260321|00:00|0.179||||||||||||||.00544|
RD|I|40|109|1037|12110|6|7|003|089|20260327|00:00|0.144||||||||||||||.00476|
RD|I|40|109|1037|12110|7|7|003|089|20260102|00:00|0.160||||||||||||||.00372|
RD|I|40|109|1037|12110|7|7|003|089|20260108|00:00|0.0898||||QX|LJ|||||||||.00376|
RD|I|40|109|1037|12110|7|7|003|089|20260114|00:00|0.0656||||QX|LJ|||||||||.00356|
RD|I|40|109|1037|12110|7|7|003|089|20260121|00:00|0.108||||QX|LJ|||||||||.00352|
RD|I|40|109|1037|12110|7|7|003|089|20260126|00:00|0.310||||QX|LJ|||||||||.0033|
RD|I|40|109|1037|12110|7|7|003|089|20260131|00:00||AF||||||||||||||
RD|I|40|109|1037|12110|7|7|003|089|20260201|00:00|0.0806||||||||||||||.00348|
RD|I|40|109|1037|12110|7|7|003|089|20260207|00:00|0.0960||||||||||||||.00359|
RD|I|40|109|1037|12110|7|7|003|089|20260213|00:00|0.188||||||||||||||.00368|
RD|I|40|109|1037|12110|7|7|003|089|20260219|00:00|0.252||||QX|LJ|||||||||.0037|
RD|I|40|109|1037|12110|7|7|003|089|20260225|00:00|0.127||||||||||||||.00373|
RD|I|40|109|1037|12110|7|7|003|089|20260302|00:00||AQ||||||||||||||
RD|I|40|109|1037|12110|7|7|003|089|20260309|00:00|0.131||||QX|LJ|||||||||.0037|
RD|I|40|109|1037|12110|7|7|003|089|20260315|00:00|0.634||||QX|LJ|||||||||.00361|
RD|I|40|109|1037|12110|7|7|003|089|20260321|00:00|0.188||||||||||||||.00373|
RD|I|40|109|1037|12110|7|7|003|089|20260327|00:00|0.129||||||||||||||.00351|
RD|I|40|109|1037|12112|6|7|003|089|20260102|00:00|1.87||||SQ|FB|||||||||1.71|
RD|I|40|109|1037|12112|6|7|003|089|20260108|00:00|1.58||||MD|FB|||||||||1.72|
RD|I|40|109|1037|12112|6|7|003|089|20260114|00:00|1.35||||MD|FB|||||||||1.65|
RD|I|40|109|1037|12112|6|7|003|089|20260121|00:00|1.81||||SQ|FB|||||||||1.66|
RD|I|40|109|1037|12112|6|7|003|089|20260126|00:00|1.29||||MD|FB|||||||||1.52|
RD|I|40|109|1037|12112|6|7|003|089|20260201|00:00|1.38||||MD|FB|||||||||1.64|
RD|I|40|109|1037|12112|6|7|003|089|20260207|00:00|1.49||||MD|FB|||||||||1.69|
RD|I|40|109|1037|12112|6|7|003|089|20260213|00:00|1.95||||SQ|FB|||||||||1.69|
RD|I|40|109|1037|12112|6|7|003|089|20260219|00:00|2.37||||SQ|FB|||||||||1.71|
RD|I|40|109|1037|12112|6|7|003|089|20260225|00:00|1.92||||SQ||||||||||1.72|
RD|I|40|109|1037|12112|6|7|003|089|20260302|00:00||AQ||||||||||||||
RD|I|40|109|1037|12112|6|7|003|089|20260309|00:00|1.85||||SQ||||||||||1.75|
RD|I|40|109|1037|12112|6|7|003|089|20260315|00:00|2.31||||SQ||||||||||1.44|
RD|I|40|109|1037|12112|6|7|003|089|20260321|00:00|2.58||||SQ||||||||||2.58|
RD|I|40|109|1037|12112|6|7|003|089|20260327|00:00|2.17||||MD||||||||||2.25|
RD|I|40|109|1037|12112|7|7|003|089|20260102|00:00|2.10||||SQ||||||||||1.76|
RD|I|40|109|1037|12112|7|7|003|089|20260108|00:00|1.63||||MD||||||||||1.78|
RD|I|40|109|1037|12112|7|7|003|089|20260114|00:00|1.53||||MD||||||||||1.69|
RD|I|40|109|1037|12112|7|7|003|089|20260121|00:00|1.85||||SQ||||||||||1.67|
RD|I|40|109|1037|12112|7|7|003|089|20260126|00:00|1.29||||MD||||||||||1.56|
RD|I|40|109|1037|12112|7|7|003|089|20260131|00:00||AF||||||||||||||
RD|I|40|109|1037|12112|7|7|003|089|20260201|00:00|1.42||||MD||||||||||1.65|
RD|I|40|109|1037|12112|7|7|003|089|20260207|00:00|1.55||||MD||||||||||1.7|
RD|I|40|109|1037|12112|7|7|003|089|20260213|00:00|1.98||||SQ||||||||||1.74|
RD|I|40|109|1037|12112|7|7|003|089|20260219|00:00|2.02||||SQ||||||||||1.75|
RD|I|40|109|1037|12112|7|7|003|089|20260225|00:00|2.09||||SQ||||||||||1.77|
RD|I|40|109|1037|12112|7|7|003|089|20260302|00:00||AQ||||||||||||||
RD|I|40|109|1037|12112|7|7|003|089|20260309|00:00|1.63||||MD||||||||||1.75|
RD|I|40|109|1037|12112|7|7|003|089|20260315|00:00|3.03||||SQ||||||||||1.71|
RD|I|40|109|1037|12112|7|7|003|089|20260321|00:00|2.09||||SQ||||||||||1.77|
RD|I|40|109|1037|12112|7|7|003|089|20260327|00:00|1.65||||MD||||||||||1.66|
RD|I|40|109|1037|12128|6|7|003|089|20260102|00:00|2.55||||FB||||||||||.0907|
RD|I|40|109|1037|12128|6|7|003|089|20260108|00:00|1.06||||FB||||||||||.0913|
RD|I|40|109|1037|12128|6|7|003|089|20260114|00:00|0.647||||QX|FB|||||||||.0873|
RD|I|40|109|1037|12128|6|7|003|089|20260121|00:00|1.52||||FB||||||||||.0882|
RD|I|40|109|1037|12128|6|7|003|089|20260126|00:00|2.59||||||||||||||.0808|
RD|I|40|109|1037|12128|6|7|003|089|20260201|00:00|1.24||||FB||||||||||.087|
RD|I|40|109|1037|12128|6|7|003|089|20260207|00:00|1.71||||FB||||||||||.0895|
RD|I|40|109|1037|12128|6|7|003|089|20260213|00:00|3.56||||FB||||||||||.0894|
RD|I|40|109|1037|12128|6|7|003|089|20260219|00:00|1.92||||FB||||||||||.0906|
RD|I|40|109|1037|12128|6|7|003|089|20260225|00:00|2.42||||FB||||||||||.0913|
RD|I|40|109|1037|12128|6|7|003|089|20260302|00:00||AQ||||||||||||||
RD|I|40|109|1037|12128|6|7|003|089|20260309|00:00|1.77||||FB||||||||||.0927|
RD|I|40|109|1037|12128|6|7|003|089|20260315|00:00|2.80||||QX|FB|||||||||.0765|
RD|I|40|109|1037|12128|6|7|003|089|20260321|00:00|2.75||||FB||||||||||.137|
RD|I|40|109|1037|12128|6|7|003|089|20260327|00:00|2.75||||FB||||||||||.119|
RD|I|40|109|1037|12128|7|7|003|089|20260102|00:00|2.48||||||||||||||.0934|
RD|I|40|109|1037|12128|7|7|003|089|20260108|00:00|1.16||||||||||||||.0943|
RD|I|40|109|1037|12128|7|7|003|089|20260114|00:00|0.830||||QX||||||||||.0894|
RD|I|40|109|1037|12128|7|7|003|089|20260121|00:00|1.39||||||||||||||.0883|
RD|I|40|109|1037|12128|7|7|003|089|20260126|00:00|2.15||||||||||||||.0828|
RD|I|40|109|1037|12128|7|7|003|089|20260131|00:00||AF||||||||||||||
RD|I|40|109|1037|12128|7|7|003|089|20260201|00:00|1.32||||||||||||||.0873|
RD|I|40|109|1037|12128|7|7|003|089|20260207|00:00|1.70||||||||||||||.09|
RD|I|40|109|1037|12128|7|7|003|089|20260213|00:00|3.83||||||||||||||.0925|
RD|I|40|109|1037|12128|7|7|003|089|20260219|00:00|1.85||||||||||||||.0928|
RD|I|40|109|1037|12128|7|7|003|089|20260225|00:00|2.65||||||||||||||.0936|
RD|I|40|109|1037|12128|7|7|003|089|20260302|00:00||AQ||||||||||||||
RD|I|40|109|1037|12128|7|7|003|089|20260309|00:00|1.60||||||||||||||.093|
RD|I|40|109|1037|12128|7|7|003|089|20260315|00:00|4.11||||QX||||||||||.0905|
RD|I|40|109|1037|12128|7|7|003|089|20260321|00:00|2.62||||||||||||||.0937|
RD|I|40|109|1037|12128|7|7|003|089|20260327|00:00|2.60||||||||||||||.088|
RD|I|40|109|1037|12132|6|7|003|089|20260102|00:00|12.2||||||||||||||.542|
RD|I|40|109|1037|12132|6|7|003|089|20260108|00:00|7.48||||||||||||||.545|
RD|I|40|109|1037|12132|6|7|003|089|20260114|00:00|7.76||||||||||||||.522|
RD|I|40|109|1037|12132|6|7|003|089|20260121|00:00|18.5||||||||||||||.527|
RD|I|40|109|1037|12132|6|7|003|089|20260126|00:00|4.03||||||||||||||.483|
RD|I|40|109|1037|12132|6|7|003|089|20260201|00:00|4.92||||||||||||||.52|
RD|I|40|109|1037|12132|6|7|003|089|20260207|00:00|10.6||||||||||||||.535|
RD|I|40|109|1037|12132|6|7|003|089|20260213|00:00|21.6||||||||||||||.534|
RD|I|40|109|1037|12132|6|7|003|089|20260219|00:00|37.3||||||||||||||.542|
RD|I|40|109|1037|12132|6|7|003|089|20260225|00:00|24.6||||||||||||||.545|
RD|I|40|109|1037|12132|6|7|003|089|20260302|00:00||AQ||||||||||||||
RD|I|40|109|1037|12132|6|7|003|089|20260309|00:00|12.0||||||||||||||.554|
RD|I|40|109|1037|12132|6|7|003|089|20260315|00:00|46.2||||QX|LJ|||||||||.457|
RD|I|40|109|1037|12132|6|7|003|089|20260321|00:00|22.7||||||||||||||.817|
RD|I|40|109|1037|12132|6|7|003|089|20260327|00:00|25.8||||||||||||||.714|
RD|I|40|109|1037|12132|7|7|003|089|20260102|00:00|13.7||||||||||||||.558|
RD|I|40|109|1037|12132|7|7|003|089|20260108|00:00|7.38||||||||||||||.564|
RD|I|40|109|1037|12132|7|7|003|089|20260114|00:00|7.79||||||||||||||.534|
RD|I|40|109|1037|12132|7|7|003|089|20260121|00:00|18.4||||||||||||||.528|
RD|I|40|109|1037|12132|7|7|003|089|20260126|00:00|3.92||||||||||||||.495|
RD|I|40|109|1037|12132|7|7|003|089|20260131|00:00||AF||||||||||||||
RD|I|40|109|1037|12132|7|7|003|089|20260201|00:00|4.86||||||||||||||.522|
RD|I|40|109|1037|12132|7|7|003|089|20260207|00:00|10.6||||||||||||||.538|
RD|I|40|109|1037|12132|7|7|003|089|20260213|00:00|23.2||||||||||||||.553|
RD|I|40|109|1037|12132|7|7|003|089|20260219|00:00|34.7||||||||||||||.555|
RD|I|40|109|1037|12132|7|7|003|089|20260225|00:00|26.0||||||||||||||.559|
RD|I|40|109|1037|12132|7|7|003|089|20260302|00:00||AQ||||||||||||||
RD|I|40|109|1037|12132|7|7|003|089|20260309|00:00|10.7||||||||||||||.556|
RD|I|40|109|1037|12132|7|7|003|089|20260315|00:00|71.2||||QX|LJ|||||||||.541|
RD|I|40|109|1037|12132|7|7|003|089|20260321|00:00|21.4||||||||||||||.56|
RD|I|40|109|1037|12132|7|7|003|089|20260327|00:00|24.9||||||||||||||.526|
RD|I|40|109|1037|12136|6|7|003|089|20260102|00:00|0.646||||SQ|FB|||||||||.541|
RD|I|40|109|1037|12136|6|7|003|089|20260108|00:00|0.696||||SQ|FB|||||||||.544|
RD|I|40|109|1037|12136|6|7|003|089|20260114|00:00|0.566||||SQ|FB|||||||||.52|
RD|I|40|109|1037|12136|6|7|003|089|20260121|00:00|0.972||||SQ|FB|||||||||.526|
RD|I|40|109|1037|12136|6|7|003|089|20260126|00:00|0.527||||SQ|FB|||||||||.481|
RD|I|40|109|1037|12136|6|7|003|089|20260201|00:00|0.527||||SQ|FB|||||||||.518|
RD|I|40|109|1037|12136|6|7|003|089|20260207|00:00|0.658||||SQ|FB|||||||||.533|
RD|I|40|109|1037|12136|6|7|003|089|20260213|00:00|1.06||||SQ|FB|||||||||.533|
RD|I|40|109|1037|12136|6|7|003|089|20260219|00:00|1.30||||SQ|FB|||||||||.54|
RD|I|40|109|1037|12136|6|7|003|089|20260225|00:00|0.943||||SQ||||||||||.544|
RD|I|40|109|1037|12136|6|7|003|089|20260302|00:00||AQ||||||||||||||
RD|I|40|109|1037|12136|6|7|003|089|20260309|00:00|0.807||||SQ||||||||||.553|
RD|I|40|109|1037|12136|6|7|003|089|20260315|00:00|1.58||||||||||||||.456|
RD|I|40|109|1037|12136|6|7|003|089|20260321|00:00|1.13||||SQ||||||||||.814|
RD|I|40|109|1037|12136|6|7|003|089|20260327|00:00|0.920||||SQ||||||||||.712|
RD|I|40|109|1037|12136|7|7|003|089|20260102|00:00|0.774||||SQ||||||||||.557|
RD|I|40|109|1037|12136|7|7|003|089|20260108|00:00|0.693||||SQ||||||||||.562|
RD|I|40|109|1037|12136|7|7|003|089|20260114|00:00|0.674||||SQ||||||||||.533|
RD|I|40|109|1037|12136|7|7|003|089|20260121|00:00|0.917||||SQ||||||||||.526|
RD|I|40|109|1037|12136|7|7|003|089|20260126|00:00|0.515||||SQ||||||||||.493|
RD|I|40|109|1037|12136|7|7|003|089|20260131|00:00||AF||||||||||||||
RD|I|40|109|1037|12136|7|7|003|089|20260201|00:00|0.401||||MD||||||||||.521|
RD|I|40|109|1037|12136|7|7|003|089|20260207|00:00|0.595||||SQ||||||||||.536|
RD|I|40|109|1037|12136|7|7|003|089|20260213|00:00|1.05||||SQ||||||||||.551|
RD|I|40|109|1037|12136|7|7|003|089|20260219|00:00|1.18||||SQ||||||||||.553|
RD|I|40|109|1037|12136|7|7|003|089|20260225|00:00|0.972||||SQ||||||||||.558|
RD|I|40|109|1037|12136|7|7|003|089|20260302|00:00||AQ||||||||||||||
RD|I|40|109|1037|12136|7|7|003|089|20260309|00:00|0.722||||SQ||||||||||.554|
RD|I|40|109|1037|12136|7|7|003|089|20260315|00:00|2.30||||||||||||||.54|
RD|I|40|109|1037|12136|7|7|003|089|20260321|00:00|1.00||||SQ||||||||||.559|
RD|I|40|109|1037|12136|7|7|003|089|20260327|00:00|0.782||||SQ||||||||||.525|
RD|I|40|109|1037|43218|6|7|008|149|20260102|00:00||AU||||||||||||||
RD|I|40|109|1037|43218|6|7|008|149|20260108|00:00||AU||||||||||||||
RD|I|40|109|1037|43218|6|7|008|149|20260114|00:00||AU||||||||||||||
RD|I|40|109|1037|43218|6|7|008|149|20260121|00:00||AU||||||||||||||
RD|I|40|109|1037|43218|6|7|008|149|20260126|00:00||AU||||||||||||||
RD|I|40|109|1037|43218|6|7|008|149|20260201|00:00||AU||||||||||||||
RD|I|40|109|1037|43218|6|7|008|149|20260207|00:00||AU||||||||||||||
RD|I|40|109|1037|43218|6|7|008|149|20260213|00:00||AU||||||||||||||
RD|I|40|109|1037|43218|6|7|008|149|20260219|00:00||AU||||||||||||||
RD|I|40|109|1037|43218|6|7|008|149|20260227|00:00||AK||||||||||||||
RD|I|40|109|1037|43218|6|7|008|149|20260303|00:00||AK||||||||||||||
RD|I|40|109|1037|43218|6|7|008|149|20260309|00:00||AK||||||||||||||
RD|I|40|109|1037|43218|6|7|008|149|20260315|00:00|0.00150||||MD|CF|LL|SS|||||||.0215|
RD|I|40|109|1037|43218|6|7|008|149|20260321|00:00|0.0101||||MD||||||||||.0215|
RD|I|40|109|1037|43218|6|7|008|149|20260327|00:00|0.00260||||MD||||||||||.0215|
RD|I|40|109|1037|43502|6|7|001|202|20260102|00:00||AU||||||||||||||
RD|I|40|109|1037|43502|6|7|001|202|20260108|00:00||AU||||||||||||||
RD|I|40|109|1037|43502|6|7|001|202|20260114|00:00||AU||||||||||||||
RD|I|40|109|1037|43502|6|7|001|202|20260121|00:00||AU||||||||||||||
RD|I|40|109|1037|43502|6|7|001|202|20260126|00:00||AN||||||||||||||
RD|I|40|109|1037|43502|6|7|001|202|20260201|00:00||AU||||||||||||||
RD|I|40|109|1037|43502|6|7|001|202|20260207|00:00||AU||||||||||||||
RD|I|40|109|1037|43502|6|7|001|202|20260213|00:00||AU||||||||||||||
RD|I|40|109|1037|43502|6|7|001|202|20260219|00:00||AU||||||||||||||
RD|I|40|109|1037|43502|6|7|001|202|20260227|00:00|3.10||||TT||||||||||.0547|
RD|I|40|109|1037|43502|6|7|001|202|20260303|00:00|2.14||||||||||||||.0548|
RD|I|40|109|1037|43502|6|7|001|202|20260309|00:00|2.53||||||||||||||.0546|
RD|I|40|109|1037|43502|6|7|001|202|20260315|00:00|1.70||||SS||||||||||.0549|
RD|I|40|109|1037|43502|6|7|001|202|20260321|00:00|4.49||||||||||||||.0554|
RD|I|40|109|1037|43502|6|7|001|202|20260327|00:00|1.57||||TT||||||||||.0553|
RD|I|40|109|1037|43503|6|7|001|202|20260102|00:00||AU||||||||||||||
RD|I|40|109|1037|43503|6|7|001|202|20260108|00:00||AU||||||||||||||
RD|I|40|109|1037|43503|6|7|001|202|20260114|00:00||AU||||||||||||||
RD|I|40|109|1037|43503|6|7|001|202|20260121|00:00||AU||||||||||||||
RD|I|40|109|1037|43503|6|7|001|202|20260126|00:00||AN||||||||||||||
RD|I|40|109|1037|43503|6|7|001|202|20260201|00:00||AU||||||||||||||
RD|I|40|109|1037|43503|6|7|001|202|20260207|00:00||AU||||||||||||||
RD|I|40|109|1037|43503|6|7|001|202|20260213|00:00||AU||||||||||||||
RD|I|40|109|1037|43503|6|7|001|202|20260219|00:00||AU||||||||||||||
RD|I|40|109|1037|43503|6|7|001|202|20260227|00:00|2.57||||TT||||||||||.0226|
RD|I|40|109|1037|43503|6|7|001|202|20260303|00:00|1.61||||||||||||||.0227|
RD|I|40|109|1037|43503|6|7|001|202|20260309|00:00|1.72||||||||||||||.0226|
RD|I|40|109|1037|43503|6|7|001|202|20260315|00:00|1.18||||SS||||||||||.0227|
RD|I|40|109|1037|43503|6|7|001|202|20260321|00:00|4.00||||||||||||||.0229|
RD|I|40|109|1037|43503|6|7|001|202|20260327|00:00|1.18||||TT||||||||||.0229|
RD|I|40|109|1037|43509|6|7|008|149|20260102|00:00||AU||||||||||||||
RD|I|40|109|1037|43509|6|7|008|149|20260108|00:00||AU||||||||||||||
RD|I|40|109|1037|43509|6|7|008|149|20260114|00:00||AU||||||||||||||
RD|I|40|109|1037|43509|6|7|008|149|20260121|00:00||AU||||||||||||||
RD|I|40|109|1037|43509|6|7|008|149|20260126|00:00||AU||||||||||||||
RD|I|40|109|1037|43509|6|7|008|149|20260201|00:00||AU||||||||||||||
RD|I|40|109|1037|43509|6|7|008|149|20260207|00:00||AU||||||||||||||
RD|I|40|109|1037|43509|6|7|008|149|20260213|00:00||AU||||||||||||||
RD|I|40|109|1037|43509|6|7|008|149|20260219|00:00||AU||||||||||||||
RD|I|40|109|1037|43509|6|7|008|149|20260227|00:00||AK||||||||||||||
RD|I|40|109|1037|43509|6|7|008|149|20260303|00:00||AK||||||||||||||
RD|I|40|109|1037|43509|6|7|008|149|20260309|00:00||AK||||||||||||||
RD|I|40|109|1037|43509|6|7|008|149|20260315|00:00|0.0858||||MD|CF|LK|SS|||||||.0977|
RD|I|40|109|1037|43509|6|7|008|149|20260321|00:00|0.289||||SQ|CF|LK||||||||.0977|
RD|I|40|109|1037|43509|6|7|008|149|20260327|00:00|0.136||||SQ|CF|LK||||||||.0977|
RD|I|40|109|1037|43704|6|7|008|149|20260102|00:00||AU||||||||||||||
RD|I|40|109|1037|43704|6|7|008|149|20260108|00:00||AU||||||||||||||
RD|I|40|109|1037|43704|6|7|008|149|20260114|00:00||AU||||||||||||||
RD|I|40|109|1037|43704|6|7|008|149|20260121|00:00||AU||||||||||||||
RD|I|40|109|1037|43704|6|7|008|149|20260126|00:00||AU||||||||||||||
RD|I|40|109|1037|43704|6|7|008|149|20260201|00:00||AU||||||||||||||
RD|I|40|109|1037|43704|6|7|008|149|20260207|00:00||AU||||||||||||||
RD|I|40|109|1037|43704|6|7|008|149|20260213|00:00||AU||||||||||||||
RD|I|40|109|1037|43704|6|7|008|149|20260219|00:00||AU||||||||||||||
RD|I|40|109|1037|43704|6|7|008|149|20260227|00:00||AK||||||||||||||
RD|I|40|109|1037|43704|6|7|008|149|20260303|00:00||AK||||||||||||||
RD|I|40|109|1037|43704|6|7|008|149|20260309|00:00||AK||||||||||||||
RD|I|40|109|1037|43704|6|7|008|149|20260315|00:00|0.0102||||MD|SS|||||||||.0116|
RD|I|40|109|1037|43704|6|7|008|149|20260321|00:00|0.0246||||SQ||||||||||.0116|
RD|I|40|109|1037|43704|6|7|008|149|20260327|00:00|0.0183||||SQ||||||||||.0116|
RD|I|40|109|1037|43802|6|7|008|149|20260102|00:00||AU||||||||||||||
RD|I|40|109|1037|43802|6|7|008|149|20260108|00:00||AU||||||||||||||
RD|I|40|109|1037|43802|6|7|008|149|20260114|00:00||AU||||||||||||||
RD|I|40|109|1037|43802|6|7|008|149|20260121|00:00||AU||||||||||||||
RD|I|40|109|1037|43802|6|7|008|149|20260126|00:00||AU||||||||||||||
RD|I|40|109|1037|43802|6|7|008|149|20260201|00:00||AU||||||||||||||
RD|I|40|109|1037|43802|6|7|008|149|20260207|00:00||AU||||||||||||||
RD|I|40|109|1037|43802|6|7|008|149|20260213|00:00||AU||||||||||||||
RD|I|40|109|1037|43802|6|7|008|149|20260219|00:00||AU||||||||||||||
RD|I|40|109|1037|43802|6|7|008|149|20260227|00:00||AK||||||||||||||
RD|I|40|109|1037|43802|6|7|008|149|20260303|00:00||AK||||||||||||||
RD|I|40|109|1037|43802|6|7|008|149|20260309|00:00||AK||||||||||||||
RD|I|40|109|1037|43802|6|7|008|149|20260315|00:00|0.266||||SS||||||||||.0489|
RD|I|40|109|1037|43802|6|7|008|149|20260321|00:00|0.133||||SQ||||||||||.0489|
RD|I|40|109|1037|43802|6|7|008|149|20260327|00:00|0.224||||||||||||||.0489|
RD|I|40|109|1037|43803|6|7|008|149|20260102|00:00||AU||||||||||||||
RD|I|40|109|1037|43803|6|7|008|149|20260108|00:00||AU||||||||||||||
RD|I|40|109|1037|43803|6|7|008|149|20260114|00:00||AU||||||||||||||
RD|I|40|109|1037|43803|6|7|008|149|20260121|00:00||AU||||||||||||||
RD|I|40|109|1037|43803|6|7|008|149|20260126|00:00||AU||||||||||||||
RD|I|40|109|1037|43803|6|7|008|149|20260201|00:00||AU||||||||||||||
RD|I|40|109|1037|43803|6|7|008|149|20260207|00:00||AU||||||||||||||
RD|I|40|109|1037|43803|6|7|008|149|20260213|00:00||AU||||||||||||||
RD|I|40|109|1037|43803|6|7|008|149|20260219|00:00||AU||||||||||||||
RD|I|40|109|1037|43803|6|7|008|149|20260227|00:00||AK||||||||||||||
RD|I|40|109|1037|43803|6|7|008|149|20260303|00:00||AK||||||||||||||
RD|I|40|109|1037|43803|6|7|008|149|20260309|00:00||AK||||||||||||||
RD|I|40|109|1037|43803|6|7|008|149|20260315|00:00|0.0163||||SQ|SS|||||||||.0134|
RD|I|40|109|1037|43803|6|7|008|149|20260321|00:00|0.0230||||SQ||||||||||.0134|
RD|I|40|109|1037|43803|6|7|008|149|20260327|00:00|0.0173||||SQ||||||||||.0134|
RD|I|40|109|1037|43804|6|7|008|149|20260102|00:00||AU||||||||||||||
RD|I|40|109|1037|43804|6|7|008|149|20260108|00:00||AU||||||||||||||
RD|I|40|109|1037|43804|6|7|008|149|20260114|00:00||AU||||||||||||||
RD|I|40|109|1037|43804|6|7|008|149|20260121|00:00||AU||||||||||||||
RD|I|40|109|1037|43804|6|7|008|149|20260126|00:00||AU||||||||||||||
RD|I|40|109|1037|43804|6|7|008|149|20260201|00:00||AU||||||||||||||
RD|I|40|109|1037|43804|6|7|008|149|20260207|00:00||AU||||||||||||||
RD|I|40|109|1037|43804|6|7|008|149|20260213|00:00||AU||||||||||||||
RD|I|40|109|1037|43804|6|7|008|149|20260219|00:00||AU||||||||||||||
RD|I|40|109|1037|43804|6|7|008|149|20260227|00:00||AK||||||||||||||
RD|I|40|109|1037|43804|6|7|008|149|20260303|00:00||AK||||||||||||||
RD|I|40|109|1037|43804|6|7|008|149|20260309|00:00||AK||||||||||||||
RD|I|40|109|1037|43804|6|7|008|149|20260315|00:00|0.0759||||SS||||||||||.0075|
RD|I|40|109|1037|43804|6|7|008|149|20260321|00:00|0.0708||||||||||||||.0075|
RD|I|40|109|1037|43804|6|7|008|149|20260327|00:00|0.0709||||||||||||||.0075|
RD|I|40|109|1037|43815|6|7|008|149|20260102|00:00||AU||||||||||||||
RD|I|40|109|1037|43815|6|7|008|149|20260108|00:00||AU||||||||||||||
RD|I|40|109|1037|43815|6|7|008|149|20260114|00:00||AU||||||||||||||
RD|I|40|109|1037|43815|6|7|008|149|20260121|00:00||AU||||||||||||||
RD|I|40|109|1037|43815|6|7|008|149|20260126|00:00||AU||||||||||||||
RD|I|40|109|1037|43815|6|7|008|149|20260201|00:00||AU||||||||||||||
RD|I|40|109|1037|43815|6|7|008|149|20260207|00:00||AU||||||||||||||
RD|I|40|109|1037|43815|6|7|008|149|20260213|00:00||AU||||||||||||||
RD|I|40|109|1037|43815|6|7|008|149|20260219|00:00||AU||||||||||||||
RD|I|40|109|1037|43815|6|7|008|149|20260227|00:00||AK||||||||||||||
RD|I|40|109|1037|43815|6|7|008|149|20260303|00:00||AK||||||||||||||
RD|I|40|109|1037|43815|6|7|008|149|20260309|00:00||AK||||||||||||||
RD|I|40|109|1037|43815|6|7|008|149|20260315|00:00|0.0203||||SQ|SS|||||||||.0116|
RD|I|40|109|1037|43815|6|7|008|149|20260321|00:00|0.0151||||SQ||||||||||.0116|
RD|I|40|109|1037|43815|6|7|008|149|20260327|00:00|0.0191||||SQ||||||||||.0116|
RD|I|40|109|1037|43817|6|7|008|149|20260102|00:00||AU||||||||||||||
RD|I|40|109|1037|43817|6|7|008|149|20260108|00:00||AU||||||||||||||
RD|I|40|109|1037|43817|6|7|008|149|20260114|00:00||AU||||||||||||||
RD|I|40|109|1037|43817|6|7|008|149|20260121|00:00||AU||||||||||||||
RD|I|40|109|1037|43817|6|7|008|149|20260126|00:00||AU||||||||||||||
RD|I|40|109|1037|43817|6|7|008|149|20260201|00:00||AU||||||||||||||
RD|I|40|109|1037|43817|6|7|008|149|20260207|00:00||AU||||||||||||||
RD|I|40|109|1037|43817|6|7|008|149|20260213|00:00||AU||||||||||||||
RD|I|40|109|1037|43817|6|7|008|149|20260219|00:00||AU||||||||||||||
RD|I|40|109|1037|43817|6|7|008|149|20260227|00:00||AK||||||||||||||
RD|I|40|109|1037|43817|6|7|008|149|20260303|00:00||AK||||||||||||||
RD|I|40|109|1037|43817|6|7|008|149|20260309|00:00||AK||||||||||||||
RD|I|40|109|1037|43817|6|7|008|149|20260315|00:00|0.0148||||SQ|SS|||||||||.0086|
RD|I|40|109|1037|43817|6|7|008|149|20260321|00:00|0.0119||||SQ||||||||||.0086|
RD|I|40|109|1037|43817|6|7|008|149|20260327|00:00|0.00530||||MD||||||||||.0086|
RD|I|40|109|1037|43818|6|7|008|149|20260102|00:00||AU||||||||||||||
RD|I|40|109|1037|43818|6|7|008|149|20260108|00:00||AU||||||||||||||
RD|I|40|109|1037|43818|6|7|008|149|20260114|00:00||AU||||||||||||||
RD|I|40|109|1037|43818|6|7|008|149|20260121|00:00||AU||||||||||||||
RD|I|40|109|1037|43818|6|7|008|149|20260126|00:00||AU||||||||||||||
RD|I|40|109|1037|43818|6|7|008|149|20260201|00:00||AU||||||||||||||
RD|I|40|109|1037|43818|6|7|008|149|20260207|00:00||AU||||||||||||||
RD|I|40|109|1037|43818|6|7|008|149|20260213|00:00||AU||||||||||||||
RD|I|40|109|1037|43818|6|7|008|149|20260219|00:00||AU||||||||||||||
RD|I|40|109|1037|43818|6|7|008|149|20260227|00:00||AK||||||||||||||
RD|I|40|109|1037|43818|6|7|008|149|20260303|00:00||AK||||||||||||||
RD|I|40|109|1037|43818|6|7|008|149|20260309|00:00||AK||||||||||||||
RD|I|40|109|1037|43818|6|7|008|149|20260315|00:00|0||||ND|SS|||||||||.019|
RD|I|40|109|1037|43818|6|7|008|149|20260321|00:00|0.00190||||MD|LK|||||||||.019|
RD|I|40|109|1037|43818|6|7|008|149|20260327|00:00|0||||ND||||||||||.019|
RD|I|40|109|1037|43824|6|7|008|149|20260102|00:00||AU||||||||||||||
RD|I|40|109|1037|43824|6|7|008|149|20260108|00:00||AU||||||||||||||
RD|I|40|109|1037|43824|6|7|008|149|20260114|00:00||AU||||||||||||||
RD|I|40|109|1037|43824|6|7|008|149|20260121|00:00||AU||||||||||||||
RD|I|40|109|1037|43824|6|7|008|149|20260126|00:00||AU||||||||||||||
RD|I|40|109|1037|43824|6|7|008|149|20260201|00:00||AU||||||||||||||
RD|I|40|109|1037|43824|6|7|008|149|20260207|00:00||AU||||||||||||||
RD|I|40|109|1037|43824|6|7|008|149|20260213|00:00||AU||||||||||||||
RD|I|40|109|1037|43824|6|7|008|149|20260219|00:00||AU||||||||||||||
RD|I|40|109|1037|43824|6|7|008|149|20260227|00:00||AK||||||||||||||
RD|I|40|109|1037|43824|6|7|008|149|20260303|00:00||AK||||||||||||||
RD|I|40|109|1037|43824|6|7|008|149|20260309|00:00||AK||||||||||||||
RD|I|40|109|1037|43824|6|7|008|149|20260315|00:00|0.00380||||MD|SS|||||||||.017|
RD|I|40|109|1037|43824|6|7|008|149|20260321|00:00|0.00380||||MD||||||||||.017|
RD|I|40|109|1037|43824|6|7|008|149|20260327|00:00|0.00210||||MD||||||||||.017|
RD|I|40|109|1037|43829|6|7|008|149|20260102|00:00||AU||||||||||||||
RD|I|40|109|1037|43829|6|7|008|149|20260108|00:00||AU||||||||||||||
RD|I|40|109|1037|43829|6|7|008|149|20260114|00:00||AU||||||||||||||
RD|I|40|109|1037|43829|6|7|008|149|20260121|00:00||AU||||||||||||||
RD|I|40|109|1037|43829|6|7|008|149|20260126|00:00||AU||||||||||||||
RD|I|40|109|1037|43829|6|7|008|149|20260201|00:00||AU||||||||||||||
RD|I|40|109|1037|43829|6|7|008|149|20260207|00:00||AU||||||||||||||
RD|I|40|109|1037|43829|6|7|008|149|20260213|00:00||AU||||||||||||||
RD|I|40|109|1037|43829|6|7|008|149|20260219|00:00||AU||||||||||||||
RD|I|40|109|1037|43829|6|7|008|149|20260227|00:00||AK||||||||||||||
RD|I|40|109|1037|43829|6|7|008|149|20260303|00:00||AK||||||||||||||
RD|I|40|109|1037|43829|6|7|008|149|20260309|00:00||AK||||||||||||||
RD|I|40|109|1037|43829|6|7|008|149|20260315|00:00|0||||ND|SS|||||||||.0215|
RD|I|40|109|1037|43829|6|7|008|149|20260321|00:00|0||||ND||||||||||.0215|
RD|I|40|109|1037|43829|6|7|008|149|20260327|00:00|0||||ND||||||||||.0215|
RD|I|40|109|1037|43830|6|7|008|149|20260102|00:00||AU||||||||||||||
RD|I|40|109|1037|43830|6|7|008|149|20260108|00:00||AU||||||||||||||
RD|I|40|109|1037|43830|6|7|008|149|20260114|00:00||AU||||||||||||||
RD|I|40|109|1037|43830|6|7|008|149|20260121|00:00||AU||||||||||||||
RD|I|40|109|1037|43830|6|7|008|149|20260126|00:00||AU||||||||||||||
RD|I|40|109|1037|43830|6|7|008|149|20260201|00:00||AU||||||||||||||
RD|I|40|109|1037|43830|6|7|008|149|20260207|00:00||AU||||||||||||||
RD|I|40|109|1037|43830|6|7|008|149|20260213|00:00||AU||||||||||||||
RD|I|40|109|1037|43830|6|7|008|149|20260219|00:00||AU||||||||||||||
RD|I|40|109|1037|43830|6|7|008|149|20260227|00:00||AK||||||||||||||
RD|I|40|109|1037|43830|6|7|008|149|20260303|00:00||AK||||||||||||||
RD|I|40|109|1037|43830|6|7|008|149|20260309|00:00||AK||||||||||||||
RD|I|40|109|1037|43830|6|7|008|149|20260315|00:00|0||||ND|SS|||||||||.00822|
RD|I|40|109|1037|43830|6|7|008|149|20260321|00:00|0||||ND||||||||||.00822|
RD|I|40|109|1037|43830|6|7|008|149|20260327|00:00|0||||ND||||||||||.00822|
RD|I|40|109|1037|43831|6|7|008|149|20260102|00:00||AU||||||||||||||
RD|I|40|109|1037|43831|6|7|008|149|20260108|00:00||AU||||||||||||||
RD|I|40|109|1037|43831|6|7|008|149|20260114|00:00||AU||||||||||||||
RD|I|40|109|1037|43831|6|7|008|149|20260121|00:00||AU||||||||||||||
RD|I|40|109|1037|43831|6|7|008|149|20260126|00:00||AU||||||||||||||
RD|I|40|109|1037|43831|6|7|008|149|20260201|00:00||AU||||||||||||||
RD|I|40|109|1037|43831|6|7|008|149|20260207|00:00||AU||||||||||||||
RD|I|40|109|1037|43831|6|7|008|149|20260213|00:00||AU||||||||||||||
RD|I|40|109|1037|43831|6|7|008|149|20260219|00:00||AU||||||||||||||
RD|I|40|109|1037|43831|6|7|008|149|20260227|00:00||AK||||||||||||||
RD|I|40|109|1037|43831|6|7|008|149|20260303|00:00||AK||||||||||||||
RD|I|40|109|1037|43831|6|7|008|149|20260309|00:00||AK||||||||||||||
RD|I|40|109|1037|43831|6|7|008|149|20260315|00:00|0||||ND|SS|||||||||.00753|
RD|I|40|109|1037|43831|6|7|008|149|20260321|00:00|0||||ND||||||||||.00753|
RD|I|40|109|1037|43831|6|7|008|149|20260327|00:00|0||||ND||||||||||.00753|
RD|I|40|109|1037|43843|6|7|008|149|20260102|00:00||AU||||||||||||||
RD|I|40|109|1037|43843|6|7|008|149|20260108|00:00||AU||||||||||||||
RD|I|40|109|1037|43843|6|7|008|149|20260114|00:00||AU||||||||||||||
RD|I|40|109|1037|43843|6|7|008|149|20260121|00:00||AU||||||||||||||
RD|I|40|109|1037|43843|6|7|008|149|20260126|00:00||AU||||||||||||||
RD|I|40|109|1037|43843|6|7|008|149|20260201|00:00||AU||||||||||||||
RD|I|40|109|1037|43843|6|7|008|149|20260207|00:00||AU||||||||||||||
RD|I|40|109|1037|43843|6|7|008|149|20260213|00:00||AU||||||||||||||
RD|I|40|109|1037|43843|6|7|008|149|20260219|00:00||AU||||||||||||||
RD|I|40|109|1037|43843|6|7|008|149|20260227|00:00||AK||||||||||||||
RD|I|40|109|1037|43843|6|7|008|149|20260303|00:00||AK||||||||||||||
RD|I|40|109|1037|43843|6|7|008|149|20260309|00:00||AK||||||||||||||
RD|I|40|109|1037|43843|6|7|008|149|20260315|00:00|0||||ND|SS|||||||||.0066|
RD|I|40|109|1037|43843|6|7|008|149|20260321|00:00|0.00190||||MD||||||||||.0066|
RD|I|40|109|1037|43843|6|7|008|149|20260327|00:00|0||||ND||||||||||.0066|
RD|I|40|109|1037|43860|6|7|008|149|20260102|00:00||AU||||||||||||||
RD|I|40|109|1037|43860|6|7|008|149|20260108|00:00||AU||||||||||||||
RD|I|40|109|1037|43860|6|7|008|149|20260114|00:00||AU||||||||||||||
RD|I|40|109|1037|43860|6|7|008|149|20260121|00:00||AU||||||||||||||
RD|I|40|109|1037|43860|6|7|008|149|20260126|00:00||AU||||||||||||||
RD|I|40|109|1037|43860|6|7|008|149|20260201|00:00||AU||||||||||||||
RD|I|40|109|1037|43860|6|7|008|149|20260207|00:00||AU||||||||||||||
RD|I|40|109|1037|43860|6|7|008|149|20260213|00:00||AU||||||||||||||
RD|I|40|109|1037|43860|6|7|008|149|20260219|00:00||AU||||||||||||||
RD|I|40|109|1037|43860|6|7|008|149|20260227|00:00||AK||||||||||||||
RD|I|40|109|1037|43860|6|7|008|149|20260303|00:00||AK||||||||||||||
RD|I|40|109|1037|43860|6|7|008|149|20260309|00:00||AK||||||||||||||
RD|I|40|109|1037|43860|6|7|008|149|20260315|00:00|0||||ND|SS|||||||||.014|
RD|I|40|109|1037|43860|6|7|008|149|20260321|00:00|0.00170||||MD||||||||||.014|
RD|I|40|109|1037|43860|6|7|008|149|20260327|00:00|0||||ND||||||||||.014|
RD|I|40|109|1037|45201|6|7|008|149|20260102|00:00||AU||||||||||||||
RD|I|40|109|1037|45201|6|7|008|149|20260108|00:00||AU||||||||||||||
RD|I|40|109|1037|45201|6|7|008|149|20260114|00:00||AU||||||||||||||
RD|I|40|109|1037|45201|6|7|008|149|20260121|00:00||AU||||||||||||||
RD|I|40|109|1037|45201|6|7|008|149|20260126|00:00||AU||||||||||||||
RD|I|40|109|1037|45201|6|7|008|149|20260201|00:00||AU||||||||||||||
RD|I|40|109|1037|45201|6|7|008|149|20260207|00:00||AU||||||||||||||
RD|I|40|109|1037|45201|6|7|008|149|20260213|00:00||AU||||||||||||||
RD|I|40|109|1037|45201|6|7|008|149|20260219|00:00||AU||||||||||||||
RD|I|40|109|1037|45201|6|7|008|149|20260227|00:00||AK||||||||||||||
RD|I|40|109|1037|45201|6|7|008|149|20260303|00:00||AK||||||||||||||
RD|I|40|109|1037|45201|6|7|008|149|20260309|00:00||AK||||||||||||||
RD|I|40|109|1037|45201|6|7|008|149|20260315|00:00|0.0997||||SS||||||||||.0158|
RD|I|40|109|1037|45201|6|7|008|149|20260321|00:00|0.205||||||||||||||.0158|
RD|I|40|109|1037|45201|6|7|008|149|20260327|00:00|0.117||||||||||||||.0158|
RD|I|40|109|1037|45202|6|7|008|149|20260102|00:00||AU||||||||||||||
RD|I|40|109|1037|45202|6|7|008|149|20260108|00:00||AU||||||||||||||
RD|I|40|109|1037|45202|6|7|008|149|20260114|00:00||AU||||||||||||||
RD|I|40|109|1037|45202|6|7|008|149|20260121|00:00||AU||||||||||||||
RD|I|40|109|1037|45202|6|7|008|149|20260126|00:00||AU||||||||||||||
RD|I|40|109|1037|45202|6|7|008|149|20260201|00:00||AU||||||||||||||
RD|I|40|109|1037|45202|6|7|008|149|20260207|00:00||AU||||||||||||||
RD|I|40|109|1037|45202|6|7|008|149|20260213|00:00||AU||||||||||||||
RD|I|40|109|1037|45202|6|7|008|149|20260219|00:00||AU||||||||||||||
RD|I|40|109|1037|45202|6|7|008|149|20260227|00:00||AK||||||||||||||
RD|I|40|109|1037|45202|6|7|008|149|20260303|00:00||AK||||||||||||||
RD|I|40|109|1037|45202|6|7|008|149|20260309|00:00||AK||||||||||||||
RD|I|40|109|1037|45202|6|7|008|149|20260315|00:00|0.0510||||SQ|SS|||||||||.038|
RD|I|40|109|1037|45202|6|7|008|149|20260321|00:00|0.472||||||||||||||.038|
RD|I|40|109|1037|45202|6|7|008|149|20260327|00:00|0.131||||||||||||||.038|
RD|I|40|109|1037|45203|6|7|008|149|20260102|00:00||AU||||||||||||||
RD|I|40|109|1037|45203|6|7|008|149|20260108|00:00||AU||||||||||||||
RD|I|40|109|1037|45203|6|7|008|149|20260114|00:00||AU||||||||||||||
RD|I|40|109|1037|45203|6|7|008|149|20260121|00:00||AU||||||||||||||
RD|I|40|109|1037|45203|6|7|008|149|20260126|00:00||AU||||||||||||||
RD|I|40|109|1037|45203|6|7|008|149|20260201|00:00||AU||||||||||||||
RD|I|40|109|1037|45203|6|7|008|149|20260207|00:00||AU||||||||||||||
RD|I|40|109|1037|45203|6|7|008|149|20260213|00:00||AU||||||||||||||
RD|I|40|109|1037|45203|6|7|008|149|20260219|00:00||AU||||||||||||||
RD|I|40|109|1037|45203|6|7|008|149|20260227|00:00||AK||||||||||||||
RD|I|40|109|1037|45203|6|7|008|149|20260303|00:00||AK||||||||||||||
RD|I|40|109|1037|45203|6|7|008|149|20260309|00:00||AK||||||||||||||
RD|I|40|109|1037|45203|6|7|008|149|20260315|00:00|0.00570||||MD|SS|||||||||.013|
RD|I|40|109|1037|45203|6|7|008|149|20260321|00:00|0.0458||||||||||||||.013|
RD|I|40|109|1037|45203|6|7|008|149|20260327|00:00|0.00900||||MD||||||||||.013|
RD|I|40|109|1037|88103|5|7|105|811|20260102|00:00||AN||||||||||||||
RD|I|40|109|1037|88103|5|7|105|811|20260108|00:00|-0.00040||||FX|MD|||||||||.00124|.00076
RD|I|40|109|1037|88103|5|7|105|811|20260114|00:00|0.00059||||MD||||||||||.00133|.00082
RD|I|40|109|1037|88103|5|7|105|811|20260120|00:00|-0.00008||||MD||||||||||.00133|.00081
RD|I|40|109|1037|88103|5|7|105|811|20260126|00:00|-0.00007||||MD||||||||||.00133|.00081
RD|I|40|109|1037|88103|5|7|105|811|20260201|00:00|0.00028||||MD||||||||||.00124|.00076
RD|I|40|109|1037|88103|5|7|105|811|20260207|00:00|-0.00031||||FX|MD|||||||||.00124|.00076
RD|I|40|109|1037|88103|5|7|105|811|20260213|00:00|-0.00004||||MD||||||||||.00129|.00078
RD|I|40|109|1037|88103|5|7|105|811|20260219|00:00|-0.00006||||5|MD|||||||||.00129|.00078
RD|I|40|109|1037|88103|5|7|105|811|20260225|00:00|0.00434||||||||||||||.00124|.00132
RD|I|40|109|1037|88103|5|7|105|811|20260303|00:00|0.00037||||MD||||||||||.00124|.00076
RD|I|40|109|1037|88103|5|7|105|811|20260309|00:00|-0.00033||||MD||||||||||.00124|.00076
RD|I|40|109|1037|88103|5|7|105|811|20260315|00:00|-0.00043||||FX|MD|||||||||.00124|.00076
RD|I|40|109|1037|88103|5|7|105|811|20260321|00:00|-0.00020||||MD||||||||||.00124|.00075
RD|I|40|109|1037|88103|5|7|105|811|20260327|00:00|0.00063||||MD||||||||||.00124|.00077
RD|I|40|109|1037|88110|5|7|105|811|20260102|00:00||AN||||||||||||||
RD|I|40|109|1037|88110|5|7|105|811|20260108|00:00|0.00065||||FX|MD|||||||||.00773|.0047
RD|I|40|109|1037|88110|5|7|105|811|20260114|00:00|-0.00024||||MD||||||||||.00876|.00533
RD|I|40|109|1037|88110|5|7|105|811|20260120|00:00|-0.00153||||MD||||||||||.00876|.00534
RD|I|40|109|1037|88110|5|7|105|811|20260126|00:00|-0.00055||||MD||||||||||.00876|.00533
RD|I|40|109|1037|88110|5|7|105|811|20260201|00:00|-0.00130||||MD||||||||||.00773|.00471
RD|I|40|109|1037|88110|5|7|105|811|20260207|00:00|0.00153||||FX|MD|||||||||.00773|.00472
RD|I|40|109|1037|88110|5|7|105|811|20260213|00:00|0.00338||||MD||||||||||.00773|.00478
RD|I|40|109|1037|88110|5|7|105|811|20260219|00:00|-0.00038||||5|MD|||||||||.00773|.0047
RD|I|40|109|1037|88110|5|7|105|811|20260225|00:00|-0.00263||||MD||||||||||.00773|.00475
RD|I|40|109|1037|88110|5|7|105|811|20260303|00:00|-0.00037||||MD||||||||||.00773|.0047
RD|I|40|109|1037|88110|5|7|105|811|20260309|00:00|-0.00124||||MD||||||||||.00773|.00471
RD|I|40|109|1037|88110|5|7|105|811|20260315|00:00|-0.00255||||FX|MD|||||||||.00773|.00474
RD|I|40|109|1037|88110|5|7|105|811|20260321|00:00|0.00144||||MD||||||||||.00773|.00471
RD|I|40|109|1037|88110|5|7|105|811|20260327|00:00|-0.00132||||MD||||||||||.00773|.00471
RD|I|40|109|1037|88112|5|7|105|811|20260102|00:00||AN||||||||||||||
RD|I|40|109|1037|88112|5|7|105|811|20260108|00:00|-0.00286||||FX|MD|||||||||.02031|.01237
RD|I|40|109|1037|88112|5|7|105|811|20260114|00:00|-0.00065||||MD||||||||||.02031|.01235
RD|I|40|109|1037|88112|5|7|105|811|20260120|00:00|0.00052||||MD||||||||||.02031|.01235
RD|I|40|109|1037|88112|5|7|105|811|20260126|00:00|-0.00078||||MD||||||||||.02031|.01235
RD|I|40|109|1037|88112|5|7|105|811|20260201|00:00|-0.00337||||MD||||||||||.02031|.01238
RD|I|40|109|1037|88112|5|7|105|811|20260207|00:00||SC||||||||||||||
RD|I|40|109|1037|88112|5|7|105|811|20260213|00:00|0.00045||||MD||||||||||.02031|.01235
RD|I|40|109|1037|88112|5|7|105|811|20260219|00:00|0.00153||||5|MD|||||||||.02031|.01235
RD|I|40|109|1037|88112|5|7|105|811|20260225|00:00|-0.00001||||MD||||||||||.02031|.01235
RD|I|40|109|1037|88112|5|7|105|811|20260303|00:00|-0.00081||||MD||||||||||.02031|.01235
RD|I|40|109|1037|88112|5|7|105|811|20260309|00:00|0.00102||||MD||||||||||.02031|.01235
RD|I|40|109|1037|88112|5|7|105|811|20260315|00:00|-0.00072||||FX|MD|||||||||.02031|.01235
RD|I|40|109|1037|88112|5|7|105|811|20260321|00:00|0.00360||||MD||||||||||.02031|.01238
RD|I|40|109|1037|88112|5|7|105|811|20260327|00:00|-0.00080||||MD||||||||||.02031|.01235
RD|I|40|109|1037|88128|5|7|105|811|20260102|00:00||AN||||||||||||||
RD|I|40|109|1037|88128|5|7|105|811|20260108|00:00|0.00603||||FX|MD|||||||||.00959|.00602
RD|I|40|109|1037|88128|5|7|105|811|20260114|00:00|-0.00582||||MD||||||||||.00959|.00601
RD|I|40|109|1037|88128|5|7|105|811|20260120|00:00|-0.00139||||MD||||||||||.00959|.00584
RD|I|40|109|1037|88128|5|7|105|811|20260126|00:00|0.00676||||MD||||||||||.00959|.00607
RD|I|40|109|1037|88128|5|7|105|811|20260201|00:00|0.00024||||MD||||||||||.00959|.00583
RD|I|40|109|1037|88128|5|7|105|811|20260207|00:00|0.00246||||FX|MD|||||||||.00959|.00586
RD|I|40|109|1037|88128|5|7|105|811|20260213|00:00|0.00298||||MD||||||||||.00959|.00588
RD|I|40|109|1037|88128|5|7|105|811|20260219|00:00|-0.00312||||5|MD|||||||||.00959|.00588
RD|I|40|109|1037|88128|5|7|105|811|20260225|00:00|0.00882||||MD||||||||||.00959|.00623
RD|I|40|109|1037|88128|5|7|105|811|20260303|00:00|0.00275||||MD||||||||||.00959|.00587
RD|I|40|109|1037|88128|5|7|105|811|20260309|00:00|0.00113||||MD||||||||||.00959|.00584
RD|I|40|109|1037|88128|5|7|105|811|20260315|00:00|-0.00110||||FX|MD|||||||||.00959|.00584
RD|I|40|109|1037|88128|5|7|105|811|20260321|00:00|0.00316||||MD||||||||||.00959|.00588
RD|I|40|109|1037|88128|5|7|105|811|20260327|00:00|0.00295||||MD||||||||||.00959|.00588
RD|I|40|109|1037|88132|5|7|105|811|20260102|00:00||AN||||||||||||||
RD|I|40|109|1037|88132|5|7|105|811|20260108|00:00|0.00172||||FX|MD|||||||||.00181|.00118
RD|I|40|109|1037|88132|5|7|105|811|20260114|00:00|0.00041||||MD||||||||||.00175|.00107
RD|I|40|109|1037|88132|5|7|105|811|20260120|00:00|0.00024||||MD||||||||||.00175|.00107
RD|I|40|109|1037|88132|5|7|105|811|20260126|00:00|-0.00151||||MD||||||||||.00175|.00113
RD|I|40|109|1037|88132|5|7|105|811|20260201|00:00|-0.00103||||MD||||||||||.00247|.00152
RD|I|40|109|1037|88132|5|7|105|811|20260207|00:00|0.00255||||FX||||||||||.00175|.00124
RD|I|40|109|1037|88132|5|7|105|811|20260213|00:00|0.00209||||||||||||||.00175|.00119
RD|I|40|109|1037|88132|5|7|105|811|20260219|00:00|0.00098||||5|MD|||||||||.00175|.00109
RD|I|40|109|1037|88132|5|7|105|811|20260225|00:00|-0.00013||||MD||||||||||.00175|.00107
RD|I|40|109|1037|88132|5|7|105|811|20260303|00:00|0.00124||||MD||||||||||.00175|.00111
RD|I|40|109|1037|88132|5|7|105|811|20260309|00:00|0.00144||||MD||||||||||.00175|.00112
RD|I|40|109|1037|88132|5|7|105|811|20260315|00:00|0.00128||||FX|MD|||||||||.00175|.00111
RD|I|40|109|1037|88132|5|7|105|811|20260321|00:00|-0.00021||||MD||||||||||.00175|.00107
RD|I|40|109|1037|88132|5|7|105|811|20260327|00:00|0.00006||||MD||||||||||.00175|.00107
RD|I|40|109|1037|88136|5|7|105|811|20260102|00:00||AN||||||||||||||
RD|I|40|109|1037|88136|5|7|105|811|20260108|00:00|-0.00018||||FX|MD|||||||||.00263|.0016
RD|I|40|109|1037|88136|5|7|105|811|20260114|00:00|0.00143||||MD||||||||||.00286|.00178
RD|I|40|109|1037|88136|5|7|105|811|20260120|00:00|0.00128||||MD||||||||||.00286|.00177
RD|I|40|109|1037|88136|5|7|105|811|20260126|00:00|0.00119||||MD||||||||||.00286|.00176
RD|I|40|109|1037|88136|5|7|105|811|20260201|00:00|-0.00141||||MD||||||||||.00237|.00148
RD|I|40|109|1037|88136|5|7|105|811|20260207|00:00||SC||||||||||||||
RD|I|40|109|1037|88136|5|7|105|811|20260213|00:00|0.00005||||MD||||||||||.00262|.00159
RD|I|40|109|1037|88136|5|7|105|811|20260219|00:00|0.00218||||5|MD|||||||||.00262|.00168
RD|I|40|109|1037|88136|5|7|105|811|20260225|00:00|-0.00076||||MD||||||||||.00237|.00145
RD|I|40|109|1037|88136|5|7|105|811|20260303|00:00|-0.00013||||MD||||||||||.00288|.00175
RD|I|40|109|1037|88136|5|7|105|811|20260309|00:00|0.00028||||MD||||||||||.00237|.00144
RD|I|40|109|1037|88136|5|7|105|811|20260315|00:00|-0.00161||||FX|MD|||||||||.00237|.0015
RD|I|40|109|1037|88136|5|7|105|811|20260321|00:00|0.00246||||||||||||||.00241|.00159
RD|I|40|109|1037|88136|5|7|105|811|20260327|00:00|-0.00184||||MD||||||||||.00237|.00151
RD|I|40|143|0235|12103|6|7|003|089|20260102|00:00|1.11||||||||||||||.00632|
RD|I|40|143|0235|12103|6|7|003|089|20260108|00:00|0.441||||||||||||||.00658|
RD|I|40|143|0235|12103|6|7|003|089|20260114|00:00|0.220||||||||||||||.00618|
RD|I|40|143|0235|12103|6|7|003|089|20260121|00:00|0.805||||||||||||||.00595|
RD|I|40|143|0235|12103|6|7|003|089|20260126|00:00|0.875||||||||||||||.00533|
RD|I|40|143|0235|12103|6|7|003|089|20260201|00:00|0.418||||||||||||||.00618|
RD|I|40|143|0235|12103|6|7|003|089|20260207|00:00||AF||||||||||||||
RD|I|40|143|0235|12103|6|7|003|089|20260213|00:00||AF||||||||||||||
RD|I|40|143|0235|12103|6|7|003|089|20260219|00:00||AF||||||||||||||
RD|I|40|143|0235|12103|6|7|003|089|20260225|00:00|0.760||||||||||||||.00666|
RD|I|40|143|0235|12103|6|7|003|089|20260303|00:00||AF||||||||||||||
RD|I|40|143|0235|12103|6|7|003|089|20260308|00:00||AF||||||||||||||
RD|I|40|143|0235|12103|6|7|003|089|20260315|00:00|0.863||||||||||||||.00641|
RD|I|40|143|0235|12103|6|7|003|089|20260321|00:00|1.13||||||||||||||.00702|
RD|I|40|143|0235|12103|6|7|003|089|20260327|00:00|0.652||||||||||||||.00668|
RD|I|40|143|0235|12105|6|7|003|089|20260102|00:00|0.0175||||||||||||||.00131|
RD|I|40|143|0235|12105|6|7|003|089|20260108|00:00|0.00971||||||||||||||.00137|
RD|I|40|143|0235|12105|6|7|003|089|20260114|00:00|0.0137||||||||||||||.00128|
RD|I|40|143|0235|12105|6|7|003|089|20260121|00:00|0.0236||||||||||||||.00124|
RD|I|40|143|0235|12105|6|7|003|089|20260126|00:00|0.00507||||||||||||||.00111|
RD|I|40|143|0235|12105|6|7|003|089|20260201|00:00|0.00671||||||||||||||.00128|
RD|I|40|143|0235|12105|6|7|003|089|20260207|00:00||AF||||||||||||||
RD|I|40|143|0235|12105|6|7|003|089|20260213|00:00||AF||||||||||||||
RD|I|40|143|0235|12105|6|7|003|089|20260219|00:00||AF||||||||||||||
RD|I|40|143|0235|12105|6|7|003|089|20260225|00:00|0.0328||||||||||||||.00138|
RD|I|40|143|0235|12105|6|7|003|089|20260303|00:00||AF||||||||||||||
RD|I|40|143|0235|12105|6|7|003|089|20260308|00:00||AF||||||||||||||
RD|I|40|143|0235|12105|6|7|003|089|20260315|00:00|0.0471||||||||||||||.00133|
RD|I|40|143|0235|12105|6|7|003|089|20260321|00:00|0.0344||||||||||||||.00146|
RD|I|40|143|0235|12105|6|7|003|089|20260327|00:00|0.0303||||||||||||||.00139|
RD|I|40|143|0235|12110|6|7|003|089|20260102|00:00|0.236||||||||||||||.00365|
RD|I|40|143|0235|12110|6|7|003|089|20260108|00:00|0.0866||||||||||||||.00381|
RD|I|40|143|0235|12110|6|7|003|089|20260114|00:00|0.0640||||||||||||||.00357|
RD|I|40|143|0235|12110|6|7|003|089|20260121|00:00|0.183||||||||||||||.00344|
RD|I|40|143|0235|12110|6|7|003|089|20260126|00:00|0.319||||||||||||||.00309|
RD|I|40|143|0235|12110|6|7|003|089|20260201|00:00|0.116||||||||||||||.00357|
RD|I|40|143|0235|12110|6|7|003|089|20260207|00:00||AF||||||||||||||
RD|I|40|143|0235|12110|6|7|003|089|20260213|00:00||AF||||||||||||||
RD|I|40|143|0235|12110|6|7|003|089|20260219|00:00||AF||||||||||||||
RD|I|40|143|0235|12110|6|7|003|089|20260225|00:00|0.166||||||||||||||.00385|
RD|I|40|143|0235|12110|6|7|003|089|20260303|00:00||AF||||||||||||||
RD|I|40|143|0235|12110|6|7|003|089|20260308|00:00||AF||||||||||||||
RD|I|40|143|0235|12110|6|7|003|089|20260315|00:00|0.506||||||||||||||.00371|
RD|I|40|143|0235|12110|6|7|003|089|20260321|00:00|0.290||||||||||||||.00406|
RD|I|40|143|0235|12110|6|7|003|089|20260327|00:00|0.254||||||||||||||.00386|
RD|I|40|143|0235|12112|6|7|003|089|20260102|00:00|2.79||||SQ||||||||||1.73|
RD|I|40|143|0235|12112|6|7|003|089|20260108|00:00|2.05||||SQ||||||||||1.8|
RD|I|40|143|0235|12112|6|7|003|089|20260114|00:00|2.07||||SQ||||||||||1.69|
RD|I|40|143|0235|12112|6|7|003|089|20260121|00:00|3.64||||SQ||||||||||1.63|
RD|I|40|143|0235|12112|6|7|003|089|20260126|00:00|1.72||||SQ||||||||||1.46|
RD|I|40|143|0235|12112|6|7|003|089|20260201|00:00|1.72||||SQ||||||||||1.69|
RD|I|40|143|0235|12112|6|7|003|089|20260207|00:00||AF||||||||||||||
RD|I|40|143|0235|12112|6|7|003|089|20260213|00:00||AF||||||||||||||
RD|I|40|143|0235|12112|6|7|003|089|20260219|00:00||AF||||||||||||||
RD|I|40|143|0235|12112|6|7|003|089|20260225|00:00|2.64||||SQ||||||||||1.82|
RD|I|40|143|0235|12112|6|7|003|089|20260303|00:00||AF||||||||||||||
RD|I|40|143|0235|12112|6|7|003|089|20260308|00:00||AF||||||||||||||
RD|I|40|143|0235|12112|6|7|003|089|20260315|00:00|2.46||||SQ||||||||||1.76|
RD|I|40|143|0235|12112|6|7|003|089|20260321|00:00|3.46||||SQ||||||||||1.92|
RD|I|40|143|0235|12112|6|7|003|089|20260327|00:00|2.66||||SQ||||||||||1.83|
RD|I|40|143|0235|12128|6|7|003|089|20260102|00:00|4.15||||||||||||||.0917|
RD|I|40|143|0235|12128|6|7|003|089|20260108|00:00|2.01||||||||||||||.0956|
RD|I|40|143|0235|12128|6|7|003|089|20260114|00:00|1.34||||||||||||||.0897|
RD|I|40|143|0235|12128|6|7|003|089|20260121|00:00|3.66||||||||||||||.0864|
RD|I|40|143|0235|12128|6|7|003|089|20260126|00:00|3.51||||||||||||||.0775|
RD|I|40|143|0235|12128|6|7|003|089|20260201|00:00|2.44||||||||||||||.0897|
RD|I|40|143|0235|12128|6|7|003|089|20260207|00:00||AF||||||||||||||
RD|I|40|143|0235|12128|6|7|003|089|20260213|00:00||AF||||||||||||||
RD|I|40|143|0235|12128|6|7|003|089|20260219|00:00||AF||||||||||||||
RD|I|40|143|0235|12128|6|7|003|089|20260225|00:00|5.38||||||||||||||.0967|
RD|I|40|143|0235|12128|6|7|003|089|20260303|00:00||AF||||||||||||||
RD|I|40|143|0235|12128|6|7|003|089|20260308|00:00||AF||||||||||||||
RD|I|40|143|0235|12128|6|7|003|089|20260315|00:00|5.43||||||||||||||.0931|
RD|I|40|143|0235|12128|6|7|003|089|20260321|00:00|5.75||||||||||||||.102|
RD|I|40|143|0235|12128|6|7|003|089|20260327|00:00|3.79||||||||||||||.097|
RD|I|40|143|0235|12132|6|7|003|089|20260102|00:00|25.5||||||||||||||.548|
RD|I|40|143|0235|12132|6|7|003|089|20260108|00:00|12.8||||||||||||||.571|
RD|I|40|143|0235|12132|6|7|003|089|20260114|00:00|15.4||||||||||||||.536|
RD|I|40|143|0235|12132|6|7|003|089|20260121|00:00|36.2||||||||||||||.516|
RD|I|40|143|0235|12132|6|7|003|089|20260126|00:00|8.84||||||||||||||.463|
RD|I|40|143|0235|12132|6|7|003|089|20260201|00:00|9.31||||||||||||||.536|
RD|I|40|143|0235|12132|6|7|003|089|20260207|00:00||AF||||||||||||||
RD|I|40|143|0235|12132|6|7|003|089|20260213|00:00||AF||||||||||||||
RD|I|40|143|0235|12132|6|7|003|089|20260219|00:00||AF||||||||||||||
RD|I|40|143|0235|12132|6|7|003|089|20260225|00:00|38.2||||||||||||||.578|
RD|I|40|143|0235|12132|6|7|003|089|20260303|00:00||AF||||||||||||||
RD|I|40|143|0235|12132|6|7|003|089|20260308|00:00||AF||||||||||||||
RD|I|40|143|0235|12132|6|7|003|089|20260315|00:00|40.0||||||||||||||.556|
RD|I|40|143|0235|12132|6|7|003|089|20260321|00:00|41.7||||||||||||||.61|
RD|I|40|143|0235|12132|6|7|003|089|20260327|00:00|37.0||||||||||||||.58|
RD|I|40|143|0235|12136|6|7|003|089|20260102|00:00|1.59||||SQ||||||||||.547|
RD|I|40|143|0235|12136|6|7|003|089|20260108|00:00|1.00||||SQ||||||||||.57|
RD|I|40|143|0235|12136|6|7|003|089|20260114|00:00|0.932||||SQ||||||||||.535|
RD|I|40|143|0235|12136|6|7|003|089|20260121|00:00|1.95||||||||||||||.515|
RD|I|40|143|0235|12136|6|7|003|089|20260126|00:00|0.610||||SQ||||||||||.462|
RD|I|40|143|0235|12136|6|7|003|089|20260201|00:00|0.613||||SQ||||||||||.535|
RD|I|40|143|0235|12136|6|7|003|089|20260207|00:00||AF||||||||||||||
RD|I|40|143|0235|12136|6|7|003|089|20260213|00:00||AF||||||||||||||
RD|I|40|143|0235|12136|6|7|003|089|20260219|00:00||AF||||||||||||||
RD|I|40|143|0235|12136|6|7|003|089|20260225|00:00|1.54||||SQ||||||||||.576|
RD|I|40|143|0235|12136|6|7|003|089|20260303|00:00||AF||||||||||||||
RD|I|40|143|0235|12136|6|7|003|089|20260308|00:00||AF||||||||||||||
RD|I|40|143|0235|12136|6|7|003|089|20260315|00:00|1.60||||SQ||||||||||.555|
RD|I|40|143|0235|12136|6|7|003|089|20260321|00:00|1.87||||SQ||||||||||.608|
RD|I|40|143|0235|12136|6|7|003|089|20260327|00:00|1.83||||SQ||||||||||.578|
RD|I|40|143|0235|43218|6|7|008|149|20260102|00:00|0.0273||||3|SQ|CF|LL|LJ||||||.0215|
RD|I|40|143|0235|43218|6|7|008|149|20260107|00:00|0.0417||||3|SQ|CF|LL|LJ||||||.0215|
RD|I|40|143|0235|43218|6|7|008|149|20260114|00:00|0.00370||||3|MD|CF|LL|LJ||||||.0215|
RD|I|40|143|0235|43218|6|7|008|149|20260121|00:00|0.0309||||3|SQ|CF|LL|LJ||||||.0215|
RD|I|40|143|0235|43218|6|7|008|149|20260126|00:00|0.0100||||3|MD|CF|LL|LJ||||||.0215|
RD|I|40|143|0235|43218|6|7|008|149|20260201|00:00|0.0109||||MD|CF|LL||||||||.0215|
RD|I|40|143|0235|43218|6|7|008|149|20260207|00:00||AF||||||||||||||
RD|I|40|143|0235|43218|6|7|008|149|20260213|00:00||AF||||||||||||||
RD|I|40|143|0235|43218|6|7|008|149|20260219|00:00||AF||||||||||||||
RD|I|40|143|0235|43218|6|7|008|149|20260227|00:00|0.0642||||SQ||||||||||.0215|
RD|I|40|143|0235|43218|6|7|008|149|20260306|00:00|0.00610||||MD||||||||||.0215|
RD|I|40|143|0235|43218|6|7|008|149|20260309|00:00|0.00540||||MD||||||||||.0215|
RD|I|40|143|0235|43218|6|7|008|149|20260315|00:00||AV||||||||||||||
RD|I|40|143|0235|43218|6|7|008|149|20260321|00:00|0.0297||||SQ|CF|LL||||||||.0215|
RD|I|40|143|0235|43218|6|7|008|149|20260327|00:00|0.00530||||MD|CF|LL||||||||.0215|
RD|I|40|143|0235|43502|6|7|001|202|20260102|00:00|2.42||||3|LJ|||||||||.0477|
RD|I|40|143|0235|43502|6|7|001|202|20260107|00:00|2.73||||3|LJ|||||||||.0477|
RD|I|40|143|0235|43502|6|7|001|202|20260114|00:00|0.942||||3|LJ|||||||||.0476|
RD|I|40|143|0235|43502|6|7|001|202|20260121|00:00|2.42||||3|LJ|||||||||.0538|
RD|I|40|143|0235|43502|6|7|001|202|20260126|00:00|1.59||||3|LJ|||||||||.0538|
RD|I|40|143|0235|43502|6|7|001|202|20260201|00:00|1.45||||3|LJ|||||||||.0538|
RD|I|40|143|0235|43502|6|7|001|202|20260207|00:00|2.43||||3|LJ|||||||||.0536|
RD|I|40|143|0235|43502|6|7|001|202|20260213|00:00||AF||||||||||||||
RD|I|40|143|0235|43502|6|7|001|202|20260219|00:00||AF||||||||||||||
RD|I|40|143|0235|43502|6|7|001|202|20260227|00:00|3.07||||||||||||||.0538|
RD|I|40|143|0235|43502|6|7|001|202|20260306|00:00|1.61||||||||||||||.0537|
RD|I|40|143|0235|43502|6|7|001|202|20260309|00:00|2.18||||||||||||||.0537|
RD|I|40|143|0235|43502|6|7|001|202|20260315|00:00||AV||||||||||||||
RD|I|40|143|0235|43502|6|7|001|202|20260321|00:00||AH||||||||||||||
RD|I|40|143|0235|43502|6|7|001|202|20260327|00:00|1.34||||||||||||||.0547|
RD|I|40|143|0235|43503|6|7|001|202|20260102|00:00|2.53||||3|LJ|||||||||.0521|
RD|I|40|143|0235|43503|6|7|001|202|20260107|00:00|2.46||||3|LJ|||||||||.0521|
RD|I|40|143|0235|43503|6|7|001|202|20260114|00:00|0.703||||3|LJ|||||||||.0521|
RD|I|40|143|0235|43503|6|7|001|202|20260121|00:00|2.02||||3|LJ|||||||||.0223|
RD|I|40|143|0235|43503|6|7|001|202|20260126|00:00|1.39||||3|LJ|||||||||.0223|
RD|I|40|143|0235|43503|6|7|001|202|20260201|00:00|1.46||||3|LJ|||||||||.0223|
RD|I|40|143|0235|43503|6|7|001|202|20260207|00:00|1.66||||3|LJ|||||||||.0222|
RD|I|40|143|0235|43503|6|7|001|202|20260213|00:00||AF||||||||||||||
RD|I|40|143|0235|43503|6|7|001|202|20260219|00:00||AF||||||||||||||
RD|I|40|143|0235|43503|6|7|001|202|20260227|00:00|3.83||||||||||||||.0223|
RD|I|40|143|0235|43503|6|7|001|202|20260306|00:00|0.960||||||||||||||.0222|
RD|I|40|143|0235|43503|6|7|001|202|20260309|00:00|1.71||||||||||||||.0222|
RD|I|40|143|0235|43503|6|7|001|202|20260315|00:00||AV||||||||||||||
RD|I|40|143|0235|43503|6|7|001|202|20260321|00:00||AH||||||||||||||
RD|I|40|143|0235|43503|6|7|001|202|20260327|00:00|0.993||||||||||||||.0227|
RD|I|40|143|0235|43509|6|7|008|149|20260102|00:00|0.156||||3|SQ|CF|LK|LJ|LB|||||.0977|
RD|I|40|143|0235|43509|6|7|008|149|20260107|00:00|0.242||||3|SQ|CF|LK|LJ||||||.0977|
RD|I|40|143|0235|43509|6|7|008|149|20260114|00:00|0.0900||||3|MD|CF|LK|LJ|LB|||||.0977|
RD|I|40|143|0235|43509|6|7|008|149|20260121|00:00|0.164||||3|SQ|CF|LK|LJ||||||.0977|
RD|I|40|143|0235|43509|6|7|008|149|20260126|00:00|0.0844||||3|MD|CF|LK|LJ|LB|||||.0977|
RD|I|40|143|0235|43509|6|7|008|149|20260201|00:00|0.0937||||MD|CF|LK|LB|||||||.0977|
RD|I|40|143|0235|43509|6|7|008|149|20260207|00:00||AF||||||||||||||
RD|I|40|143|0235|43509|6|7|008|149|20260213|00:00||AF||||||||||||||
RD|I|40|143|0235|43509|6|7|008|149|20260219|00:00||AF||||||||||||||
RD|I|40|143|0235|43509|6|7|008|149|20260227|00:00|0.219||||SQ|CF|LK|LB|||||||.0977|
RD|I|40|143|0235|43509|6|7|008|149|20260306|00:00|0.292||||SQ|CF|LK||||||||.0977|
RD|I|40|143|0235|43509|6|7|008|149|20260309|00:00|0.249||||SQ|CF|LK||||||||.0977|
RD|I|40|143|0235|43509|6|7|008|149|20260315|00:00||AV||||||||||||||
RD|I|40|143|0235|43509|6|7|008|149|20260321|00:00|0.612||||CF|LK|||||||||.0977|
RD|I|40|143|0235|43509|6|7|008|149|20260327|00:00|0.170||||SQ|CF|LK|LB|||||||.0977|
RD|I|40|143|0235|43704|6|7|008|149|20260102|00:00|0.00930||||3|MD|LJ||||||||.0116|
RD|I|40|143|0235|43704|6|7|008|149|20260107|00:00|0.00850||||3|MD|LJ||||||||.0116|
RD|I|40|143|0235|43704|6|7|008|149|20260114|00:00|0.00510||||3|MD|LJ||||||||.0116|
RD|I|40|143|0235|43704|6|7|008|149|20260121|00:00|0.0101||||3|MD|LJ||||||||.0116|
RD|I|40|143|0235|43704|6|7|008|149|20260126|00:00|0.00580||||3|MD|LJ||||||||.0116|
RD|I|40|143|0235|43704|6|7|008|149|20260201|00:00|0.00770||||MD||||||||||.0116|
RD|I|40|143|0235|43704|6|7|008|149|20260207|00:00||AF||||||||||||||
RD|I|40|143|0235|43704|6|7|008|149|20260213|00:00||AF||||||||||||||
RD|I|40|143|0235|43704|6|7|008|149|20260219|00:00||AF||||||||||||||
RD|I|40|143|0235|43704|6|7|008|149|20260227|00:00|0.0109||||MD||||||||||.0116|
RD|I|40|143|0235|43704|6|7|008|149|20260306|00:00|0.0109||||MD||||||||||.0116|
RD|I|40|143|0235|43704|6|7|008|149|20260309|00:00|0.00980||||MD||||||||||.0116|
RD|I|40|143|0235|43704|6|7|008|149|20260315|00:00||AV||||||||||||||
RD|I|40|143|0235|43704|6|7|008|149|20260321|00:00|0.0241||||SQ||||||||||.0116|
RD|I|40|143|0235|43704|6|7|008|149|20260327|00:00|0.0115||||MD||||||||||.0116|
RD|I|40|143|0235|43802|6|7|008|149|20260102|00:00|0.142||||3|SQ|LJ||||||||.0489|
RD|I|40|143|0235|43802|6|7|008|149|20260107|00:00|0.239||||3|LJ|||||||||.0489|
RD|I|40|143|0235|43802|6|7|008|149|20260114|00:00|0.140||||3|SQ|LJ|CC|LK||||||.0489|
RD|I|40|143|0235|43802|6|7|008|149|20260121|00:00|0.333||||3|CF|LK|LJ|||||||.0489|
RD|I|40|143|0235|43802|6|7|008|149|20260126|00:00|0.182||||3|LJ|||||||||.0489|
RD|I|40|143|0235|43802|6|7|008|149|20260201|00:00|0.109||||SQ||||||||||.0489|
RD|I|40|143|0235|43802|6|7|008|149|20260207|00:00||AF||||||||||||||
RD|I|40|143|0235|43802|6|7|008|149|20260213|00:00||AF||||||||||||||
RD|I|40|143|0235|43802|6|7|008|149|20260219|00:00||AF||||||||||||||
RD|I|40|143|0235|43802|6|7|008|149|20260227|00:00|0.204||||||||||||||.0489|
RD|I|40|143|0235|43802|6|7|008|149|20260306|00:00|0.0874||||SQ||||||||||.0489|
RD|I|40|143|0235|43802|6|7|008|149|20260309|00:00|0.113||||SQ||||||||||.0489|
RD|I|40|143|0235|43802|6|7|008|149|20260315|00:00||AV||||||||||||||
RD|I|40|143|0235|43802|6|7|008|149|20260321|00:00|0.173||||||||||||||.0489|
RD|I|40|143|0235|43802|6|7|008|149|20260327|00:00|0.101||||SQ||||||||||.0489|
RD|I|40|143|0235|43803|6|7|008|149|20260102|00:00|0||||3|ND|LJ||||||||.0134|
RD|I|40|143|0235|43803|6|7|008|149|20260107|00:00|0||||3|ND|LJ||||||||.0134|
RD|I|40|143|0235|43803|6|7|008|149|20260114|00:00|0.0143||||3|SQ|LJ||||||||.0134|
RD|I|40|143|0235|43803|6|7|008|149|20260121|00:00|0||||3|ND|LJ||||||||.0134|
RD|I|40|143|0235|43803|6|7|008|149|20260126|00:00|0.0164||||3|SQ|LJ||||||||.0134|
RD|I|40|143|0235|43803|6|7|008|149|20260201|00:00|0.0186||||SQ||||||||||.0134|
RD|I|40|143|0235|43803|6|7|008|149|20260207|00:00||AF||||||||||||||
RD|I|40|143|0235|43803|6|7|008|149|20260213|00:00||AF||||||||||||||
RD|I|40|143|0235|43803|6|7|008|149|20260219|00:00||AF||||||||||||||
RD|I|40|143|0235|43803|6|7|008|149|20260227|00:00|0||||ND||||||||||.0134|
RD|I|40|143|0235|43803|6|7|008|149|20260306|00:00|0.0183||||SQ||||||||||.0134|
RD|I|40|143|0235|43803|6|7|008|149|20260309|00:00|0.0208||||SQ||||||||||.0134|
RD|I|40|143|0235|43803|6|7|008|149|20260315|00:00||AV||||||||||||||
RD|I|40|143|0235|43803|6|7|008|149|20260321|00:00|0.0293||||SQ||||||||||.0134|
RD|I|40|143|0235|43803|6|7|008|149|20260327|00:00|0.0161||||SQ||||||||||.0134|
RD|I|40|143|0235|43804|6|7|008|149|20260102|00:00|0.0682||||3|LJ|||||||||.0075|
RD|I|40|143|0235|43804|6|7|008|149|20260107|00:00|0.0736||||3|LJ|||||||||.0075|
RD|I|40|143|0235|43804|6|7|008|149|20260114|00:00|0.0716||||3|LJ|||||||||.0075|
RD|I|40|143|0235|43804|6|7|008|149|20260121|00:00|0.0775||||3|LJ|||||||||.0075|
RD|I|40|143|0235|43804|6|7|008|149|20260126|00:00|0.0707||||3|LJ|||||||||.0075|
RD|I|40|143|0235|43804|6|7|008|149|20260201|00:00|0.0682||||||||||||||.0075|
RD|I|40|143|0235|43804|6|7|008|149|20260207|00:00||AF||||||||||||||
RD|I|40|143|0235|43804|6|7|008|149|20260213|00:00||AF||||||||||||||
RD|I|40|143|0235|43804|6|7|008|149|20260219|00:00||AF||||||||||||||
RD|I|40|143|0235|43804|6|7|008|149|20260227|00:00|0.0718||||||||||||||.0075|
RD|I|40|143|0235|43804|6|7|008|149|20260306|00:00|0.0741||||||||||||||.0075|
RD|I|40|143|0235|43804|6|7|008|149|20260309|00:00|0.0755||||||||||||||.0075|
RD|I|40|143|0235|43804|6|7|008|149|20260315|00:00||AV||||||||||||||
RD|I|40|143|0235|43804|6|7|008|149|20260321|00:00|0.0761||||||||||||||.0075|
RD|I|40|143|0235|43804|6|7|008|149|20260327|00:00|0.0765||||||||||||||.0075|
RD|I|40|143|0235|43815|6|7|008|149|20260102|00:00|0.0169||||3|SQ|LJ||||||||.0116|
RD|I|40|143|0235|43815|6|7|008|149|20260107|00:00|0.0166||||3|SQ|LJ||||||||.0116|
RD|I|40|143|0235|43815|6|7|008|149|20260114|00:00|0.0189||||3|SQ|LJ||||||||.0116|
RD|I|40|143|0235|43815|6|7|008|149|20260121|00:00|0.0211||||3|SQ|LJ||||||||.0116|
RD|I|40|143|0235|43815|6|7|008|149|20260126|00:00|0.0179||||3|SQ|LJ||||||||.0116|
RD|I|40|143|0235|43815|6|7|008|149|20260201|00:00|0.0170||||SQ||||||||||.0116|
RD|I|40|143|0235|43815|6|7|008|149|20260207|00:00||AF||||||||||||||
RD|I|40|143|0235|43815|6|7|008|149|20260213|00:00||AF||||||||||||||
RD|I|40|143|0235|43815|6|7|008|149|20260219|00:00||AF||||||||||||||
RD|I|40|143|0235|43815|6|7|008|149|20260227|00:00|0.0181||||SQ||||||||||.0116|
RD|I|40|143|0235|43815|6|7|008|149|20260306|00:00|0.00980||||MD||||||||||.0116|
RD|I|40|143|0235|43815|6|7|008|149|20260309|00:00|0.0133||||SQ||||||||||.0116|
RD|I|40|143|0235|43815|6|7|008|149|20260315|00:00||AV||||||||||||||
RD|I|40|143|0235|43815|6|7|008|149|20260321|00:00|0.0147||||SQ||||||||||.0116|
RD|I|40|143|0235|43815|6|7|008|149|20260327|00:00|0.0186||||SQ||||||||||.0116|
RD|I|40|143|0235|43817|6|7|008|149|20260102|00:00|0.0114||||3|SQ|LJ||||||||.0086|
RD|I|40|143|0235|43817|6|7|008|149|20260107|00:00|0.0306||||3|LJ|||||||||.0086|
RD|I|40|143|0235|43817|6|7|008|149|20260114|00:00|0.00570||||3|MD|LJ||||||||.0086|
RD|I|40|143|0235|43817|6|7|008|149|20260121|00:00|0.0130||||3|SQ|LJ||||||||.0086|
RD|I|40|143|0235|43817|6|7|008|149|20260126|00:00|0.00690||||3|MD|LJ||||||||.0086|
RD|I|40|143|0235|43817|6|7|008|149|20260201|00:00|0.00690||||MD||||||||||.0086|
RD|I|40|143|0235|43817|6|7|008|149|20260207|00:00||AF||||||||||||||
RD|I|40|143|0235|43817|6|7|008|149|20260213|00:00||AF||||||||||||||
RD|I|40|143|0235|43817|6|7|008|149|20260219|00:00||AF||||||||||||||
RD|I|40|143|0235|43817|6|7|008|149|20260227|00:00|0.0225||||SQ||||||||||.0086|
RD|I|40|143|0235|43817|6|7|008|149|20260306|00:00|0.00580||||MD||||||||||.0086|
RD|I|40|143|0235|43817|6|7|008|149|20260309|00:00|0.00810||||MD||||||||||.0086|
RD|I|40|143|0235|43817|6|7|008|149|20260315|00:00||AV||||||||||||||
RD|I|40|143|0235|43817|6|7|008|149|20260321|00:00|0.0360||||||||||||||.0086|
RD|I|40|143|0235|43817|6|7|008|149|20260327|00:00|0.0119||||SQ||||||||||.0086|
RD|I|40|143|0235|43818|6|7|008|149|20260102|00:00|0||||3|ND|LJ||||||||.019|
RD|I|40|143|0235|43818|6|7|008|149|20260107|00:00|0||||3|ND|LJ||||||||.019|
RD|I|40|143|0235|43818|6|7|008|149|20260114|00:00|0.000600||||3|MD|LJ||||||||.019|
RD|I|40|143|0235|43818|6|7|008|149|20260121|00:00|0||||3|ND|LJ||||||||.019|
RD|I|40|143|0235|43818|6|7|008|149|20260126|00:00|0||||3|ND|LJ||||||||.019|
RD|I|40|143|0235|43818|6|7|008|149|20260201|00:00|0||||ND||||||||||.019|
RD|I|40|143|0235|43818|6|7|008|149|20260207|00:00||AF||||||||||||||
RD|I|40|143|0235|43818|6|7|008|149|20260213|00:00||AF||||||||||||||
RD|I|40|143|0235|43818|6|7|008|149|20260219|00:00||AF||||||||||||||
RD|I|40|143|0235|43818|6|7|008|149|20260227|00:00|0||||ND||||||||||.019|
RD|I|40|143|0235|43818|6|7|008|149|20260306|00:00|0||||ND||||||||||.019|
RD|I|40|143|0235|43818|6|7|008|149|20260309|00:00|0||||ND||||||||||.019|
RD|I|40|143|0235|43818|6|7|008|149|20260315|00:00||AV||||||||||||||
RD|I|40|143|0235|43818|6|7|008|149|20260321|00:00|0||||ND||||||||||.019|
RD|I|40|143|0235|43818|6|7|008|149|20260327|00:00|0||||ND||||||||||.019|
RD|I|40|143|0235|43824|6|7|008|149|20260102|00:00|0.00570||||3|MD|LJ||||||||.017|
RD|I|40|143|0235|43824|6|7|008|149|20260107|00:00|0.00680||||3|MD|LJ||||||||.017|
RD|I|40|143|0235|43824|6|7|008|149|20260114|00:00|0.00420||||3|MD|LJ||||||||.017|
RD|I|40|143|0235|43824|6|7|008|149|20260121|00:00|0.00670||||3|MD|LJ||||||||.017|
RD|I|40|143|0235|43824|6|7|008|149|20260126|00:00|0.00430||||3|MD|LJ||||||||.017|
RD|I|40|143|0235|43824|6|7|008|149|20260201|00:00|0.00430||||MD||||||||||.017|
RD|I|40|143|0235|43824|6|7|008|149|20260207|00:00||AF||||||||||||||
RD|I|40|143|0235|43824|6|7|008|149|20260213|00:00||AF||||||||||||||
RD|I|40|143|0235|43824|6|7|008|149|20260219|00:00||AF||||||||||||||
RD|I|40|143|0235|43824|6|7|008|149|20260227|00:00|0.00550||||MD||||||||||.017|
RD|I|40|143|0235|43824|6|7|008|149|20260306|00:00|0.00380||||MD||||||||||.017|
RD|I|40|143|0235|43824|6|7|008|149|20260309|00:00|0||||ND||||||||||.017|
RD|I|40|143|0235|43824|6|7|008|149|20260315|00:00||AV||||||||||||||
RD|I|40|143|0235|43824|6|7|008|149|20260321|00:00|0.00290||||MD||||||||||.017|
RD|I|40|143|0235|43824|6|7|008|149|20260327|00:00|0.00450||||MD||||||||||.017|
RD|I|40|143|0235|43829|6|7|008|149|20260102|00:00|0||||3|ND|LJ||||||||.0215|
RD|I|40|143|0235|43829|6|7|008|149|20260107|00:00|0||||3|ND|LJ||||||||.0215|
RD|I|40|143|0235|43829|6|7|008|149|20260114|00:00|0||||3|ND|LJ||||||||.0215|
RD|I|40|143|0235|43829|6|7|008|149|20260121|00:00|0||||3|ND|LJ||||||||.0215|
RD|I|40|143|0235|43829|6|7|008|149|20260126|00:00|0||||3|ND|LJ||||||||.0215|
RD|I|40|143|0235|43829|6|7|008|149|20260201|00:00|0||||ND||||||||||.0215|
RD|I|40|143|0235|43829|6|7|008|149|20260207|00:00||AF||||||||||||||
RD|I|40|143|0235|43829|6|7|008|149|20260213|00:00||AF||||||||||||||
RD|I|40|143|0235|43829|6|7|008|149|20260219|00:00||AF||||||||||||||
RD|I|40|143|0235|43829|6|7|008|149|20260227|00:00|0||||ND||||||||||.0215|
RD|I|40|143|0235|43829|6|7|008|149|20260306|00:00|0||||ND||||||||||.0215|
RD|I|40|143|0235|43829|6|7|008|149|20260309|00:00|0||||ND||||||||||.0215|
RD|I|40|143|0235|43829|6|7|008|149|20260315|00:00||AV||||||||||||||
RD|I|40|143|0235|43829|6|7|008|149|20260321|00:00|0||||ND||||||||||.0215|
RD|I|40|143|0235|43829|6|7|008|149|20260327|00:00|0||||ND||||||||||.0215|
RD|I|40|143|0235|43830|6|7|008|149|20260102|00:00|0||||3|ND|LJ||||||||.00822|
RD|I|40|143|0235|43830|6|7|008|149|20260107|00:00|0||||3|ND|LJ||||||||.00822|
RD|I|40|143|0235|43830|6|7|008|149|20260114|00:00|0||||3|ND|LJ||||||||.00822|
RD|I|40|143|0235|43830|6|7|008|149|20260121|00:00|0||||3|ND|LJ||||||||.00822|
RD|I|40|143|0235|43830|6|7|008|149|20260126|00:00|0||||3|ND|LJ||||||||.00822|
RD|I|40|143|0235|43830|6|7|008|149|20260201|00:00|0||||ND||||||||||.00822|
RD|I|40|143|0235|43830|6|7|008|149|20260207|00:00||AF||||||||||||||
RD|I|40|143|0235|43830|6|7|008|149|20260213|00:00||AF||||||||||||||
RD|I|40|143|0235|43830|6|7|008|149|20260219|00:00||AF||||||||||||||
RD|I|40|143|0235|43830|6|7|008|149|20260227|00:00|0||||ND||||||||||.00822|
RD|I|40|143|0235|43830|6|7|008|149|20260306|00:00|0||||ND||||||||||.00822|
RD|I|40|143|0235|43830|6|7|008|149|20260309|00:00|0||||ND||||||||||.00822|
RD|I|40|143|0235|43830|6|7|008|149|20260315|00:00||AV||||||||||||||
RD|I|40|143|0235|43830|6|7|008|149|20260321|00:00|0||||ND||||||||||.00822|
RD|I|40|143|0235|43830|6|7|008|149|20260327|00:00|0||||ND||||||||||.00822|
RD|I|40|143|0235|43831|6|7|008|149|20260102|00:00|0||||3|ND|LJ||||||||.00753|
RD|I|40|143|0235|43831|6|7|008|149|20260107|00:00|0||||3|ND|LJ||||||||.00753|
RD|I|40|143|0235|43831|6|7|008|149|20260114|00:00|0||||3|ND|LJ||||||||.00753|
RD|I|40|143|0235|43831|6|7|008|149|20260121|00:00|0||||3|ND|LJ||||||||.00753|
RD|I|40|143|0235|43831|6|7|008|149|20260126|00:00|0||||3|ND|LJ||||||||.00753|
RD|I|40|143|0235|43831|6|7|008|149|20260201|00:00|0||||ND||||||||||.00753|
RD|I|40|143|0235|43831|6|7|008|149|20260207|00:00||AF||||||||||||||
RD|I|40|143|0235|43831|6|7|008|149|20260213|00:00||AF||||||||||||||
RD|I|40|143|0235|43831|6|7|008|149|20260219|00:00||AF||||||||||||||
RD|I|40|143|0235|43831|6|7|008|149|20260227|00:00|0||||ND||||||||||.00753|
RD|I|40|143|0235|43831|6|7|008|149|20260306|00:00|0||||ND||||||||||.00753|
RD|I|40|143|0235|43831|6|7|008|149|20260309|00:00|0||||ND||||||||||.00753|
RD|I|40|143|0235|43831|6|7|008|149|20260315|00:00||AV||||||||||||||
RD|I|40|143|0235|43831|6|7|008|149|20260321|00:00|0||||ND||||||||||.00753|
RD|I|40|143|0235|43831|6|7|008|149|20260327|00:00|0||||ND||||||||||.00753|
RD|I|40|143|0235|43843|6|7|008|149|20260102|00:00|0||||3|ND|LJ||||||||.0066|
RD|I|40|143|0235|43843|6|7|008|149|20260107|00:00|0||||3|ND|LJ||||||||.0066|
RD|I|40|143|0235|43843|6|7|008|149|20260114|00:00|0||||3|ND|LJ||||||||.0066|
RD|I|40|143|0235|43843|6|7|008|149|20260121|00:00|0||||3|ND|LJ||||||||.0066|
RD|I|40|143|0235|43843|6|7|008|149|20260126|00:00|0||||3|ND|LJ||||||||.0066|
RD|I|40|143|0235|43843|6|7|008|149|20260201|00:00|0||||ND||||||||||.0066|
RD|I|40|143|0235|43843|6|7|008|149|20260207|00:00||AF||||||||||||||
RD|I|40|143|0235|43843|6|7|008|149|20260213|00:00||AF||||||||||||||
RD|I|40|143|0235|43843|6|7|008|149|20260219|00:00||AF||||||||||||||
RD|I|40|143|0235|43843|6|7|008|149|20260227|00:00|0||||ND||||||||||.0066|
RD|I|40|143|0235|43843|6|7|008|149|20260306|00:00|0||||ND||||||||||.0066|
RD|I|40|143|0235|43843|6|7|008|149|20260309|00:00|0||||ND||||||||||.0066|
RD|I|40|143|0235|43843|6|7|008|149|20260315|00:00||AV||||||||||||||
RD|I|40|143|0235|43843|6|7|008|149|20260321|00:00|0||||ND||||||||||.0066|
RD|I|40|143|0235|43843|6|7|008|149|20260327|00:00|0||||ND||||||||||.0066|
RD|I|40|143|0235|43860|6|7|008|149|20260102|00:00|0||||3|ND|LJ||||||||.014|
RD|I|40|143|0235|43860|6|7|008|149|20260107|00:00|0.00130||||3|MD|LJ||||||||.014|
RD|I|40|143|0235|43860|6|7|008|149|20260114|00:00|0||||3|ND|LJ||||||||.014|
RD|I|40|143|0235|43860|6|7|008|149|20260121|00:00|0.00100||||3|MD|LJ||||||||.014|
RD|I|40|143|0235|43860|6|7|008|149|20260126|00:00|0||||3|ND|LJ||||||||.014|
RD|I|40|143|0235|43860|6|7|008|149|20260201|00:00|0.000800||||MD||||||||||.014|
RD|I|40|143|0235|43860|6|7|008|149|20260207|00:00||AF||||||||||||||
RD|I|40|143|0235|43860|6|7|008|149|20260213|00:00||AF||||||||||||||
RD|I|40|143|0235|43860|6|7|008|149|20260219|00:00||AF||||||||||||||
RD|I|40|143|0235|43860|6|7|008|149|20260227|00:00|0||||ND||||||||||.014|
RD|I|40|143|0235|43860|6|7|008|149|20260306|00:00|0||||ND||||||||||.014|
RD|I|40|143|0235|43860|6|7|008|149|20260309|00:00|0.000600||||MD||||||||||.014|
RD|I|40|143|0235|43860|6|7|008|149|20260315|00:00||AV||||||||||||||
RD|I|40|143|0235|43860|6|7|008|149|20260321|00:00|0.000800||||MD||||||||||.014|
RD|I|40|143|0235|43860|6|7|008|149|20260327|00:00|0||||ND||||||||||.014|
RD|I|40|143|0235|45201|6|7|008|149|20260102|00:00|0.636||||3|LJ|||||||||.0158|
RD|I|40|143|0235|45201|6|7|008|149|20260107|00:00|0.819||||3|LJ|||||||||.0158|
RD|I|40|143|0235|45201|6|7|008|149|20260114|00:00|0.125||||3|LJ|||||||||.0158|
RD|I|40|143|0235|45201|6|7|008|149|20260121|00:00|0.509||||3|LJ|||||||||.0158|
RD|I|40|143|0235|45201|6|7|008|149|20260126|00:00|0.223||||3|LJ|||||||||.0158|
RD|I|40|143|0235|45201|6|7|008|149|20260201|00:00|0.240||||||||||||||.0158|
RD|I|40|143|0235|45201|6|7|008|149|20260207|00:00||AF||||||||||||||
RD|I|40|143|0235|45201|6|7|008|149|20260213|00:00||AF||||||||||||||
RD|I|40|143|0235|45201|6|7|008|149|20260219|00:00||AF||||||||||||||
RD|I|40|143|0235|45201|6|7|008|149|20260227|00:00|0.882||||||||||||||.0158|
RD|I|40|143|0235|45201|6|7|008|149|20260306|00:00|0.190||||||||||||||.0158|
RD|I|40|143|0235|45201|6|7|008|149|20260309|00:00|0.401||||||||||||||.0158|
RD|I|40|143|0235|45201|6|7|008|149|20260315|00:00||AV||||||||||||||
RD|I|40|143|0235|45201|6|7|008|149|20260321|00:00|0.580||||||||||||||.0158|
RD|I|40|143|0235|45201|6|7|008|149|20260327|00:00|0.112||||||||||||||.0158|
RD|I|40|143|0235|45202|6|7|008|149|20260102|00:00|1.24||||3|LJ|||||||||.038|
RD|I|40|143|0235|45202|6|7|008|149|20260107|00:00|2.25||||3|LJ|||||||||.038|
RD|I|40|143|0235|45202|6|7|008|149|20260114|00:00|0.567||||3|LJ|||||||||.038|
RD|I|40|143|0235|45202|6|7|008|149|20260121|00:00|1.06||||3|LJ|||||||||.038|
RD|I|40|143|0235|45202|6|7|008|149|20260126|00:00|0.482||||3|LJ|||||||||.038|
RD|I|40|143|0235|45202|6|7|008|149|20260201|00:00|0.300||||||||||||||.038|
RD|I|40|143|0235|45202|6|7|008|149|20260207|00:00||AF||||||||||||||
RD|I|40|143|0235|45202|6|7|008|149|20260213|00:00||AF||||||||||||||
RD|I|40|143|0235|45202|6|7|008|149|20260219|00:00||AF||||||||||||||
RD|I|40|143|0235|45202|6|7|008|149|20260227|00:00|2.32||||||||||||||.038|
RD|I|40|143|0235|45202|6|7|008|149|20260306|00:00|0.362||||||||||||||.038|
RD|I|40|143|0235|45202|6|7|008|149|20260309|00:00|0.415||||||||||||||.038|
RD|I|40|143|0235|45202|6|7|008|149|20260315|00:00||AV||||||||||||||
RD|I|40|143|0235|45202|6|7|008|149|20260321|00:00|1.00||||||||||||||.038|
RD|I|40|143|0235|45202|6|7|008|149|20260327|00:00|0.136||||||||||||||.038|
RD|I|40|143|0235|45203|6|7|008|149|20260102|00:00|0.119||||3|LJ|||||||||.013|
RD|I|40|143|0235|45203|6|7|008|149|20260107|00:00|0.248||||3|LJ|||||||||.013|
RD|I|40|143|0235|45203|6|7|008|149|20260114|00:00|0.0208||||3|SQ|LJ||||||||.013|
RD|I|40|143|0235|45203|6|7|008|149|20260121|00:00|0.106||||3|LJ|||||||||.013|
RD|I|40|143|0235|45203|6|7|008|149|20260126|00:00|0.0355||||3|SQ|LJ||||||||.013|
RD|I|40|143|0235|45203|6|7|008|149|20260201|00:00|0.0367||||SQ||||||||||.013|
RD|I|40|143|0235|45203|6|7|008|149|20260207|00:00||AF||||||||||||||
RD|I|40|143|0235|45203|6|7|008|149|20260213|00:00||AF||||||||||||||
RD|I|40|143|0235|45203|6|7|008|149|20260219|00:00||AF||||||||||||||
RD|I|40|143|0235|45203|6|7|008|149|20260227|00:00|0.235||||||||||||||.013|
RD|I|40|143|0235|45203|6|7|008|149|20260306|00:00|0.0320||||SQ||||||||||.013|
RD|I|40|143|0235|45203|6|7|008|149|20260309|00:00|0.0437||||||||||||||.013|
RD|I|40|143|0235|45203|6|7|008|149|20260315|00:00||AV||||||||||||||
RD|I|40|143|0235|45203|6|7|008|149|20260321|00:00|0.119||||||||||||||.013|
RD|I|40|143|0235|45203|6|7|008|149|20260327|00:00|0.0160||||SQ||||||||||.013|
RD|I|40|143|1127|43218|6|7|008|149|20260102|00:00||BE||||||||||||||
RD|I|40|143|1127|43218|6|7|008|149|20260108|00:00||BE||||||||||||||
RD|I|40|143|1127|43218|6|7|008|149|20260114|00:00||BE||||||||||||||
RD|I|40|143|1127|43218|6|7|008|149|20260120|00:00||BE||||||||||||||
RD|I|40|143|1127|43218|6|7|008|149|20260126|00:00||BE||||||||||||||
RD|I|40|143|1127|43218|6|7|008|149|20260201|00:00||BE||||||||||||||
RD|I|40|143|1127|43218|6|7|008|149|20260207|00:00||BE||||||||||||||
RD|I|40|143|1127|43218|6|7|008|149|20260213|00:00||BE||||||||||||||
RD|I|40|143|1127|43218|6|7|008|149|20260219|00:00||BE||||||||||||||
RD|I|40|143|1127|43218|6|7|008|149|20260225|00:00||BE||||||||||||||
RD|I|40|143|1127|43218|6|7|008|149|20260303|00:00||BE||||||||||||||
RD|I|40|143|1127|43218|6|7|008|149|20260309|00:00||BE||||||||||||||
RD|I|40|143|1127|43218|6|7|008|149|20260313|00:00|0.00360||||MD|CF|LL||||||||.0215|
RD|I|40|143|1127|43218|6|7|008|149|20260315|00:00||AK||||||||||||||
RD|I|40|143|1127|43218|6|7|008|149|20260317|00:00|0.0216||||SQ||||||||||.0215|
RD|I|40|143|1127|43218|6|7|008|149|20260318|00:00|0.0228||||SQ|CF|LL||||||||.0215|
RD|I|40|143|1127|43218|6|7|008|149|20260321|00:00|0.0166||||MD|CF|LL||||||||.0215|
RD|I|40|143|1127|43218|6|7|008|149|20260327|00:00|0.00590||||MD||||||||||.0215|
RD|I|40|143|1127|43218|6|7|008|149|20260331|00:00|0.00380||||MD|CF|LL||||||||.0215|
RD|I|40|143|1127|43502|6|7|001|202|20260102|00:00||BE||||||||||||||
RD|I|40|143|1127|43502|6|7|001|202|20260108|00:00||BE||||||||||||||
RD|I|40|143|1127|43502|6|7|001|202|20260114|00:00||BE||||||||||||||
RD|I|40|143|1127|43502|6|7|001|202|20260120|00:00||BE||||||||||||||
RD|I|40|143|1127|43502|6|7|001|202|20260126|00:00||BE||||||||||||||
RD|I|40|143|1127|43502|6|7|001|202|20260201|00:00||BE||||||||||||||
RD|I|40|143|1127|43502|6|7|001|202|20260207|00:00||BE||||||||||||||
RD|I|40|143|1127|43502|6|7|001|202|20260213|00:00||BE||||||||||||||
RD|I|40|143|1127|43502|6|7|001|202|20260219|00:00||BE||||||||||||||
RD|I|40|143|1127|43502|6|7|001|202|20260225|00:00||BE||||||||||||||
RD|I|40|143|1127|43502|6|7|001|202|20260303|00:00||BE||||||||||||||
RD|I|40|143|1127|43502|6|7|001|202|20260309|00:00||BE||||||||||||||
RD|I|40|143|1127|43502|6|7|001|202|20260315|00:00|2.09||||||||||||||.0552|
RD|I|40|143|1127|43502|6|7|001|202|20260317|00:00|2.34||||TT||||||||||.0547|
RD|I|40|143|1127|43502|6|7|001|202|20260318|00:00|3.98||||TT||||||||||.0548|
RD|I|40|143|1127|43502|6|7|001|202|20260321|00:00|5.87||||||||||||||.0547|
RD|I|40|143|1127|43502|6|7|001|202|20260327|00:00|2.15||||||||||||||.0547|
RD|I|40|143|1127|43503|6|7|001|202|20260102|00:00||BE||||||||||||||
RD|I|40|143|1127|43503|6|7|001|202|20260108|00:00||BE||||||||||||||
RD|I|40|143|1127|43503|6|7|001|202|20260114|00:00||BE||||||||||||||
RD|I|40|143|1127|43503|6|7|001|202|20260120|00:00||BE||||||||||||||
RD|I|40|143|1127|43503|6|7|001|202|20260126|00:00||BE||||||||||||||
RD|I|40|143|1127|43503|6|7|001|202|20260201|00:00||BE||||||||||||||
RD|I|40|143|1127|43503|6|7|001|202|20260207|00:00||BE||||||||||||||
RD|I|40|143|1127|43503|6|7|001|202|20260213|00:00||BE||||||||||||||
RD|I|40|143|1127|43503|6|7|001|202|20260219|00:00||BE||||||||||||||
RD|I|40|143|1127|43503|6|7|001|202|20260225|00:00||BE||||||||||||||
RD|I|40|143|1127|43503|6|7|001|202|20260303|00:00||BE||||||||||||||
RD|I|40|143|1127|43503|6|7|001|202|20260309|00:00||BE||||||||||||||
RD|I|40|143|1127|43503|6|7|001|202|20260315|00:00|1.22||||||||||||||.0229|
RD|I|40|143|1127|43503|6|7|001|202|20260317|00:00|2.03||||TT||||||||||.0227|
RD|I|40|143|1127|43503|6|7|001|202|20260318|00:00|2.65||||TT||||||||||.0227|
RD|I|40|143|1127|43503|6|7|001|202|20260321|00:00|4.44||||||||||||||.0227|
RD|I|40|143|1127|43503|6|7|001|202|20260327|00:00|1.23||||||||||||||.0227|
RD|I|40|143|1127|43509|6|7|008|149|20260102|00:00||BE||||||||||||||
RD|I|40|143|1127|43509|6|7|008|149|20260108|00:00||BE||||||||||||||
RD|I|40|143|1127|43509|6|7|008|149|20260114|00:00||BE||||||||||||||
RD|I|40|143|1127|43509|6|7|008|149|20260120|00:00||BE||||||||||||||
RD|I|40|143|1127|43509|6|7|008|149|20260126|00:00||BE||||||||||||||
RD|I|40|143|1127|43509|6|7|008|149|20260201|00:00||BE||||||||||||||
RD|I|40|143|1127|43509|6|7|008|149|20260207|00:00||BE||||||||||||||
RD|I|40|143|1127|43509|6|7|008|149|20260213|00:00||BE||||||||||||||
RD|I|40|143|1127|43509|6|7|008|149|20260219|00:00||BE||||||||||||||
RD|I|40|143|1127|43509|6|7|008|149|20260225|00:00||BE||||||||||||||
RD|I|40|143|1127|43509|6|7|008|149|20260303|00:00||BE||||||||||||||
RD|I|40|143|1127|43509|6|7|008|149|20260309|00:00||BE||||||||||||||
RD|I|40|143|1127|43509|6|7|008|149|20260313|00:00|0.132||||SQ|CF|LK||||||||.0977|
RD|I|40|143|1127|43509|6|7|008|149|20260315|00:00||AK||||||||||||||
RD|I|40|143|1127|43509|6|7|008|149|20260317|00:00|0.0912||||MD||||||||||.0977|
RD|I|40|143|1127|43509|6|7|008|149|20260318|00:00|0.131||||SQ|CF|LK||||||||.0977|
RD|I|40|143|1127|43509|6|7|008|149|20260321|00:00|0.260||||SQ|CF|LK||||||||.0977|
RD|I|40|143|1127|43509|6|7|008|149|20260327|00:00|0.103||||SQ|CF|LK||||||||.0977|
RD|I|40|143|1127|43509|6|7|008|149|20260331|00:00|0.202||||SQ|CF|LK||||||||.0977|
RD|I|40|143|1127|43704|6|7|008|149|20260102|00:00||BE||||||||||||||
RD|I|40|143|1127|43704|6|7|008|149|20260108|00:00||BE||||||||||||||
RD|I|40|143|1127|43704|6|7|008|149|20260114|00:00||BE||||||||||||||
RD|I|40|143|1127|43704|6|7|008|149|20260120|00:00||BE||||||||||||||
RD|I|40|143|1127|43704|6|7|008|149|20260126|00:00||BE||||||||||||||
RD|I|40|143|1127|43704|6|7|008|149|20260201|00:00||BE||||||||||||||
RD|I|40|143|1127|43704|6|7|008|149|20260207|00:00||BE||||||||||||||
RD|I|40|143|1127|43704|6|7|008|149|20260213|00:00||BE||||||||||||||
RD|I|40|143|1127|43704|6|7|008|149|20260219|00:00||BE||||||||||||||
RD|I|40|143|1127|43704|6|7|008|149|20260225|00:00||BE||||||||||||||
RD|I|40|143|1127|43704|6|7|008|149|20260303|00:00||BE||||||||||||||
RD|I|40|143|1127|43704|6|7|008|149|20260309|00:00||BE||||||||||||||
RD|I|40|143|1127|43704|6|7|008|149|20260313|00:00|0.0143||||SQ||||||||||.0116|
RD|I|40|143|1127|43704|6|7|008|149|20260315|00:00||AK||||||||||||||
RD|I|40|143|1127|43704|6|7|008|149|20260317|00:00||BH|||||||||||||.0116|
RD|I|40|143|1127|43704|6|7|008|149|20260318|00:00|0.0117||||SQ||||||||||.0116|
RD|I|40|143|1127|43704|6|7|008|149|20260321|00:00|0.0239||||SQ||||||||||.0116|
RD|I|40|143|1127|43704|6|7|008|149|20260327|00:00|0.0114||||MD||||||||||.0116|
RD|I|40|143|1127|43704|6|7|008|149|20260331|00:00|0.0145||||SQ||||||||||.0116|
RD|I|40|143|1127|43802|6|7|008|149|20260102|00:00||BE||||||||||||||
RD|I|40|143|1127|43802|6|7|008|149|20260108|00:00||BE||||||||||||||
RD|I|40|143|1127|43802|6|7|008|149|20260114|00:00||BE||||||||||||||
RD|I|40|143|1127|43802|6|7|008|149|20260120|00:00||BE||||||||||||||
RD|I|40|143|1127|43802|6|7|008|149|20260126|00:00||BE||||||||||||||
RD|I|40|143|1127|43802|6|7|008|149|20260201|00:00||BE||||||||||||||
RD|I|40|143|1127|43802|6|7|008|149|20260207|00:00||BE||||||||||||||
RD|I|40|143|1127|43802|6|7|008|149|20260213|00:00||BE||||||||||||||
RD|I|40|143|1127|43802|6|7|008|149|20260219|00:00||BE||||||||||||||
RD|I|40|143|1127|43802|6|7|008|149|20260225|00:00||BE||||||||||||||
RD|I|40|143|1127|43802|6|7|008|149|20260303|00:00||BE||||||||||||||
RD|I|40|143|1127|43802|6|7|008|149|20260309|00:00||BE||||||||||||||
RD|I|40|143|1127|43802|6|7|008|149|20260313|00:00|0.359||||||||||||||.0489|
RD|I|40|143|1127|43802|6|7|008|149|20260315|00:00||AK||||||||||||||
RD|I|40|143|1127|43802|6|7|008|149|20260317|00:00|0.148||||SQ||||||||||.0489|
RD|I|40|143|1127|43802|6|7|008|149|20260318|00:00|0.159||||||||||||||.0489|
RD|I|40|143|1127|43802|6|7|008|149|20260321|00:00|0.228||||LB||||||||||.0489|
RD|I|40|143|1127|43802|6|7|008|149|20260327|00:00|0.163||||LB||||||||||.0489|
RD|I|40|143|1127|43802|6|7|008|149|20260331|00:00|0.618||||||||||||||.0489|
RD|I|40|143|1127|43803|6|7|008|149|20260102|00:00||BE||||||||||||||
RD|I|40|143|1127|43803|6|7|008|149|20260108|00:00||BE||||||||||||||
RD|I|40|143|1127|43803|6|7|008|149|20260114|00:00||BE||||||||||||||
RD|I|40|143|1127|43803|6|7|008|149|20260120|00:00||BE||||||||||||||
RD|I|40|143|1127|43803|6|7|008|149|20260126|00:00||BE||||||||||||||
RD|I|40|143|1127|43803|6|7|008|149|20260201|00:00||BE||||||||||||||
RD|I|40|143|1127|43803|6|7|008|149|20260207|00:00||BE||||||||||||||
RD|I|40|143|1127|43803|6|7|008|149|20260213|00:00||BE||||||||||||||
RD|I|40|143|1127|43803|6|7|008|149|20260219|00:00||BE||||||||||||||
RD|I|40|143|1127|43803|6|7|008|149|20260225|00:00||BE||||||||||||||
RD|I|40|143|1127|43803|6|7|008|149|20260303|00:00||BE||||||||||||||
RD|I|40|143|1127|43803|6|7|008|149|20260309|00:00||BE||||||||||||||
RD|I|40|143|1127|43803|6|7|008|149|20260313|00:00|0.0163||||SQ||||||||||.0134|
RD|I|40|143|1127|43803|6|7|008|149|20260315|00:00||AK||||||||||||||
RD|I|40|143|1127|43803|6|7|008|149|20260317|00:00|0.0205||||SQ||||||||||.0134|
RD|I|40|143|1127|43803|6|7|008|149|20260318|00:00|0.0226||||SQ||||||||||.0134|
RD|I|40|143|1127|43803|6|7|008|149|20260321|00:00|0.0221||||SQ||||||||||.0134|
RD|I|40|143|1127|43803|6|7|008|149|20260327|00:00|0.0164||||SQ||||||||||.0134|
RD|I|40|143|1127|43803|6|7|008|149|20260331|00:00|0.0159||||SQ||||||||||.0134|
RD|I|40|143|1127|43804|6|7|008|149|20260102|00:00||BE||||||||||||||
RD|I|40|143|1127|43804|6|7|008|149|20260108|00:00||BE||||||||||||||
RD|I|40|143|1127|43804|6|7|008|149|20260114|00:00||BE||||||||||||||
RD|I|40|143|1127|43804|6|7|008|149|20260120|00:00||BE||||||||||||||
RD|I|40|143|1127|43804|6|7|008|149|20260126|00:00||BE||||||||||||||
RD|I|40|143|1127|43804|6|7|008|149|20260201|00:00||BE||||||||||||||
RD|I|40|143|1127|43804|6|7|008|149|20260207|00:00||BE||||||||||||||
RD|I|40|143|1127|43804|6|7|008|149|20260213|00:00||BE||||||||||||||
RD|I|40|143|1127|43804|6|7|008|149|20260219|00:00||BE||||||||||||||
RD|I|40|143|1127|43804|6|7|008|149|20260225|00:00||BE||||||||||||||
RD|I|40|143|1127|43804|6|7|008|149|20260303|00:00||BE||||||||||||||
RD|I|40|143|1127|43804|6|7|008|149|20260309|00:00||BE||||||||||||||
RD|I|40|143|1127|43804|6|7|008|149|20260313|00:00|0.0734||||||||||||||.0075|
RD|I|40|143|1127|43804|6|7|008|149|20260315|00:00||AK||||||||||||||
RD|I|40|143|1127|43804|6|7|008|149|20260317|00:00|0.0722||||||||||||||.0075|
RD|I|40|143|1127|43804|6|7|008|149|20260318|00:00|0.0693||||||||||||||.0075|
RD|I|40|143|1127|43804|6|7|008|149|20260321|00:00|0.0749||||||||||||||.0075|
RD|I|40|143|1127|43804|6|7|008|149|20260327|00:00|0.0733||||||||||||||.0075|
RD|I|40|143|1127|43804|6|7|008|149|20260331|00:00|0.0776||||||||||||||.0075|
RD|I|40|143|1127|43815|6|7|008|149|20260102|00:00||BE||||||||||||||
RD|I|40|143|1127|43815|6|7|008|149|20260108|00:00||BE||||||||||||||
RD|I|40|143|1127|43815|6|7|008|149|20260114|00:00||BE||||||||||||||
RD|I|40|143|1127|43815|6|7|008|149|20260120|00:00||BE||||||||||||||
RD|I|40|143|1127|43815|6|7|008|149|20260126|00:00||BE||||||||||||||
RD|I|40|143|1127|43815|6|7|008|149|20260201|00:00||BE||||||||||||||
RD|I|40|143|1127|43815|6|7|008|149|20260207|00:00||BE||||||||||||||
RD|I|40|143|1127|43815|6|7|008|149|20260213|00:00||BE||||||||||||||
RD|I|40|143|1127|43815|6|7|008|149|20260219|00:00||BE||||||||||||||
RD|I|40|143|1127|43815|6|7|008|149|20260225|00:00||BE||||||||||||||
RD|I|40|143|1127|43815|6|7|008|149|20260303|00:00||BE||||||||||||||
RD|I|40|143|1127|43815|6|7|008|149|20260309|00:00||BE||||||||||||||
RD|I|40|143|1127|43815|6|7|008|149|20260313|00:00|0.0208||||SQ||||||||||.0116|
RD|I|40|143|1127|43815|6|7|008|149|20260315|00:00||AK||||||||||||||
RD|I|40|143|1127|43815|6|7|008|149|20260317|00:00|0.0200||||SQ||||||||||.0116|
RD|I|40|143|1127|43815|6|7|008|149|20260318|00:00|0.0184||||SQ||||||||||.0116|
RD|I|40|143|1127|43815|6|7|008|149|20260321|00:00|0.0148||||SQ||||||||||.0116|
RD|I|40|143|1127|43815|6|7|008|149|20260327|00:00|0.0184||||SQ||||||||||.0116|
RD|I|40|143|1127|43815|6|7|008|149|20260331|00:00|0.0135||||SQ||||||||||.0116|
RD|I|40|143|1127|43817|6|7|008|149|20260102|00:00||BE||||||||||||||
RD|I|40|143|1127|43817|6|7|008|149|20260108|00:00||BE||||||||||||||
RD|I|40|143|1127|43817|6|7|008|149|20260114|00:00||BE||||||||||||||
RD|I|40|143|1127|43817|6|7|008|149|20260120|00:00||BE||||||||||||||
RD|I|40|143|1127|43817|6|7|008|149|20260126|00:00||BE||||||||||||||
RD|I|40|143|1127|43817|6|7|008|149|20260201|00:00||BE||||||||||||||
RD|I|40|143|1127|43817|6|7|008|149|20260207|00:00||BE||||||||||||||
RD|I|40|143|1127|43817|6|7|008|149|20260213|00:00||BE||||||||||||||
RD|I|40|143|1127|43817|6|7|008|149|20260219|00:00||BE||||||||||||||
RD|I|40|143|1127|43817|6|7|008|149|20260225|00:00||BE||||||||||||||
RD|I|40|143|1127|43817|6|7|008|149|20260303|00:00||BE||||||||||||||
RD|I|40|143|1127|43817|6|7|008|149|20260309|00:00||BE||||||||||||||
RD|I|40|143|1127|43817|6|7|008|149|20260313|00:00|0.00420||||MD||||||||||.0086|
RD|I|40|143|1127|43817|6|7|008|149|20260315|00:00||AK||||||||||||||
RD|I|40|143|1127|43817|6|7|008|149|20260317|00:00|0.00690||||MD||||||||||.0086|
RD|I|40|143|1127|43817|6|7|008|149|20260318|00:00|0.00830||||MD||||||||||.0086|
RD|I|40|143|1127|43817|6|7|008|149|20260321|00:00|0.0152||||SQ||||||||||.0086|
RD|I|40|143|1127|43817|6|7|008|149|20260327|00:00|0.00520||||MD||||||||||.0086|
RD|I|40|143|1127|43817|6|7|008|149|20260331|00:00|0.00470||||MD||||||||||.0086|
RD|I|40|143|1127|43818|6|7|008|149|20260102|00:00||BE||||||||||||||
RD|I|40|143|1127|43818|6|7|008|149|20260108|00:00||BE||||||||||||||
RD|I|40|143|1127|43818|6|7|008|149|20260114|00:00||BE||||||||||||||
RD|I|40|143|1127|43818|6|7|008|149|20260120|00:00||BE||||||||||||||
RD|I|40|143|1127|43818|6|7|008|149|20260126|00:00||BE||||||||||||||
RD|I|40|143|1127|43818|6|7|008|149|20260201|00:00||BE||||||||||||||
RD|I|40|143|1127|43818|6|7|008|149|20260207|00:00||BE||||||||||||||
RD|I|40|143|1127|43818|6|7|008|149|20260213|00:00||BE||||||||||||||
RD|I|40|143|1127|43818|6|7|008|149|20260219|00:00||BE||||||||||||||
RD|I|40|143|1127|43818|6|7|008|149|20260225|00:00||BE||||||||||||||
RD|I|40|143|1127|43818|6|7|008|149|20260303|00:00||BE||||||||||||||
RD|I|40|143|1127|43818|6|7|008|149|20260309|00:00||BE||||||||||||||
RD|I|40|143|1127|43818|6|7|008|149|20260313|00:00|0.000600||||MD||||||||||.019|
RD|I|40|143|1127|43818|6|7|008|149|20260315|00:00||AK||||||||||||||
RD|I|40|143|1127|43818|6|7|008|149|20260317|00:00|0||||ND||||||||||.019|
RD|I|40|143|1127|43818|6|7|008|149|20260318|00:00|0||||ND||||||||||.019|
RD|I|40|143|1127|43818|6|7|008|149|20260321|00:00|0||||ND||||||||||.019|
RD|I|40|143|1127|43818|6|7|008|149|20260327|00:00|0||||ND||||||||||.019|
RD|I|40|143|1127|43818|6|7|008|149|20260331|00:00|0||||ND||||||||||.019|
RD|I|40|143|1127|43824|6|7|008|149|20260102|00:00||BE||||||||||||||
RD|I|40|143|1127|43824|6|7|008|149|20260108|00:00||BE||||||||||||||
RD|I|40|143|1127|43824|6|7|008|149|20260114|00:00||BE||||||||||||||
RD|I|40|143|1127|43824|6|7|008|149|20260120|00:00||BE||||||||||||||
RD|I|40|143|1127|43824|6|7|008|149|20260126|00:00||BE||||||||||||||
RD|I|40|143|1127|43824|6|7|008|149|20260201|00:00||BE||||||||||||||
RD|I|40|143|1127|43824|6|7|008|149|20260207|00:00||BE||||||||||||||
RD|I|40|143|1127|43824|6|7|008|149|20260213|00:00||BE||||||||||||||
RD|I|40|143|1127|43824|6|7|008|149|20260219|00:00||BE||||||||||||||
RD|I|40|143|1127|43824|6|7|008|149|20260225|00:00||BE||||||||||||||
RD|I|40|143|1127|43824|6|7|008|149|20260303|00:00||BE||||||||||||||
RD|I|40|143|1127|43824|6|7|008|149|20260309|00:00||BE||||||||||||||
RD|I|40|143|1127|43824|6|7|008|149|20260313|00:00|0.00450||||MD||||||||||.017|
RD|I|40|143|1127|43824|6|7|008|149|20260315|00:00||AK||||||||||||||
RD|I|40|143|1127|43824|6|7|008|149|20260317|00:00|0.00610||||MD||||||||||.017|
RD|I|40|143|1127|43824|6|7|008|149|20260318|00:00|0.00570||||MD||||||||||.017|
RD|I|40|143|1127|43824|6|7|008|149|20260321|00:00|0.00320||||MD||||||||||.017|
RD|I|40|143|1127|43824|6|7|008|149|20260327|00:00|0.00260||||MD||||||||||.017|
RD|I|40|143|1127|43824|6|7|008|149|20260331|00:00|0.00480||||MD||||||||||.017|
RD|I|40|143|1127|43829|6|7|008|149|20260102|00:00||BE||||||||||||||
RD|I|40|143|1127|43829|6|7|008|149|20260108|00:00||BE||||||||||||||
RD|I|40|143|1127|43829|6|7|008|149|20260114|00:00||BE||||||||||||||
RD|I|40|143|1127|43829|6|7|008|149|20260120|00:00||BE||||||||||||||
RD|I|40|143|1127|43829|6|7|008|149|20260126|00:00||BE||||||||||||||
RD|I|40|143|1127|43829|6|7|008|149|20260201|00:00||BE||||||||||||||
RD|I|40|143|1127|43829|6|7|008|149|20260207|00:00||BE||||||||||||||
RD|I|40|143|1127|43829|6|7|008|149|20260213|00:00||BE||||||||||||||
RD|I|40|143|1127|43829|6|7|008|149|20260219|00:00||BE||||||||||||||
RD|I|40|143|1127|43829|6|7|008|149|20260225|00:00||BE||||||||||||||
RD|I|40|143|1127|43829|6|7|008|149|20260303|00:00||BE||||||||||||||
RD|I|40|143|1127|43829|6|7|008|149|20260309|00:00||BE||||||||||||||
RD|I|40|143|1127|43829|6|7|008|149|20260313|00:00|0||||ND||||||||||.0215|
RD|I|40|143|1127|43829|6|7|008|149|20260315|00:00||AK||||||||||||||
RD|I|40|143|1127|43829|6|7|008|149|20260317|00:00|0||||ND||||||||||.0215|
RD|I|40|143|1127|43829|6|7|008|149|20260318|00:00|0||||ND||||||||||.0215|
RD|I|40|143|1127|43829|6|7|008|149|20260321|00:00|0||||ND||||||||||.0215|
RD|I|40|143|1127|43829|6|7|008|149|20260327|00:00|0||||ND||||||||||.0215|
RD|I|40|143|1127|43829|6|7|008|149|20260331|00:00|0||||ND||||||||||.0215|
RD|I|40|143|1127|43830|6|7|008|149|20260102|00:00||BE||||||||||||||
RD|I|40|143|1127|43830|6|7|008|149|20260108|00:00||BE||||||||||||||
RD|I|40|143|1127|43830|6|7|008|149|20260114|00:00||BE||||||||||||||
RD|I|40|143|1127|43830|6|7|008|149|20260120|00:00||BE||||||||||||||
RD|I|40|143|1127|43830|6|7|008|149|20260126|00:00||BE||||||||||||||
RD|I|40|143|1127|43830|6|7|008|149|20260201|00:00||BE||||||||||||||
RD|I|40|143|1127|43830|6|7|008|149|20260207|00:00||BE||||||||||||||
RD|I|40|143|1127|43830|6|7|008|149|20260213|00:00||BE||||||||||||||
RD|I|40|143|1127|43830|6|7|008|149|20260219|00:00||BE||||||||||||||
RD|I|40|143|1127|43830|6|7|008|149|20260225|00:00||BE||||||||||||||
RD|I|40|143|1127|43830|6|7|008|149|20260303|00:00||BE||||||||||||||
RD|I|40|143|1127|43830|6|7|008|149|20260309|00:00||BE||||||||||||||
RD|I|40|143|1127|43830|6|7|008|149|20260313|00:00|0||||ND||||||||||.00822|
RD|I|40|143|1127|43830|6|7|008|149|20260315|00:00||AK||||||||||||||
RD|I|40|143|1127|43830|6|7|008|149|20260317|00:00|0||||ND||||||||||.00822|
RD|I|40|143|1127|43830|6|7|008|149|20260318|00:00|0||||ND||||||||||.00822|
RD|I|40|143|1127|43830|6|7|008|149|20260321|00:00|0||||ND||||||||||.00822|
RD|I|40|143|1127|43830|6|7|008|149|20260327|00:00|0||||ND||||||||||.00822|
RD|I|40|143|1127|43830|6|7|008|149|20260331|00:00|0||||ND||||||||||.00822|
RD|I|40|143|1127|43831|6|7|008|149|20260102|00:00||BE||||||||||||||
RD|I|40|143|1127|43831|6|7|008|149|20260108|00:00||BE||||||||||||||
RD|I|40|143|1127|43831|6|7|008|149|20260114|00:00||BE||||||||||||||
RD|I|40|143|1127|43831|6|7|008|149|20260120|00:00||BE||||||||||||||
RD|I|40|143|1127|43831|6|7|008|149|20260126|00:00||BE||||||||||||||
RD|I|40|143|1127|43831|6|7|008|149|20260201|00:00||BE||||||||||||||
RD|I|40|143|1127|43831|6|7|008|149|20260207|00:00||BE||||||||||||||
RD|I|40|143|1127|43831|6|7|008|149|20260213|00:00||BE||||||||||||||
RD|I|40|143|1127|43831|6|7|008|149|20260219|00:00||BE||||||||||||||
RD|I|40|143|1127|43831|6|7|008|149|20260225|00:00||BE||||||||||||||
RD|I|40|143|1127|43831|6|7|008|149|20260303|00:00||BE||||||||||||||
RD|I|40|143|1127|43831|6|7|008|149|20260309|00:00||BE||||||||||||||
RD|I|40|143|1127|43831|6|7|008|149|20260313|00:00|0||||ND||||||||||.00753|
RD|I|40|143|1127|43831|6|7|008|149|20260315|00:00||AK||||||||||||||
RD|I|40|143|1127|43831|6|7|008|149|20260317|00:00|0||||ND||||||||||.00753|
RD|I|40|143|1127|43831|6|7|008|149|20260318|00:00|0||||ND||||||||||.00753|
RD|I|40|143|1127|43831|6|7|008|149|20260321|00:00|0||||ND||||||||||.00753|
RD|I|40|143|1127|43831|6|7|008|149|20260327|00:00|0||||ND||||||||||.00753|
RD|I|40|143|1127|43831|6|7|008|149|20260331|00:00|0||||ND||||||||||.00753|
RD|I|40|143|1127|43843|6|7|008|149|20260102|00:00||BE||||||||||||||
RD|I|40|143|1127|43843|6|7|008|149|20260108|00:00||BE||||||||||||||
RD|I|40|143|1127|43843|6|7|008|149|20260114|00:00||BE||||||||||||||
RD|I|40|143|1127|43843|6|7|008|149|20260120|00:00||BE||||||||||||||
RD|I|40|143|1127|43843|6|7|008|149|20260126|00:00||BE||||||||||||||
RD|I|40|143|1127|43843|6|7|008|149|20260201|00:00||BE||||||||||||||
RD|I|40|143|1127|43843|6|7|008|149|20260207|00:00||BE||||||||||||||
RD|I|40|143|1127|43843|6|7|008|149|20260213|00:00||BE||||||||||||||
RD|I|40|143|1127|43843|6|7|008|149|20260219|00:00||BE||||||||||||||
RD|I|40|143|1127|43843|6|7|008|149|20260225|00:00||BE||||||||||||||
RD|I|40|143|1127|43843|6|7|008|149|20260303|00:00||BE||||||||||||||
RD|I|40|143|1127|43843|6|7|008|149|20260309|00:00||BE||||||||||||||
RD|I|40|143|1127|43843|6|7|008|149|20260313|00:00|0||||ND||||||||||.0066|
RD|I|40|143|1127|43843|6|7|008|149|20260315|00:00||AK||||||||||||||
RD|I|40|143|1127|43843|6|7|008|149|20260317|00:00|0||||ND||||||||||.0066|
RD|I|40|143|1127|43843|6|7|008|149|20260318|00:00|0||||ND||||||||||.0066|
RD|I|40|143|1127|43843|6|7|008|149|20260321|00:00|0||||ND||||||||||.0066|
RD|I|40|143|1127|43843|6|7|008|149|20260327|00:00|0||||ND||||||||||.0066|
RD|I|40|143|1127|43843|6|7|008|149|20260331|00:00|0||||ND||||||||||.0066|
RD|I|40|143|1127|43860|6|7|008|149|20260102|00:00||BE||||||||||||||
RD|I|40|143|1127|43860|6|7|008|149|20260108|00:00||BE||||||||||||||
RD|I|40|143|1127|43860|6|7|008|149|20260114|00:00||BE||||||||||||||
RD|I|40|143|1127|43860|6|7|008|149|20260120|00:00||BE||||||||||||||
RD|I|40|143|1127|43860|6|7|008|149|20260126|00:00||BE||||||||||||||
RD|I|40|143|1127|43860|6|7|008|149|20260201|00:00||BE||||||||||||||
RD|I|40|143|1127|43860|6|7|008|149|20260207|00:00||BE||||||||||||||
RD|I|40|143|1127|43860|6|7|008|149|20260213|00:00||BE||||||||||||||
RD|I|40|143|1127|43860|6|7|008|149|20260219|00:00||BE||||||||||||||
RD|I|40|143|1127|43860|6|7|008|149|20260225|00:00||BE||||||||||||||
RD|I|40|143|1127|43860|6|7|008|149|20260303|00:00||BE||||||||||||||
RD|I|40|143|1127|43860|6|7|008|149|20260309|00:00||BE||||||||||||||
RD|I|40|143|1127|43860|6|7|008|149|20260313|00:00|0||||ND||||||||||.014|
RD|I|40|143|1127|43860|6|7|008|149|20260315|00:00||AK||||||||||||||
RD|I|40|143|1127|43860|6|7|008|149|20260317|00:00|0||||ND||||||||||.014|
RD|I|40|143|1127|43860|6|7|008|149|20260318|00:00|0||||ND||||||||||.014|
RD|I|40|143|1127|43860|6|7|008|149|20260321|00:00|0||||ND||||||||||.014|
RD|I|40|143|1127|43860|6|7|008|149|20260327|00:00|0||||ND||||||||||.014|
RD|I|40|143|1127|43860|6|7|008|149|20260331|00:00|0||||ND||||||||||.014|
RD|I|40|143|1127|45201|6|7|008|149|20260102|00:00||BE||||||||||||||
RD|I|40|143|1127|45201|6|7|008|149|20260108|00:00||BE||||||||||||||
RD|I|40|143|1127|45201|6|7|008|149|20260114|00:00||BE||||||||||||||
RD|I|40|143|1127|45201|6|7|008|149|20260120|00:00||BE||||||||||||||
RD|I|40|143|1127|45201|6|7|008|149|20260126|00:00||BE||||||||||||||
RD|I|40|143|1127|45201|6|7|008|149|20260201|00:00||BE||||||||||||||
RD|I|40|143|1127|45201|6|7|008|149|20260207|00:00||BE||||||||||||||
RD|I|40|143|1127|45201|6|7|008|149|20260213|00:00||BE||||||||||||||
RD|I|40|143|1127|45201|6|7|008|149|20260219|00:00||BE||||||||||||||
RD|I|40|143|1127|45201|6|7|008|149|20260225|00:00||BE||||||||||||||
RD|I|40|143|1127|45201|6|7|008|149|20260303|00:00||BE||||||||||||||
RD|I|40|143|1127|45201|6|7|008|149|20260309|00:00||BE||||||||||||||
RD|I|40|143|1127|45201|6|7|008|149|20260313|00:00|0.120||||||||||||||.0158|
RD|I|40|143|1127|45201|6|7|008|149|20260315|00:00||AK||||||||||||||
RD|I|40|143|1127|45201|6|7|008|149|20260317|00:00|0.270||||||||||||||.0158|
RD|I|40|143|1127|45201|6|7|008|149|20260318|00:00|0.272||||||||||||||.0158|
RD|I|40|143|1127|45201|6|7|008|149|20260321|00:00|0.466||||||||||||||.0158|
RD|I|40|143|1127|45201|6|7|008|149|20260327|00:00|0.115||||||||||||||.0158|
RD|I|40|143|1127|45201|6|7|008|149|20260331|00:00|0.104||||||||||||||.0158|
RD|I|40|143|1127|45202|6|7|008|149|20260102|00:00||BE||||||||||||||
RD|I|40|143|1127|45202|6|7|008|149|20260108|00:00||BE||||||||||||||
RD|I|40|143|1127|45202|6|7|008|149|20260114|00:00||BE||||||||||||||
RD|I|40|143|1127|45202|6|7|008|149|20260120|00:00||BE||||||||||||||
RD|I|40|143|1127|45202|6|7|008|149|20260126|00:00||BE||||||||||||||
RD|I|40|143|1127|45202|6|7|008|149|20260201|00:00||BE||||||||||||||
RD|I|40|143|1127|45202|6|7|008|149|20260207|00:00||BE||||||||||||||
RD|I|40|143|1127|45202|6|7|008|149|20260213|00:00||BE||||||||||||||
RD|I|40|143|1127|45202|6|7|008|149|20260219|00:00||BE||||||||||||||
RD|I|40|143|1127|45202|6|7|008|149|20260225|00:00||BE||||||||||||||
RD|I|40|143|1127|45202|6|7|008|149|20260303|00:00||BE||||||||||||||
RD|I|40|143|1127|45202|6|7|008|149|20260309|00:00||BE||||||||||||||
RD|I|40|143|1127|45202|6|7|008|149|20260313|00:00|0.221||||||||||||||.038|
RD|I|40|143|1127|45202|6|7|008|149|20260315|00:00||AK||||||||||||||
RD|I|40|143|1127|45202|6|7|008|149|20260317|00:00|0.428||||||||||||||.038|
RD|I|40|143|1127|45202|6|7|008|149|20260318|00:00|0.899||||||||||||||.038|
RD|I|40|143|1127|45202|6|7|008|149|20260321|00:00|2.18||||||||||||||.038|
RD|I|40|143|1127|45202|6|7|008|149|20260327|00:00|0.128||||||||||||||.038|
RD|I|40|143|1127|45202|6|7|008|149|20260331|00:00|0.224||||||||||||||.038|
RD|I|40|143|1127|45203|6|7|008|149|20260102|00:00||BE||||||||||||||
RD|I|40|143|1127|45203|6|7|008|149|20260108|00:00||BE||||||||||||||
RD|I|40|143|1127|45203|6|7|008|149|20260114|00:00||BE||||||||||||||
RD|I|40|143|1127|45203|6|7|008|149|20260120|00:00||BE||||||||||||||
RD|I|40|143|1127|45203|6|7|008|149|20260126|00:00||BE||||||||||||||
RD|I|40|143|1127|45203|6|7|008|149|20260201|00:00||BE||||||||||||||
RD|I|40|143|1127|45203|6|7|008|149|20260207|00:00||BE||||||||||||||
RD|I|40|143|1127|45203|6|7|008|149|20260213|00:00||BE||||||||||||||
RD|I|40|143|1127|45203|6|7|008|149|20260219|00:00||BE||||||||||||||
RD|I|40|143|1127|45203|6|7|008|149|20260225|00:00||BE||||||||||||||
RD|I|40|143|1127|45203|6|7|008|149|20260303|00:00||BE||||||||||||||
RD|I|40|143|1127|45203|6|7|008|149|20260309|00:00||BE||||||||||||||
RD|I|40|143|1127|45203|6|7|008|149|20260313|00:00|0.0198||||SQ||||||||||.013|
RD|I|40|143|1127|45203|6|7|008|149|20260315|00:00||AK||||||||||||||
RD|I|40|143|1127|45203|6|7|008|149|20260317|00:00|0.0538||||||||||||||.013|
RD|I|40|143|1127|45203|6|7|008|149|20260318|00:00|0.122||||||||||||||.013|
RD|I|40|143|1127|45203|6|7|008|149|20260321|00:00|0.0978||||||||||||||.013|
RD|I|40|143|1127|45203|6|7|008|149|20260327|00:00|0.0159||||SQ||||||||||.013|
RD|I|40|143|1127|45203|6|7|008|149|20260331|00:00|0.0349||||SQ||||||||||.013|
RD|I|40|143|1127|88103|5|7|105|811|20260102|00:00||AF||||||||||||||
RD|I|40|143|1127|88103|5|7|105|811|20260103|00:00|-0.00017||||2|MD|||||||||.00133|.00081
RD|I|40|143|1127|88103|5|7|105|811|20260105|00:00|0.00031||||2|MD|||||||||.00133|.00081
RD|I|40|143|1127|88103|5|7|105|811|20260108|00:00|0.00037||||MD||||||||||.00133|.00082
RD|I|40|143|1127|88103|5|7|105|811|20260111|00:00|-0.00036||||MD||||||||||.00124|.00076
RD|I|40|143|1127|88103|5|7|105|811|20260114|00:00|0.00045||||2|MD|||||||||.00124|.00076
RD|I|40|143|1127|88103|5|7|105|811|20260117|00:00|0.00053||||MD||||||||||.00133|.00082
RD|I|40|143|1127|88103|5|7|105|811|20260120|00:00|-0.00028||||2|MD|||||||||.00124|.00076
RD|I|40|143|1127|88103|5|7|105|811|20260123|00:00|0.00007||||MD||||||||||.00133|.00081
RD|I|40|143|1127|88103|5|7|105|811|20260126|00:00|0.00042||||2|MD|||||||||.00133|.00082
RD|I|40|143|1127|88103|5|7|105|811|20260129|00:00|-0.00031||||MD||||||||||.00124|.00076
RD|I|40|143|1127|88103|5|7|105|811|20260201|00:00|-0.00007||||2|FX|MD||||||||.00124|.00075
RD|I|40|143|1127|88103|5|7|105|811|20260204|00:00|0.00014||||MD||||||||||.00124|.00075
RD|I|40|143|1127|88103|5|7|105|811|20260207|00:00|0.00094||||MD||||||||||.00124|.00079
RD|I|40|143|1127|88103|5|7|105|811|20260210|00:00|-0.00017||||2|MD|||||||||.00124|.00075
RD|I|40|143|1127|88103|5|7|105|811|20260213|00:00|-0.00030||||FX|MD|||||||||.00124|.00076
RD|I|40|143|1127|88103|5|7|105|811|20260216|00:00|-0.00029||||MD||||||||||.00124|.00076
RD|I|40|143|1127|88103|5|7|105|811|20260219|00:00|-0.00026||||MD||||||||||.00124|.00075
RD|I|40|143|1127|88103|5|7|105|811|20260222|00:00|-0.00016||||2|MD|||||||||.00124|.00075
RD|I|40|143|1127|88103|5|7|105|811|20260225|00:00|0.00079||||MD||||||||||.00124|.00078
RD|I|40|143|1127|88103|5|7|105|811|20260228|00:00|0.00119||||2|MD|||||||||.00124|.00081
RD|I|40|143|1127|88103|5|7|105|811|20260303|00:00|-0.00034||||FX|MD|||||||||.00124|.00076
RD|I|40|143|1127|88103|5|7|105|811|20260306|00:00||AG||||||||||||||
RD|I|40|143|1127|88103|5|7|105|811|20260309|00:00|0.00066||||2|MD|||||||||.00124|.00077
RD|I|40|143|1127|88103|5|7|105|811|20260312|00:00|-0.00014||||MD||||||||||.00124|.00075
RD|I|40|143|1127|88103|5|7|105|811|20260315|00:00|-0.00016||||2|MD|||||||||.00124|.00075
RD|I|40|143|1127|88103|5|7|105|811|20260318|00:00|-0.00024||||MD||||||||||.00124|.00075
RD|I|40|143|1127|88103|5|7|105|811|20260321|00:00|-0.00032||||2|MD|||||||||.00124|.00076
RD|I|40|143|1127|88103|5|7|105|811|20260324|00:00|0.00130||||||||||||||.00124|.00082
RD|I|40|143|1127|88103|5|7|105|811|20260327|00:00|-0.00028||||MD||||||||||.00124|.00076
RD|I|40|143|1127|88103|5|7|105|811|20260330|00:00|-0.00012||||2|MD|||||||||.00124|.00075
RD|I|40|143|1127|88110|5|7|105|811|20260102|00:00||AF||||||||||||||
RD|I|40|143|1127|88110|5|7|105|811|20260103|00:00|0.00204||||2|MD|||||||||.00876|.00535
RD|I|40|143|1127|88110|5|7|105|811|20260105|00:00|-0.00349||||2|MD|||||||||.00876|.0054
RD|I|40|143|1127|88110|5|7|105|811|20260108|00:00|-0.00131||||MD||||||||||.00876|.00534
RD|I|40|143|1127|88110|5|7|105|811|20260111|00:00|0.00656||||MD||||||||||.00773|.00498
RD|I|40|143|1127|88110|5|7|105|811|20260114|00:00|0.00036||||2|MD|||||||||.00773|.0047
RD|I|40|143|1127|88110|5|7|105|811|20260117|00:00|-0.00442||||MD||||||||||.00876|.00544
RD|I|40|143|1127|88110|5|7|105|811|20260120|00:00|-0.00354||||2|MD|||||||||.00773|.00478
RD|I|40|143|1127|88110|5|7|105|811|20260123|00:00|-0.00339||||MD||||||||||.00876|.00539
RD|I|40|143|1127|88110|5|7|105|811|20260126|00:00|-0.00105||||2|MD|||||||||.00876|.00533
RD|I|40|143|1127|88110|5|7|105|811|20260129|00:00|-0.00368||||MD||||||||||.00773|.00479
RD|I|40|143|1127|88110|5|7|105|811|20260201|00:00|-0.00102||||2|FX|MD||||||||.00773|.00471
RD|I|40|143|1127|88110|5|7|105|811|20260204|00:00|-0.00133||||MD||||||||||.00773|.00471
RD|I|40|143|1127|88110|5|7|105|811|20260207|00:00|0.00633||||MD||||||||||.00773|.00496
RD|I|40|143|1127|88110|5|7|105|811|20260210|00:00|-0.00126||||2|MD|||||||||.00773|.00471
RD|I|40|143|1127|88110|5|7|105|811|20260213|00:00|0.00998||||FX||||||||||.00773|.00532
RD|I|40|143|1127|88110|5|7|105|811|20260216|00:00|-0.00246||||MD||||||||||.00773|.00474
RD|I|40|143|1127|88110|5|7|105|811|20260219|00:00|-0.00118||||MD||||||||||.00773|.00471
RD|I|40|143|1127|88110|5|7|105|811|20260222|00:00|-0.00525||||2|MD|||||||||.00773|.00488
RD|I|40|143|1127|88110|5|7|105|811|20260225|00:00|0.00137||||MD||||||||||.00773|.00471
RD|I|40|143|1127|88110|5|7|105|811|20260228|00:00|-0.00020||||2|MD|||||||||.00773|.0047
RD|I|40|143|1127|88110|5|7|105|811|20260303|00:00|-0.00114||||FX|MD|||||||||.00773|.00471
RD|I|40|143|1127|88110|5|7|105|811|20260306|00:00||AG||||||||||||||
RD|I|40|143|1127|88110|5|7|105|811|20260309|00:00|0.00134||||2|MD|||||||||.00773|.00471
RD|I|40|143|1127|88110|5|7|105|811|20260312|00:00|-0.00046||||MD||||||||||.00773|.0047
RD|I|40|143|1127|88110|5|7|105|811|20260315|00:00|-0.00095||||2|MD|||||||||.00773|.00471
RD|I|40|143|1127|88110|5|7|105|811|20260318|00:00|-0.00110||||MD||||||||||.00773|.00471
RD|I|40|143|1127|88110|5|7|105|811|20260321|00:00|-0.00107||||2|MD|||||||||.00773|.00471
RD|I|40|143|1127|88110|5|7|105|811|20260324|00:00|-0.00071||||MD||||||||||.00773|.0047
RD|I|40|143|1127|88110|5|7|105|811|20260327|00:00|0.00029||||MD||||||||||.00773|.0047
RD|I|40|143|1127|88110|5|7|105|811|20260330|00:00|0.00048||||2|MD|||||||||.00773|.0047
RD|I|40|143|1127|88112|5|7|105|811|20260102|00:00||AF||||||||||||||
RD|I|40|143|1127|88112|5|7|105|811|20260103|00:00|0.00054||||2|MD|||||||||.02031|.01235
RD|I|40|143|1127|88112|5|7|105|811|20260105|00:00|0.00238||||2|MD|||||||||.02031|.01236
RD|I|40|143|1127|88112|5|7|105|811|20260108|00:00|0.00077||||MD||||||||||.02031|.01235
RD|I|40|143|1127|88112|5|7|105|811|20260111|00:00|0.00027||||MD||||||||||.02031|.01235
RD|I|40|143|1127|88112|5|7|105|811|20260114|00:00|-0.00032||||2|MD|||||||||.02031|.01235
RD|I|40|143|1127|88112|5|7|105|811|20260117|00:00|-0.00070||||MD||||||||||.02031|.01235
RD|I|40|143|1127|88112|5|7|105|811|20260120|00:00|0.00333||||2|MD|||||||||.02031|.01237
RD|I|40|143|1127|88112|5|7|105|811|20260123|00:00|-0.00029||||MD||||||||||.02031|.01235
RD|I|40|143|1127|88112|5|7|105|811|20260126|00:00|0.00130||||2|MD|||||||||.02031|.01235
RD|I|40|143|1127|88112|5|7|105|811|20260129|00:00|0.00104||||MD||||||||||.02031|.01235
RD|I|40|143|1127|88112|5|7|105|811|20260201|00:00|-0.00757||||2|FX|MD||||||||.02031|.01249
RD|I|40|143|1127|88112|5|7|105|811|20260204|00:00|-0.00229||||MD||||||||||.02031|.01236
RD|I|40|143|1127|88112|5|7|105|811|20260207|00:00|-0.00764||||MD||||||||||.02031|.01249
RD|I|40|143|1127|88112|5|7|105|811|20260210|00:00|0.00078||||2|MD|||||||||.02031|.01235
RD|I|40|143|1127|88112|5|7|105|811|20260213|00:00|0.00147||||FX|MD|||||||||.02031|.01235
RD|I|40|143|1127|88112|5|7|105|811|20260216|00:00|-0.00036||||MD||||||||||.02031|.01235
RD|I|40|143|1127|88112|5|7|105|811|20260219|00:00|0.00212||||MD||||||||||.02031|.01236
RD|I|40|143|1127|88112|5|7|105|811|20260222|00:00|-0.00042||||2|MD|||||||||.02031|.01235
RD|I|40|143|1127|88112|5|7|105|811|20260225|00:00|-0.00117||||MD||||||||||.02031|.01235
RD|I|40|143|1127|88112|5|7|105|811|20260228|00:00|-0.00952||||2|MD|||||||||.02031|.01257
RD|I|40|143|1127|88112|5|7|105|811|20260303|00:00|-0.00233||||FX|MD|||||||||.02031|.01236
RD|I|40|143|1127|88112|5|7|105|811|20260306|00:00||AG||||||||||||||
RD|I|40|143|1127|88112|5|7|105|811|20260309|00:00|0.00218||||2|MD|||||||||.02031|.01236
RD|I|40|143|1127|88112|5|7|105|811|20260312|00:00|0.00280||||MD||||||||||.02031|.01237
RD|I|40|143|1127|88112|5|7|105|811|20260315|00:00|0.00254||||2|MD|||||||||.02031|.01236
RD|I|40|143|1127|88112|5|7|105|811|20260318|00:00|0.00022||||MD||||||||||.02031|.01235
RD|I|40|143|1127|88112|5|7|105|811|20260321|00:00|-0.00074||||2|MD|||||||||.02031|.01235
RD|I|40|143|1127|88112|5|7|105|811|20260324|00:00|0.00220||||MD||||||||||.02031|.01236
RD|I|40|143|1127|88112|5|7|105|811|20260327|00:00|-0.00138||||MD||||||||||.02031|.01235
RD|I|40|143|1127|88112|5|7|105|811|20260330|00:00|0.00316||||2|MD|||||||||.02031|.01237
RD|I|40|143|1127|88128|5|7|105|811|20260102|00:00||AF||||||||||||||
RD|I|40|143|1127|88128|5|7|105|811|20260103|00:00|0.00191||||2|MD|||||||||.00959|.00585
RD|I|40|143|1127|88128|5|7|105|811|20260105|00:00|0.00003||||2|MD|||||||||.00959|.00583
RD|I|40|143|1127|88128|5|7|105|811|20260108|00:00|0.00014||||MD||||||||||.00959|.00583
RD|I|40|143|1127|88128|5|7|105|811|20260111|00:00|0.00378||||MD||||||||||.00959|.0059
RD|I|40|143|1127|88128|5|7|105|811|20260114|00:00|-0.00093||||2|MD|||||||||.00959|.00583
RD|I|40|143|1127|88128|5|7|105|811|20260117|00:00|-0.00154||||MD||||||||||.00959|.00584
RD|I|40|143|1127|88128|5|7|105|811|20260120|00:00|-0.00060||||2|MD|||||||||.00959|.00583
RD|I|40|143|1127|88128|5|7|105|811|20260123|00:00|0.00584||||MD||||||||||.00959|.00601
RD|I|40|143|1127|88128|5|7|105|811|20260126|00:00|0.00195||||2|MD|||||||||.00959|.00585
RD|I|40|143|1127|88128|5|7|105|811|20260129|00:00|0.00873||||MD||||||||||.00959|.00622
RD|I|40|143|1127|88128|5|7|105|811|20260201|00:00|0.00034||||2|FX|MD||||||||.00959|.00583
RD|I|40|143|1127|88128|5|7|105|811|20260204|00:00|-0.00242||||MD||||||||||.00959|.00586
RD|I|40|143|1127|88128|5|7|105|811|20260207|00:00|0.00070||||MD||||||||||.00959|.00583
RD|I|40|143|1127|88128|5|7|105|811|20260210|00:00|0.00158||||2|MD|||||||||.00959|.00584
RD|I|40|143|1127|88128|5|7|105|811|20260213|00:00|0.00206||||FX|MD|||||||||.00959|.00585
RD|I|40|143|1127|88128|5|7|105|811|20260216|00:00|0.00344||||MD||||||||||.00959|.00589
RD|I|40|143|1127|88128|5|7|105|811|20260219|00:00|0.00213||||MD||||||||||.00959|.00585
RD|I|40|143|1127|88128|5|7|105|811|20260222|00:00|-0.00251||||2|MD|||||||||.00959|.00586
RD|I|40|143|1127|88128|5|7|105|811|20260225|00:00|0.00174||||MD||||||||||.00959|.00584
RD|I|40|143|1127|88128|5|7|105|811|20260228|00:00|0.00236||||2|MD|||||||||.00959|.00586
RD|I|40|143|1127|88128|5|7|105|811|20260303|00:00|0.00189||||FX|MD|||||||||.00959|.00585
RD|I|40|143|1127|88128|5|7|105|811|20260306|00:00||AG||||||||||||||
RD|I|40|143|1127|88128|5|7|105|811|20260309|00:00|0.00187||||2|MD|||||||||.00959|.00585
RD|I|40|143|1127|88128|5|7|105|811|20260312|00:00|0.00375||||MD||||||||||.00959|.0059
RD|I|40|143|1127|88128|5|7|105|811|20260315|00:00|-0.00135||||2|MD|||||||||.00959|.00584
RD|I|40|143|1127|88128|5|7|105|811|20260318|00:00|0.00329||||MD||||||||||.00959|.00589
RD|I|40|143|1127|88128|5|7|105|811|20260321|00:00|0.00009||||2|MD|||||||||.00959|.00583
RD|I|40|143|1127|88128|5|7|105|811|20260324|00:00|-0.00044||||MD||||||||||.00959|.00583
RD|I|40|143|1127|88128|5|7|105|811|20260327|00:00|0.00440||||MD||||||||||.00959|.00593
RD|I|40|143|1127|88128|5|7|105|811|20260330|00:00|0.00219||||2|MD|||||||||.00959|.00585
RD|I|40|143|1127|88132|5|7|105|811|20260102|00:00||AF||||||||||||||
RD|I|40|143|1127|88132|5|7|105|811|20260103|00:00|0.00347||||2||||||||||.00175|.00137
RD|I|40|143|1127|88132|5|7|105|811|20260105|00:00|0.00168||||2|MD|||||||||.00175|.00115
RD|I|40|143|1127|88132|5|7|105|811|20260108|00:00|0.00053||||MD||||||||||.00175|.00107
RD|I|40|143|1127|88132|5|7|105|811|20260111|00:00|0.00044||||MD||||||||||.00181|.00111
RD|I|40|143|1127|88132|5|7|105|811|20260114|00:00|0.00094||||2|MD|||||||||.00181|.00113
RD|I|40|143|1127|88132|5|7|105|811|20260117|00:00|-0.00175||||MD||||||||||.00175|.00115
RD|I|40|143|1127|88132|5|7|105|811|20260120|00:00|0.00203||||2||||||||||.00181|.00121
RD|I|40|143|1127|88132|5|7|105|811|20260123|00:00|0.00117||||MD||||||||||.00175|.0011
RD|I|40|143|1127|88132|5|7|105|811|20260126|00:00|0.00082||||2|MD|||||||||.00175|.00109
RD|I|40|143|1127|88132|5|7|105|811|20260129|00:00|0.00192||||||||||||||.00181|.0012
RD|I|40|143|1127|88132|5|7|105|811|20260201|00:00|-0.00048||||2|FX|MD||||||||.00247|.0015
RD|I|40|143|1127|88132|5|7|105|811|20260204|00:00|0.00061||||MD||||||||||.00247|.00151
RD|I|40|143|1127|88132|5|7|105|811|20260207|00:00|0.00110||||MD||||||||||.00247|.00152
RD|I|40|143|1127|88132|5|7|105|811|20260210|00:00|0.00442||||2||||||||||.00247|.00186
RD|I|40|143|1127|88132|5|7|105|811|20260213|00:00|0.00252||||FX||||||||||.00175|.00124
RD|I|40|143|1127|88132|5|7|105|811|20260216|00:00|0.00066||||MD||||||||||.00175|.00108
RD|I|40|143|1127|88132|5|7|105|811|20260219|00:00|0.00133||||MD||||||||||.00175|.00112
RD|I|40|143|1127|88132|5|7|105|811|20260222|00:00|-0.00052||||2|MD|||||||||.00175|.00107
RD|I|40|143|1127|88132|5|7|105|811|20260225|00:00|0.00361||||||||||||||.00247|.00175
RD|I|40|143|1127|88132|5|7|105|811|20260228|00:00|0.00244||||2|MD|||||||||.00247|.00162
RD|I|40|143|1127|88132|5|7|105|811|20260303|00:00|0.00030||||FX|MD|||||||||.00175|.00107
RD|I|40|143|1127|88132|5|7|105|811|20260306|00:00||AG||||||||||||||
RD|I|40|143|1127|88132|5|7|105|811|20260309|00:00|0.00149||||2|MD|||||||||.00175|.00113
RD|I|40|143|1127|88132|5|7|105|811|20260312|00:00|0.00263||||||||||||||.00175|.00125
RD|I|40|143|1127|88132|5|7|105|811|20260315|00:00|0.00182||||2||||||||||.00175|.00116
RD|I|40|143|1127|88132|5|7|105|811|20260318|00:00|0.00435||||||||||||||.00175|.00152
RD|I|40|143|1127|88132|5|7|105|811|20260321|00:00|0.00487||||2||||||||||.00175|.00162
RD|I|40|143|1127|88132|5|7|105|811|20260324|00:00|0.00194||||||||||||||.00175|.00117
RD|I|40|143|1127|88132|5|7|105|811|20260327|00:00|0.00054||||MD||||||||||.00175|.00107
RD|I|40|143|1127|88132|5|7|105|811|20260330|00:00|0.00189||||2||||||||||.00175|.00117
RD|I|40|143|1127|88136|5|7|105|811|20260102|00:00||AF||||||||||||||
RD|I|40|143|1127|88136|5|7|105|811|20260103|00:00|-0.00241||||2|MD|||||||||.00286|.00184
RD|I|40|143|1127|88136|5|7|105|811|20260105|00:00|-0.00244||||2|MD|||||||||.00286|.00184
RD|I|40|143|1127|88136|5|7|105|811|20260108|00:00|0.00112||||MD||||||||||.00286|.00176
RD|I|40|143|1127|88136|5|7|105|811|20260111|00:00|-0.00073||||MD||||||||||.00263|.00161
RD|I|40|143|1127|88136|5|7|105|811|20260114|00:00|0.00174||||2|MD|||||||||.00263|.00166
RD|I|40|143|1127|88136|5|7|105|811|20260117|00:00|0.00169||||MD||||||||||.00286|.00179
RD|I|40|143|1127|88136|5|7|105|811|20260120|00:00|-0.00154||||2|MD|||||||||.00263|.00164
RD|I|40|143|1127|88136|5|7|105|811|20260123|00:00|-0.00041||||MD||||||||||.00286|.00174
RD|I|40|143|1127|88136|5|7|105|811|20260126|00:00|-0.00088||||2|MD|||||||||.00286|.00175
RD|I|40|143|1127|88136|5|7|105|811|20260129|00:00|-0.00096||||MD||||||||||.00263|.00162
RD|I|40|143|1127|88136|5|7|105|811|20260201|00:00|-0.00102||||2|FX|MD||||||||.00237|.00146
RD|I|40|143|1127|88136|5|7|105|811|20260204|00:00|-0.00043||||MD||||||||||.00237|.00145
RD|I|40|143|1127|88136|5|7|105|811|20260207|00:00|0.00061||||MD||||||||||.00237|.00145
RD|I|40|143|1127|88136|5|7|105|811|20260210|00:00|0.00045||||2|MD|||||||||.00237|.00145
RD|I|40|143|1127|88136|5|7|105|811|20260213|00:00|-0.00050||||FX|MD|||||||||.00237|.00145
RD|I|40|143|1127|88136|5|7|105|811|20260216|00:00|0.00066||||MD||||||||||.00237|.00145
RD|I|40|143|1127|88136|5|7|105|811|20260219|00:00|-0.00085||||MD||||||||||.00237|.00146
RD|I|40|143|1127|88136|5|7|105|811|20260222|00:00|0.00068||||2|MD|||||||||.00237|.00145
RD|I|40|143|1127|88136|5|7|105|811|20260225|00:00|-0.00088||||MD||||||||||.00237|.00146
RD|I|40|143|1127|88136|5|7|105|811|20260228|00:00|0.00010||||2|MD|||||||||.00237|.00144
RD|I|40|143|1127|88136|5|7|105|811|20260303|00:00|0.00110||||FX|MD|||||||||.00241|.00149
RD|I|40|143|1127|88136|5|7|105|811|20260306|00:00||AG||||||||||||||
RD|I|40|143|1127|88136|5|7|105|811|20260309|00:00|-0.00075||||2|MD|||||||||.00237|.00145
RD|I|40|143|1127|88136|5|7|105|811|20260312|00:00|0.00129||||MD||||||||||.00241|.0015
RD|I|40|143|1127|88136|5|7|105|811|20260315|00:00|0.00066||||2|MD|||||||||.00241|.00147
RD|I|40|143|1127|88136|5|7|105|811|20260318|00:00|0.00117||||MD||||||||||.00241|.00149
RD|I|40|143|1127|88136|5|7|105|811|20260321|00:00|-0.00039||||2|MD|||||||||.00241|.00147
RD|I|40|143|1127|88136|5|7|105|811|20260324|00:00|-0.00002||||MD||||||||||.00241|.00146
RD|I|40|143|1127|88136|5|7|105|811|20260327|00:00|-0.00027||||MD||||||||||.00288|.00175
RD|I|40|143|1127|88136|5|7|105|811|20260330|00:00|0.00178||||2|MD|||||||||.00288|.00181
# 1574 records were written
